timestamp,rpm,load_pct,fuel_consumption_lph,coolant_temp_c,oil_pressure_bar,exhaust_temp_c,exhaust_temp_dev_c,vibration_mm_s,voltage_v,current_a,frequency_hz,anomaly_label,anomaly_type
2026-01-01 00:00:00,1493.3248518721455,60.993428306022466,51.54180238074933,83.6552890115416,4.7183199876724755,515.9322807916402,7.597466753029276,2.9185344561117024,402.4255673867825,494.52915063577734,49.77896659198872,0,NORMAL
2026-01-01 00:01:00,1493.6152197539939,60.7168997036801,50.13322720893607,84.37671563281978,4.759730362997583,518.094730495696,13.008561646524456,2.367794779934865,398.8443628012932,471.1918939070382,49.813006214096596,0,NORMAL
2026-01-01 00:02:00,1496.3838142883092,62.01227677988148,53.078183619792355,84.20441925334985,4.836173774518598,522.9498491780272,3.929407536891941,2.953444930511655,401.71504229530876,489.984462845361,49.830394179451105,0,NORMAL
2026-01-01 00:03:00,1497.9037058735676,65.05833649269753,54.778512565953115,84.00114561411851,4.95598828876831,513.614334724924,9.202656710761813,2.3692188825712943,400.2772879810905,515.888530459788,49.85988268192254,0,NORMAL
2026-01-01 00:04:00,1491.5869843658993,64.59002974325085,53.07844931735929,85.08638336589367,4.908806166483139,534.3059699068206,5.653375343361311,2.340492170950044,400.37829228135143,512.6216628316698,49.72492654363198,0,NORMAL
2026-01-01 00:05:00,1496.1761884818263,64.1217558293525,54.180540704816856,83.85223577390302,4.661413590095074,527.4576836864965,9.941183377250553,2.4508617948407054,397.0445371279729,514.6553613907495,49.85659729828614,0,NORMAL
2026-01-01 00:06:00,1495.4914679948918,67.28018146036729,55.74301656252114,84.39033849998573,4.733308905140234,529.1280212656993,9.924350720171473,2.898618408261057,396.6956299701914,539.6916406982078,49.881037333452426,0,NORMAL
2026-01-01 00:07:00,1499.0136653726822,68.8150509186731,55.00841840584275,84.43550790295245,4.9412538793718985,533.3560087058967,11.252878991631922,2.5789263432368554,399.66915108959904,552.4903602102598,49.96312675645628,0,NORMAL
2026-01-01 00:08:00,1495.6547359472138,67.87610214680319,54.87173237351056,85.06634196892855,4.725563877361922,534.2258266932428,7.557663060898444,2.7478424191558606,400.3703590951249,545.9892246450879,49.86541163186886,0,NORMAL
2026-01-01 00:09:00,1496.9737335226869,68.96122223397512,57.51501478527465,84.86049780673997,4.797098627524183,528.376860952808,7.273279603656486,2.704339606743192,398.3122032583934,546.9392550260727,49.81795532425917,0,NORMAL
2026-01-01 00:10:00,1496.6756369105049,68.0343868483502,56.13004829415216,84.82809835608879,4.632909139416816,555.343027879096,6.670126424235736,2.669451431937438,398.3669598842855,538.184214452765,49.98360974399755,0,NORMAL
2026-01-01 00:11:00,1492.3182815721439,67.10292734120968,54.697453458915184,83.98153779378592,4.935672585675577,549.7217589456673,8.638637844725734,2.9258528919336118,400.8422089447392,538.8050171397167,49.73573061981986,0,NORMAL
2026-01-01 00:12:00,1498.0190440563952,67.58685188434175,54.6936352394324,85.36224444379592,4.601480290538944,541.0709836049555,10.088278482697584,2.8301721070408252,400.8442817206857,537.5436547065018,49.96884748373013,0,NORMAL
2026-01-01 00:13:00,1497.6787347319073,63.76029139502616,52.74078103890027,84.781940236201,4.640080137197319,520.9270357191706,10.30093157014747,2.409022274517786,399.7933884094181,502.2299559333694,49.8808199075526,0,NORMAL
2026-01-01 00:14:00,1498.9544461333492,60.31045573000009,50.741793908122354,84.8625319819072,4.907831066445526,509.11551517562634,12.183621216398254,2.5479904005816683,401.17030258177914,487.34036726270807,49.98054869955584,0,NORMAL
2026-01-01 00:15:00,1506.015299278569,59.18588067151815,49.66556537028164,84.33926678806705,5.005220832195315,514.7312394120532,8.226841680098657,2.940546770721348,398.23869655641977,480.4625549046567,50.135367737776065,0,NORMAL
2026-01-01 00:16:00,1494.399730434833,57.1602184308493,47.55436694612628,84.1522299497958,4.787894292531592,517.639033502992,10.50977967199197,2.63551454214208,399.4660976243695,465.0675518952877,49.83592773974075,0,NORMAL
2026-01-01 00:17:00,1501.8916506803141,57.78871309603985,50.813241144024694,85.26831276853245,4.7899474634430685,496.5565284401721,8.316668169166322,2.2763179381421343,402.4718164086755,463.24474337569234,50.04525631845785,0,NORMAL
2026-01-01 00:18:00,1498.2305719721999,55.972664944997426,49.55423263960989,83.53121377813292,4.920203680415641,484.72846688125776,5.579279740444416,2.272318868974616,400.1024831949097,450.910980039844,49.94247859093677,0,NORMAL
2026-01-01 00:19:00,1499.9450463003407,53.14805754232684,45.615579073589245,83.76410503639022,4.853662680741934,501.4946091340966,10.069391982343216,2.709509637136513,400.1894687718805,432.03380145542434,50.033066911517864,0,NORMAL
2026-01-01 00:20:00,1498.6931044933635,56.079355080169954,48.78392434366564,84.95616624032128,4.763554857255908,478.40635690475034,6.474184902064501,2.7012810142369124,403.45891987895163,445.42776169124244,49.89480980088444,0,NORMAL
2026-01-01 00:21:00,1498.0259668373644,55.62780247919688,47.47444328480336,84.4631979948426,4.762190677964578,484.6120005946626,6.807444458539762,2.3720049097645024,397.90098675122687,450.5758082538454,49.89997430804817,0,NORMAL
2026-01-01 00:22:00,1497.707762365808,55.76285888857273,48.196148109917104,83.91606368628483,4.664998930525805,492.70142718489603,5.745647523203967,2.707154624680596,401.1946455499632,447.47985227929786,49.946458292914606,0,NORMAL
2026-01-01 00:23:00,1500.0763449679168,52.91336251614581,46.40325092981383,84.60980825597376,4.831098012092546,469.59243412846007,7.935337380604326,2.8490120525053078,402.49597941971217,427.87545839087943,50.10745590599123,0,NORMAL
2026-01-01 00:24:00,1496.6007331932376,51.824597067095446,45.66692402453939,84.11348733524731,4.808538571088106,492.50758036290006,7.737827209360043,2.809817738603075,399.5127131102522,415.52724164114323,49.87978698970818,0,NORMAL
2026-01-01 00:25:00,1501.0918698857406,52.046442246515184,48.2308124319854,83.92152550595833,4.777784871969565,490.7316005678541,9.02808712962871,2.8413200298296433,401.28944618028225,422.8528215208614,50.06595246875422,0,NORMAL
2026-01-01 00:26:00,1499.2187201718955,49.744455091670574,44.40634737032615,83.81414561598372,4.723535608124086,468.35766054869384,9.866926666187751,2.6085423059292667,398.52697075418365,399.0732595460723,49.96860876557026,0,NORMAL
2026-01-01 00:27:00,1497.6406910962469,50.49585112836192,44.48924685195023,83.84798545681984,4.73298720553426,489.5316201410442,10.850059588762159,2.469426547457642,398.969901406649,396.5469137295583,50.01846864961271,0,NORMAL
2026-01-01 00:28:00,1499.2410595343035,49.294573748524314,43.814162819617536,83.77611266394953,4.886315438771679,487.02393240387335,10.672141156595718,2.412449721391876,400.57744962407145,401.61622314976813,49.887340901128525,0,NORMAL
2026-01-01 00:29:00,1502.7720611839375,48.71118624893776,45.27048870576441,84.53048888296712,4.897556587181562,469.3574453883815,9.415548460019075,2.4836344847668093,401.1978500096659,384.9518362866415,50.09713309169805,0,NORMAL
2026-01-01 00:30:00,1499.4277752210717,47.507773024478965,41.85256148299444,83.23856968987396,4.8025169905734595,461.7705238099963,11.915293200634542,2.2998730693534166,401.68140476860935,386.32747524705127,49.899648639024285,0,NORMAL
2026-01-01 00:31:00,1500.4744413577198,51.21232939349684,44.964774719662586,83.20612291942662,4.792629584286829,501.8391731546637,9.619434574657683,2.440263549031162,402.35444288040924,409.24742074077307,49.89048613339716,0,NORMAL
2026-01-01 00:32:00,1498.301020459765,51.18533494402097,47.15802380652412,82.62542043263227,4.7621267866859345,486.360290524915,7.263250119218933,2.76687729909973,399.8988301621672,415.36273447815637,49.95824045131472,0,NORMAL
2026-01-01 00:33:00,1501.7018610826253,49.06991308610917,44.68593403966315,83.15434140268438,4.930595176303738,474.3079423310706,5.765835219673228,2.168884929173593,401.7904176327589,398.23314776320717,50.06370359256155,0,NORMAL
2026-01-01 00:34:00,1501.2280148955174,50.71500291031555,45.62092375122544,84.07079697702244,4.821683637425142,491.13796965250054,10.372242888636892,2.199016083964872,399.4865427348263,407.87073815410116,50.02669198296347,0,NORMAL
2026-01-01 00:35:00,1504.0425545445182,48.2733156103735,46.0961358263678,83.56786077364147,4.865432882459897,471.97591098633745,5.401808702949314,2.6488392769874207,401.3531369673824,388.72920147112364,50.129442113648615,0,NORMAL
2026-01-01 00:36:00,1499.910663548925,48.691042800383016,44.460973633178305,82.74936631527993,4.880859686703747,465.3624439421487,6.668990567751773,2.4168758430671353,400.3112331967783,391.64148548902693,50.15193709000106,0,NORMAL
2026-01-01 00:37:00,1502.3829690989912,44.771702552623466,41.15483537021449,82.94474262210315,4.810334985504544,457.5025565390577,8.019305990123502,2.062588420614568,400.6685168606229,348.10449663958235,50.06652354639813,0,NORMAL
2026-01-01 00:38:00,1501.7730689881128,42.115330454826605,39.98712121601962,82.16913779281425,4.740081234159373,457.79019946509044,5.246446892453671,2.408886473280178,400.63526181103305,337.51429473310384,50.08460851766626,0,NORMAL
2026-01-01 00:39:00,1504.0899329784131,42.50905292656485,39.36999944690834,82.23289492286608,4.755728785974086,428.8598295794849,5.425026050302385,2.384266212302927,397.5929424853033,334.4921025321593,50.10386285829975,0,NORMAL
2026-01-01 00:40:00,1499.7651380074715,43.98598608655567,42.64752869194909,82.71492965952763,4.958489960074193,451.07064390855265,5.7951620078117285,2.35364296556729,398.31381721170885,352.74382441117365,50.00693289566775,0,NORMAL
2026-01-01 00:41:00,1502.6242660959674,44.32872264893561,42.17179530689808,82.32491803764847,4.780933207761974,468.9811032570907,10.018789489004762,2.580428431785653,400.1538121597263,348.91506845956883,50.07556385277947,0,NORMAL
2026-01-01 00:42:00,1500.7911201909346,44.09742608415913,42.58286980046637,81.98434709418069,4.819276826141551,449.2223072836218,10.69636383583907,2.174335147083272,397.4690813805382,346.8546489671427,50.00584474889467,0,NORMAL
2026-01-01 00:43:00,1501.172579907187,43.49521869298056,42.31011514433771,82.68463057498502,4.732868334963179,467.6943510297461,9.312858819793718,2.4375492699017243,401.24681665479966,355.986422052614,50.130030923516244,0,NORMAL
2026-01-01 00:44:00,1502.0758700264478,40.5381747122457,38.90869404641988,82.30632026981235,4.732266942711112,456.03104968645806,7.800099166385591,2.3631872481999694,401.30733394943223,329.65263463858656,50.12805491570747,0,NORMAL
2026-01-01 00:45:00,1502.6847835337621,39.09848629545628,37.51433892526488,81.46334646315954,4.793816571033936,436.18941087920746,6.918927665077264,2.3985499085369035,400.4907558293167,312.7671774389295,50.096330116828696,0,NORMAL
2026-01-01 00:46:00,1502.1321001630488,38.1772087535367,37.85461214081397,81.10698506434593,5.046701017137527,427.9348375884884,6.342868002610269,2.0353348559080233,398.3182989808631,306.34151327953873,49.955859408637764,0,NORMAL
2026-01-01 00:47:00,1502.3711357251461,40.291453205974534,38.302110852796176,81.78551652130362,4.93009340869317,438.1464974794145,4.4135659016100695,2.2983847544317437,402.0702084083028,321.09204551908124,50.06098739634224,0,NORMAL
2026-01-01 00:48:00,1504.960498158102,40.978689785111456,39.7521707464759,81.21443526737444,4.823032407510149,470.07155916790447,10.68669834916724,2.41374073605856,403.05581595957756,330.6789001607893,50.300501316823656,0,NORMAL
2026-01-01 00:49:00,1504.4803774763532,37.452609474385994,38.60366256546629,80.98107621137427,4.988666155227714,449.8283776296834,6.393227165964633,2.482758022003439,400.22061524116896,296.2406039623439,50.13781283254646,0,NORMAL
2026-01-01 00:50:00,1504.1181537023588,38.10077741317558,37.692326801856176,82.39989998316798,4.836772113006996,434.6066306641819,11.653060367189077,2.750287075214256,400.76580306767687,309.7749206197444,50.19243266868131,0,NORMAL
2026-01-01 00:51:00,1501.6227983774836,37.33061285234295,37.54836280131351,81.70426331422769,5.00134873841463,424.57560946699624,10.612851206965182,2.5344958062712335,400.30260798219405,297.37946861367305,50.12619039934708,0,NORMAL
2026-01-01 00:52:00,1501.026164573197,35.97676885173103,36.49221569481525,81.5302430948822,5.090568173141977,427.08910133687124,5.431085524259639,2.4519987286439937,400.7955537834982,285.7149158346921,50.045153681566035,0,NORMAL
2026-01-01 00:53:00,1504.470576830593,37.20012142941277,38.122800430085356,81.49693577797306,4.972877458367158,432.63869426911236,9.233288862816618,2.6262961727502034,399.8206618650604,297.70953652772636,50.106928146093026,0,NORMAL
2026-01-01 00:54:00,1503.8996694901787,39.26212047440467,37.88948989035451,80.9757577614416,4.889939940293425,424.98383428432277,8.219630637212646,2.3318567154354,399.9481536402343,311.1412296456093,50.008223366416814,0,NORMAL
2026-01-01 00:55:00,1504.7204052089746,41.124680712637065,37.47836216593914,81.7253122708673,4.93542474193429,444.7367951863823,6.958104311550017,2.7220324398533418,401.3585764007461,330.6408574485789,50.1915550007296,0,NORMAL
2026-01-01 00:56:00,1500.9027896148232,39.446245666191786,39.13861625909045,81.41468930535646,4.8732133358210925,451.28590307978857,6.775121187197608,2.618317014674341,403.51843624284464,312.8831523829673,49.98935518701959,0,NORMAL
2026-01-01 00:57:00,1501.7753385063816,38.827820914489365,39.28452697000161,81.05811803080121,4.695237802986472,417.90380638854805,12.191008990954517,2.299102651016401,397.8998931483974,312.9651853300091,50.0679854728071,0,NORMAL
2026-01-01 00:58:00,1498.82296211949,39.49034777729649,39.14058291113643,81.0992335266339,4.812552788046118,446.4820568719102,9.896022336560183,2.7796945129196233,399.84428127339555,322.0028149129293,49.89827438700353,0,NORMAL
2026-01-01 00:59:00,1500.9267701815702,41.44143803154121,39.22463232345671,80.77704027363056,4.789300034962067,458.793012810942,12.42095659110882,2.5038014432967475,398.22930927215185,327.9348958182888,50.01763046236216,0,NORMAL
2026-01-01 01:00:00,1503.8965231099887,40.483089555850626,38.1548416353243,81.16675485426694,4.808985798731574,436.08523999453354,5.221510816114114,2.8434246907708536,402.3880373478641,323.21183916032913,50.13157005641134,0,NORMAL
2026-01-01 01:01:00,1501.0446549210392,40.11177160252299,39.56156049329412,81.22691048297933,5.054828933604358,457.332958190741,5.282771871050224,2.461754166881891,399.1183930460202,323.20082638536104,50.04825150975352,0,NORMAL
2026-01-01 01:02:00,1503.7011392594993,37.899101654510936,37.88093994564124,81.08723312517711,4.990470311781923,425.7434851663048,7.391184354662416,2.266605044642982,397.8351988093213,301.01352646118045,50.067630199282355,0,NORMAL
2026-01-01 01:03:00,1502.5176561067344,35.506688406349596,36.17822041615143,81.26700011036498,4.918748477936865,428.68423604082767,7.419063528059942,2.201559555392815,400.95728049827284,286.3751100549301,50.143767417662545,0,NORMAL
2026-01-01 01:04:00,1503.2217660462154,37.131740051137996,39.10150737367659,81.15638938737753,4.958106507297585,426.8933633323467,4.438160928662448,2.300168709564792,402.61646667211465,299.83091471236264,50.07754746230391,0,NORMAL
2026-01-01 01:05:00,1499.7357731987126,39.84422010827964,37.95973197078645,81.29672434502547,4.684854164508905,436.38480680735273,9.00798096480036,2.2841832126768633,400.9953968028411,324.1700697477087,49.907468966934424,0,NORMAL
2026-01-01 01:06:00,1502.230378926244,39.700199865118975,40.595156940198855,81.63811858187437,4.940055999671466,432.77770883033594,7.12172987199379,2.6512797100429286,400.30719681592285,314.57164869052724,50.06889479320996,0,NORMAL
2026-01-01 01:07:00,1495.676274926018,41.70726566090302,40.056143301412455,81.46891989591498,4.964584033701918,452.9611846217807,10.52248946667167,2.41127780769898,400.613711384164,328.9442490860718,49.85759459631859,0,NORMAL
2026-01-01 01:08:00,1501.1401001414763,42.43053771099829,38.62275214972809,81.66222697707188,4.642780741689834,456.9949365658085,11.43425931333851,2.101500842597501,402.12226099423833,337.9064147401676,50.046032809707796,0,NORMAL
2026-01-01 01:09:00,1498.510993872212,41.14029820178804,39.50497626675369,80.76016049502645,4.961320465477411,443.34682171048627,6.498695166969759,2.454003845192218,398.6887010949788,324.28362391656884,50.01847308259132,0,NORMAL
2026-01-01 01:10:00,1504.0393711505328,41.86308941280487,41.077349724282364,80.93593186054882,4.7388739985223145,432.92113080809435,11.23175618396707,2.443733502750106,399.83222934387055,337.7272063226764,50.12282326318097,0,NORMAL
2026-01-01 01:11:00,1502.5669821963816,44.93916254573681,41.59844249463712,81.5528567512732,4.671942329329933,461.3187705764227,9.44992850465791,2.355670101223566,399.3209647772357,353.7045438650124,50.07958509199428,0,NORMAL
2026-01-01 01:12:00,1501.9598398704288,44.8675104675169,40.445727739271746,81.59456963097529,5.000740429066452,461.2564302304161,8.809904676730357,2.5021935090720233,398.24820203906245,370.60516583139866,50.0101687766193,0,NORMAL
2026-01-01 01:13:00,1503.44265289849,47.99679777914491,43.633564135690776,80.9806495662974,4.779682103912818,465.8216421131429,11.069322368517481,2.4711460911656693,399.5074371108748,390.45402154102806,50.15578277176073,0,NORMAL
2026-01-01 01:14:00,1499.5507054441573,42.75730757096542,39.797212168687544,81.63183379103484,4.795768650240865,468.32288937018706,5.85347588644741,2.5543261491849676,401.66158164397365,342.12133941572495,49.99423896800915,0,NORMAL
2026-01-01 01:15:00,1504.614503879888,44.40111257971587,42.13248194891749,80.87596870789056,4.981441080117923,439.76460137999896,12.464250744659928,2.559006913533803,400.8499032225891,359.5458731027168,50.132815409631554,0,NORMAL
2026-01-01 01:16:00,1502.9493417852823,44.57520671619221,42.51852384578294,81.61023363521495,4.837271500070461,433.840386404137,9.379766938642385,2.5187326384417363,400.9664657501623,348.41764440798374,50.003077658169474,0,NORMAL
2026-01-01 01:17:00,1500.73145102251,43.97719201526048,40.33004480140818,81.37127567883742,4.854557949050343,446.61182305643496,10.836527984870795,2.180000739398592,400.21971341747997,364.4344027790816,50.096602310503094,0,NORMAL
2026-01-01 01:18:00,1503.4390975806996,44.16071356833148,40.79062408588324,80.70774947339747,4.8656363198882575,461.66674283007467,10.05576969098083,2.865410481311777,400.78498567409287,350.3346354856494,50.053252587800515,0,NORMAL
2026-01-01 01:19:00,1499.7502978273508,40.185575739129696,39.86798790858475,81.15880567557963,4.911583763585885,430.0910687126155,9.682195210310809,2.090658616724835,398.79911448647783,320.88211884354075,49.96211269377654,0,NORMAL
2026-01-01 01:20:00,1500.4017252842539,39.746231963454676,37.98889489977384,82.44015184935866,4.828563521373759,429.3021026868306,5.5759096295833475,2.371720484271529,399.53573517110914,308.6901892716952,50.031308068362264,0,NORMAL
2026-01-01 01:21:00,1500.690729132225,40.46045710647817,38.19411612805891,81.43227039356425,4.882767199564626,451.12181323445515,9.099272746687479,2.185717900795021,400.28800635545304,326.1150933755298,49.96319640797667,0,NORMAL
2026-01-01 01:22:00,1500.2587955446797,43.416245195961196,39.87105598578046,82.49286491590907,4.799786889140548,456.5823374138417,6.859795006117712,2.5134300842916373,400.4162737883228,341.79824078230405,49.93395102924333,0,NORMAL
2026-01-01 01:23:00,1499.4109437625966,42.379704759413904,40.77986146860646,80.62160368261893,4.922749885335557,452.0995757542326,5.813448724359702,2.4514781925556006,400.4802817823828,339.5459168831414,49.87416741295152,0,NORMAL
2026-01-01 01:24:00,1504.2936226234651,40.762717553627525,39.766788251693974,81.70410215741889,4.897302260042079,450.4838006323516,11.253897736572803,2.3738739586122333,399.79249707697545,323.38036826439753,50.17917060176079,0,NORMAL
2026-01-01 01:25:00,1501.5304505059687,39.75920346645846,38.17147604949603,80.03794814529249,5.0890296208625685,434.90528259987576,5.976174984240666,2.701146591452155,399.4338648983045,312.68490805701595,50.02375570462931,0,NORMAL
2026-01-01 01:26:00,1502.3870083963413,41.5900077018626,39.9590900172458,81.3006877281906,4.835861150468818,441.7751862159372,12.189751030018284,2.6375992604540492,404.73665692456643,328.69825410608775,50.225930451168374,0,NORMAL
2026-01-01 01:27:00,1500.4097952829363,42.24750992118197,41.87563833686431,81.61876409218259,4.84920816637585,455.96407744975113,9.952801455580175,2.3570520305935134,401.3601809093986,339.1090195398834,49.963942089483005,0,NORMAL
2026-01-01 01:28:00,1498.1211954961734,41.18798951364789,38.73873355127051,81.71401734019881,4.889602085789728,430.70909548995564,5.910324402112066,2.57270682351973,400.6197212139289,323.096461244839,49.89130063203433,0,NORMAL
2026-01-01 01:29:00,1502.097209840808,42.214524379874604,38.37697201891431,80.89783732492648,4.978486817932942,426.3236368655757,9.50490248735059,2.7350812953664367,399.6501872526904,333.97213668387894,50.041637346179336,0,NORMAL
2026-01-01 01:30:00,1497.6937541534464,42.40867947857069,40.900283262862786,81.82114499554432,4.754418584771393,444.09753643871886,7.364440833522593,2.6443558026942995,399.32317175958417,342.5858027348879,49.935281871205135,0,NORMAL
2026-01-01 01:31:00,1500.9935380159018,44.345969459636464,41.49718051188029,81.0573911440896,4.889209829295715,464.5196259993846,8.722483721417658,2.4162159775028638,399.80379910940957,367.7801550514633,50.00960776692413,0,NORMAL
2026-01-01 01:32:00,1498.674997267958,42.94186327188176,40.05509287631396,81.24976560233274,4.6242220843478385,452.8521184414542,10.204502485885595,2.1113584524329143,400.43924326538,345.92285027281906,49.98644985296539,0,NORMAL
2026-01-01 01:33:00,1505.5172442027244,42.286538978686224,41.024003624566646,81.1158749124182,4.850529310079397,456.57580146663196,4.511589820267817,2.487794970770834,397.17934668390535,333.70600361860335,50.134978720591384,0,NORMAL
2026-01-01 01:34:00,1503.522260909865,41.502322672421904,40.74061874812193,80.75741374103012,4.992124428189334,425.095186249245,9.507221897513066,2.5487452938030173,397.645915606938,330.1830105290137,50.04832911107233,0,NORMAL
2026-01-01 01:35:00,1502.4964490273114,38.57529277615767,35.936897645814504,82.07561595441321,4.785873437277004,438.16849279978675,10.75564699049093,2.2318295477048724,399.0446764165916,308.76028724002424,49.9933042306066,0,NORMAL
2026-01-01 01:36:00,1504.693906689252,39.167533330286815,37.8479220888406,81.28790883287688,4.891925584870993,443.6250117024276,11.01114885723695,2.3961843867144763,400.31070915516784,311.593141889116,50.04528484791154,0,NORMAL
2026-01-01 01:37:00,1500.369439270139,39.6896438746466,41.13130255598481,81.78750076837116,4.811359427194216,425.40577933515624,10.201249536180397,2.380318876993261,399.64109027927225,322.03244183085746,49.98641119136422,0,NORMAL
2026-01-01 01:38:00,1503.146984599754,39.699870787931516,39.403327388557095,81.74753568439363,4.779109066538759,447.5701236632258,7.416370614020501,2.674540835040364,402.21718183914925,318.68633371852326,50.08985047103881,0,NORMAL
2026-01-01 01:39:00,1502.5534815632013,39.23069652118123,39.21452155100589,80.7192094084184,4.982764411658442,436.19224885907636,4.77086707339642,2.76307020032983,397.77640481950635,318.3848340939992,50.05354420073255,0,NORMAL
2026-01-01 01:40:00,1503.2480491552512,36.399955037080396,38.01286730087972,81.76323862904611,4.760209358434513,458.11320964584144,8.357721068626189,2.5990424444309443,398.87298179559497,289.627421345155,50.1704385950344,0,NORMAL
2026-01-01 01:41:00,1505.4329741219035,35.55866439154968,36.35226746012954,81.35383123110121,4.902219904764285,402.6829646814565,13.216703464512292,2.3384755072802745,402.2801376114867,291.0968162310037,50.24250064787719,0,NORMAL
2026-01-01 01:42:00,1504.4903371338603,34.87323535849614,36.72062537518931,80.52541220169094,4.920326918042797,435.747467431484,7.023546641935294,2.5782756029745246,400.1966789870127,278.1534549465614,50.132937755089785,0,NORMAL
2026-01-01 01:43:00,1503.9237111616396,33.2686808200529,35.679270535868945,81.20212156422014,4.790777617011734,412.4988019049244,9.26900229215246,2.4624444493665827,401.3272638742017,261.29349721473324,50.04109431639505,0,NORMAL
2026-01-01 01:44:00,1500.1010032481993,32.946109396720885,35.306707134785285,80.39932687332023,4.907581988229357,399.1398657441227,5.607370886622161,2.314481178690861,403.0768704149042,274.45547707897816,49.975031519537225,0,NORMAL
2026-01-01 01:45:00,1501.3290651873713,33.75421111034996,34.93051469559257,81.65930445114597,4.773319127230283,412.8701874505749,9.145383863295951,2.7560201689041595,398.95929337314726,260.90880014799404,50.01431110321652,0,NORMAL
2026-01-01 01:46:00,1502.2492655502542,37.52658291277102,37.68800867002887,81.2483061412783,4.92721306466535,434.11783260807323,5.92676579108009,2.2276621411512103,399.85102849331196,296.5189696756435,50.04211877022791,0,NORMAL
2026-01-01 01:47:00,1502.6115970408664,37.875738538434696,37.13708155875403,80.79550485862734,4.752595331363164,442.93975158017184,8.992616790307505,2.4995391805062552,399.5913596486037,299.8707690483256,50.05216728950063,0,NORMAL
2026-01-01 01:48:00,1500.061424686676,38.39083931988023,38.04731789649463,81.45880328787739,4.8368633839232675,451.58758050090256,10.087576135486756,2.551820522309587,397.06811049327507,319.66824592432465,49.969374344769626,0,NORMAL
2026-01-01 01:49:00,1507.1749638534873,38.24194748834789,36.77667760090947,80.0295903589505,4.8741310268552,448.0657470962611,7.749887618116741,2.324919706978732,399.534404794366,314.9698743275157,50.21983838098802,0,NORMAL
2026-01-01 01:50:00,1506.1519070989573,34.404405057749806,34.85201904337693,80.40331185748484,5.00322929667137,410.7615974950794,6.3248600509569926,2.4558716881533664,401.321593281071,282.70488118020944,50.173286515024465,0,NORMAL
2026-01-01 01:51:00,1504.3339611794147,34.351377306851376,35.32851434218589,80.61140924801803,4.901776122210828,431.531467496641,7.115205138727865,2.532613223112743,400.8108843127184,273.15772514292934,50.15488149807843,0,NORMAL
2026-01-01 01:52:00,1503.2497061772208,34.471837726733426,34.73939720460998,81.81887138508931,4.95912392130942,424.56428161477567,9.680563471110531,2.393645261372917,400.928624754082,287.9055918330763,50.126341975035935,0,NORMAL
2026-01-01 01:53:00,1501.695917669857,39.398321951704,38.13397590027722,80.17926007525806,4.951883903343827,431.3480966216741,8.437542845623968,2.4884823321855962,399.43673652904073,317.02833563283684,50.010998334636106,0,NORMAL
2026-01-01 01:54:00,1500.2934430755272,39.01360002214175,38.24423403652954,79.86972614947607,4.957435777100055,434.42849414272126,11.976516561803003,2.4112222248112216,399.0158541459915,316.99511702864964,50.07333470215126,0,NORMAL
2026-01-01 01:55:00,1502.231622095676,39.61669470680898,39.17227916874977,80.01532964216821,4.866500088133629,431.5600048793842,8.053506096465618,2.555670969373432,401.9038835078479,317.83203456000285,50.02538428809717,0,NORMAL
2026-01-01 01:56:00,1502.6060508468058,39.54727116739849,39.677620002292,81.20318825656744,4.97802682322114,438.78637250525924,7.208845688612796,2.3496769778352236,399.2540242804635,316.1308364825717,50.005978330869425,0,NORMAL
2026-01-01 01:57:00,1500.0744958306047,37.20991509215943,36.86216468391754,80.44210305649945,4.855540897939811,422.9381239996168,6.682823511891242,2.309739594243023,400.4411230581898,296.4204273676435,50.021522097921746,0,NORMAL
2026-01-01 01:58:00,1502.7692406902518,39.49556072118947,40.03244104998231,80.67160431974868,4.7135853656120155,427.9545217919888,8.951645030955168,2.399067637981725,400.2450020210163,314.91628580241996,50.05143761628768,0,NORMAL
2026-01-01 01:59:00,1501.489596545038,40.99942678656302,40.53826715056331,81.15829944282528,4.855355294296805,448.28918503079825,9.149640282132522,2.646728042705292,402.1925755243857,331.03787253589456,50.0657177917058,0,NORMAL
2026-01-01 02:00:00,1497.6680867481155,42.58149068064911,41.052988240333406,80.73722993767366,4.930603041710933,455.32252286486823,8.960780479273446,2.0763422770722944,401.4571185365085,342.48792443906984,49.802086128215485,0,NORMAL
2026-01-01 02:01:00,1500.126686824229,40.76271577105963,39.6112785919324,80.937585709067,4.720585713947379,440.7935351977926,9.585906625135546,2.225753294368433,398.05711206899934,325.94436931745867,50.07384569121512,0,NORMAL
2026-01-01 02:02:00,1500.4591280545703,43.56830439293183,41.46010347762764,81.14827642614478,4.788524235605066,466.1655784146211,10.868699388078245,2.8908370535864067,398.21867024983743,356.09405510694893,50.048918938887695,0,NORMAL
2026-01-01 02:03:00,1505.6224548612108,40.76460226734727,40.645812511074745,80.68043268531073,4.76333250227605,440.0718020707643,4.526551889484044,2.4626837060283324,400.8683647271037,311.2830527950745,50.112391334582206,0,NORMAL
2026-01-01 02:04:00,1502.7254429580778,41.93831645494781,41.386569532727954,80.83810081953139,4.961909694080268,443.75636214106197,10.161335747160471,2.3379759551569377,399.9034935289313,338.0559678791885,50.01690924241028,0,NORMAL
2026-01-01 02:05:00,1498.0651913204867,46.319227706567766,44.1264833523243,81.10848576000436,5.045116548501163,468.7221867964442,8.800973999548637,2.6221626441633354,399.31724232406935,374.142515185837,50.01911967255444,0,NORMAL
2026-01-01 02:06:00,1502.104441567574,44.33815505630639,41.64421986566083,81.4643947475578,4.849742189627522,453.859286847639,9.116271336357649,2.286376150522659,401.5234418259917,360.440054791727,50.033279057077564,0,NORMAL
2026-01-01 02:07:00,1498.2642801027032,43.205559597100844,41.47830292325912,80.66319255823328,4.93988918514216,452.0674358801144,8.95542006160079,2.011497813532011,400.28118907313336,345.32011957154,49.900433427653475,0,NORMAL
2026-01-01 02:08:00,1503.484409642319,43.40486232727613,42.386463902987735,79.57821406851107,4.958987655219751,426.7126334392758,9.815448471675944,2.505008612822239,400.0786860803342,348.2784989551288,50.00284438336983,0,NORMAL
2026-01-01 02:09:00,1500.5781684925555,42.39791101904373,39.81503057650985,81.44579239046602,5.026463846834676,448.55976241403283,5.7489016331200835,2.2778223433814717,401.16974296113256,344.1130300689235,50.001733372805106,0,NORMAL
2026-01-01 02:10:00,1501.9534107911393,39.296584156911464,38.25953364042857,81.55621057079233,4.803620498188893,419.2660851744775,7.8434181429087735,2.4132437971950944,399.43733650758463,321.8285052766926,50.053727712296194,0,NORMAL
2026-01-01 02:11:00,1504.7648512737799,39.43371010652352,38.67626272692759,81.18092951591403,4.854393513205887,425.8084796628436,7.300226237797693,2.4602172590329294,402.35277847820885,313.9670009262943,50.194603030631136,0,NORMAL
2026-01-01 02:12:00,1499.9638523270173,37.30910267907131,38.28506034542219,81.18379355108405,4.8422472640359135,417.2286339891945,7.746168849743294,2.401514260703869,398.8179285651505,299.80770034820824,49.92884115615802,0,NORMAL
2026-01-01 02:13:00,1499.5545061217058,38.256287540341674,38.86894467492363,80.74741168914939,4.892588490221039,423.4711748558576,5.343376995802897,2.0407637929810205,400.98539359951315,314.44317014447716,49.90913586444483,0,NORMAL
2026-01-01 02:14:00,1501.5493135329332,36.417439071874064,36.6195993319265,81.24307637806373,5.125570152650406,421.9724981552367,7.458904301477822,2.369430559236222,402.1507492579898,280.71937719559827,50.07419191616993,0,NORMAL
2026-01-01 02:15:00,1504.1732961256566,39.51730788190915,37.20177527476578,81.41534897973838,4.874774131924964,433.4456514312272,5.759658234601408,2.4840934670919728,397.9340567660918,312.68840005620024,50.189446374416576,0,NORMAL
2026-01-01 02:16:00,1499.3711475895989,37.950801297236666,38.01666472263796,80.9979055305521,4.794570824128252,439.4705565828996,5.9053320673461664,2.0994961603275177,399.4849972362213,310.93559027090816,49.90048063543073,0,NORMAL
2026-01-01 02:17:00,1496.8743531508137,37.30667826482532,36.46569082156679,82.19117228295366,4.740726831651615,432.7972520682356,14.00423741849356,2.0692320708789467,401.71331108932833,303.9161152866441,49.94988747600878,0,NORMAL
2026-01-01 02:18:00,1501.310939743269,38.93371269956466,36.87029141509857,80.15687104823577,5.022127079766589,417.25725016029645,6.114822912502847,2.1755322098247674,401.7358668215965,314.08192765115075,50.04557508351664,0,NORMAL
2026-01-01 02:19:00,1503.8090847864826,36.47198406669675,35.61931887928433,80.99002983255176,4.7942739529511575,428.48489060890665,9.22651734081498,2.514072788419015,399.74275659941765,289.53288816802836,50.18155975983648,0,NORMAL
2026-01-01 02:20:00,1505.0151427122967,36.926903935905,37.482523369388566,80.2975309759266,4.960408076401377,432.42671624150177,8.586056749053723,1.9696058900615356,398.8979933594847,291.0061389923129,50.163660405667336,0,NORMAL
2026-01-01 02:21:00,1501.165439386935,39.541189444469865,40.08575102761473,81.32762877671558,4.805478291539825,435.10849789311493,11.456897500109749,2.561366664673569,401.43390373349615,313.37343745954706,49.912734083690104,0,NORMAL
2026-01-01 02:22:00,1501.9119021906984,36.326222975347406,36.83462830144468,80.06865816362729,4.7719575630691375,426.5329206446489,5.152857806648311,2.44167337941152,401.7753236538724,298.3498249068727,50.056131703907475,0,NORMAL
2026-01-01 02:23:00,1504.9687033300293,36.695490692412015,37.228675070093175,80.16952567154185,4.957129446599345,430.33731867741267,6.662488588625576,2.315454516817737,398.2530049772314,290.4217120935194,50.21863063526787,0,NORMAL
2026-01-01 02:24:00,1498.8174653444275,37.21525628090886,38.51204870742323,80.50349206615235,4.8268556720006,437.8993929595368,5.199980587178634,2.076026630329006,398.19412952655046,298.2291650684692,49.915894877193395,0,NORMAL
2026-01-01 02:25:00,1501.4671780447413,38.77890202446348,36.72288630559453,80.95279191653331,4.923486725593222,419.9773572109948,13.940887376010895,2.2284955112663916,400.3378850229754,306.4626779713991,50.02950768637934,0,NORMAL
2026-01-01 02:26:00,1503.1198476593088,36.30500060270732,37.30317678322466,80.49800165901681,4.939968260904268,424.62433172307914,8.143619127581456,2.5194308164292,400.94404095014335,294.6538749721537,50.09518824679942,0,NORMAL
2026-01-01 02:27:00,1504.1656199672623,33.66408737653876,35.18686264160443,80.4548771857226,4.945528980786795,432.90766679846297,5.718806887943752,2.5879859141340598,399.5513963721549,266.6190676105779,49.99387830491532,0,NORMAL
2026-01-01 02:28:00,1502.0387925120638,34.70797050777256,36.3908397634956,80.62222172377241,4.8607406971302325,435.6445098601835,7.004380461976209,2.1408071415494727,401.0189407299735,277.1757946114084,50.151527129174,0,NORMAL
2026-01-01 02:29:00,1503.008494052564,35.30193985423893,35.697680004139535,80.56461817153078,4.957325992219855,432.06615876759406,6.06731490402351,2.581392100599145,398.93479508974394,273.99860816869733,50.055214351090605,0,NORMAL
2026-01-01 02:30:00,1497.862760182188,35.80292555493068,35.66381804253192,81.40912018651763,4.779562963424839,430.6784862818142,5.215358705042742,2.4952043020909325,396.8279596013894,278.35656325842075,49.95404544436324,0,NORMAL
2026-01-01 02:31:00,1501.3843387805475,36.495821973924635,37.03800208864038,80.9960265516789,4.634670443860009,444.2817243927571,11.974613250909936,2.3635907801862897,399.3641483915011,292.00494175800463,50.04180956921084,0,NORMAL
2026-01-01 02:32:00,1503.8798629189555,35.13577253076765,37.73065484179506,80.46609105521978,4.961367396207615,442.15368387375344,9.420547684110764,2.2037866993795965,400.09484821976963,274.46039447015244,50.192209716783154,0,NORMAL
2026-01-01 02:33:00,1500.9153559464728,35.60027992508966,37.22107805959526,81.65828232104143,4.883393404062918,423.3101798573453,9.740518162267163,2.2397247949948986,399.5862400601553,295.3276725973898,50.050814671003835,0,NORMAL
2026-01-01 02:34:00,1502.8806834688419,36.186424871687024,36.20416215283212,80.84387672533258,4.822114641091951,416.9581626180214,6.919205672947222,2.72644877194773,398.26209510451076,279.18378341293493,50.084276568718685,0,NORMAL
2026-01-01 02:35:00,1503.9422005944784,34.75772203563429,34.513661185399286,80.08876514342283,4.751109420934039,418.94910394847506,9.940141474315777,2.383265583198954,397.2765265361818,274.0608997917538,50.08673093185665,0,NORMAL
2026-01-01 02:36:00,1501.6170473866996,38.4892710579238,36.411495351056494,80.71441595486796,4.6820538510191065,465.6794038404538,6.338514594888315,2.6508663789814197,399.22886679344816,307.99767279972815,50.09379411462576,0,NORMAL
2026-01-01 02:37:00,1502.4535401620435,39.43693689974737,39.9782615916989,80.87516633722646,4.887671008076368,422.3357157218639,8.72664576483546,2.442680965655102,401.3464836574746,313.66983050900006,49.98811260687039,0,NORMAL
2026-01-01 02:38:00,1500.6636688883625,37.05432990534207,36.277515655069415,80.26041952451554,5.059670206082685,424.9847632734031,9.676886526050557,2.2800037139351343,401.88429615912054,290.91391195941696,50.05441681729255,0,NORMAL
2026-01-01 02:39:00,1501.913290016086,38.367437122609736,37.6949488605709,80.08771208590213,4.88439001663886,420.1591184042078,7.282232408407327,2.5004924073131245,401.7815700762077,302.14985778340156,50.00882409629179,0,NORMAL
2026-01-01 02:40:00,1503.9368175827474,36.41807378215509,38.17205539537063,80.64743745669993,4.850917712196847,428.7108968663167,9.20673268798865,2.795747752237529,398.7761356972772,286.3913198697445,50.19384143585608,0,NORMAL
2026-01-01 02:41:00,1502.715497324009,37.99224298964,36.181444338305,80.43020221695926,4.88895917141123,420.9459401747913,11.037176897002835,2.2510990977991807,398.26944051455445,302.50433544301967,50.0985815546001,0,NORMAL
2026-01-01 02:42:00,1500.7650506313412,40.309434147654805,40.677924998067944,81.37801319579229,5.090360247275031,439.99550928845565,7.06838364472405,2.5858681221660187,400.74495192246985,332.23511862882555,50.05770787610388,0,NORMAL
2026-01-01 02:43:00,1502.7148189063914,38.66806951095138,37.947201252678326,81.01946355401925,4.954801151584928,415.8372916881423,13.476154115794298,2.4247824915670395,400.9526500173969,309.7342425704021,50.094593404237614,0,NORMAL
2026-01-01 02:44:00,1503.3102552273851,40.59482176944003,38.20830974642528,80.3569073564191,4.7995043277015785,448.2580828438866,7.1164865795971455,2.1160446144199376,400.6002544078007,330.67307660245785,50.02272298615579,0,NORMAL
2026-01-01 02:45:00,1497.6160407181824,41.42038362331303,39.604879246838905,80.9248299126111,4.884313792137988,457.19479524627536,8.319499208068962,2.119829067665147,396.97890508864333,333.8979507156449,49.87749823243632,0,NORMAL
2026-01-01 02:46:00,1503.7052473412514,43.064503943302,40.11610558457972,81.39367174270744,4.905370256261346,446.88632758092245,9.862848639623559,2.3402482900453108,398.6996731226748,350.0853435363271,50.15712771158895,0,NORMAL
2026-01-01 02:47:00,1499.9558725409158,46.8580899086099,43.55567374407165,80.14505209939452,4.791465071354225,462.6520146093776,8.40895463057013,2.5380786159142827,399.955466814571,360.8648977559113,50.006861875565185,0,NORMAL
2026-01-01 02:48:00,1501.5775171311595,46.367313676604155,42.172255772074706,80.40238177666684,4.967866026700919,460.6515255608014,5.969967248566467,2.639347730703744,400.7308272919456,369.4162193070921,50.11163339963727,0,NORMAL
2026-01-01 02:49:00,1503.4225255777126,44.85984134788918,40.00426259781447,80.96078110594328,4.799003498166699,458.8185514698624,9.67934299050424,2.1344158026826445,401.15096104390375,365.414407898867,50.13424791407561,0,NORMAL
2026-01-01 02:50:00,1498.6404901078115,43.08081248863813,40.62792495877388,81.01615104276831,4.728582402410627,450.4011478405692,12.187855185701544,2.5613476289178085,400.21638028342306,341.78782079535836,49.90634790905858,0,NORMAL
2026-01-01 02:51:00,1500.2912796114035,41.44919191870726,38.51297009893781,80.98638233919878,4.887885708600002,452.75334123978234,6.7086486849799645,2.3908158680810314,400.49617570980735,340.4059011740061,49.96990611349408,0,NORMAL
2026-01-01 02:52:00,1501.1639049082726,41.29498849987905,39.98131298391574,80.86881953198318,4.8744080234113,456.8628510840861,9.305071647240048,2.4136126413053,400.12729818754167,337.7793587678712,50.04394269980191,0,NORMAL
2026-01-01 02:53:00,1500.0370344678486,41.97729244951233,38.999245137424076,80.87875139447833,4.8823227818901636,438.7798113483713,8.936404703973961,2.537495293701692,401.0284290613277,333.47268601546136,49.88553227896161,0,NORMAL
2026-01-01 02:54:00,1504.9637383420393,42.53067404817237,40.03039162573134,81.25570561997515,4.798421425834218,445.76407424086034,11.966411297806397,2.7745278045051887,400.46929847723635,337.7295747901472,50.24913003901579,0,NORMAL
2026-01-01 02:55:00,1499.4494477030976,44.18504054624442,41.69361213196099,81.66694679848526,4.804149802243191,463.6638364011029,6.148891851778305,2.5025787655436638,400.09860649007095,348.41229515818304,50.0037355935888,0,NORMAL
2026-01-01 02:56:00,1500.0466975750262,44.211044330000234,41.31416787296587,80.89380142136883,4.994968637609534,440.5219646744105,10.902198591112542,2.170763046758194,399.5974468012939,350.54038348068286,50.062908315686656,0,NORMAL
2026-01-01 02:57:00,1500.985155566343,47.118112484314864,43.52129777358996,82.41369975628179,4.895834566374439,445.2061808766464,4.076748784761003,2.433762622257304,400.12193713756375,370.7819545536743,49.95380832183764,0,NORMAL
2026-01-01 02:58:00,1498.2779411842798,46.588798817838956,43.633566456421136,82.2260603131567,4.759804186079138,465.3239553914211,10.406510822058827,2.636314792807686,400.7268870682589,374.85444644487666,50.00482629749376,0,NORMAL
2026-01-01 02:59:00,1498.8028111462838,52.02913715101819,45.05954859087961,82.01090147534372,4.664712281051115,487.0654441392686,10.754054118561367,2.6973000508934915,400.4012130833471,408.95286474141335,50.07166865042752,0,NORMAL
2026-01-01 03:00:00,1499.9788121531908,53.2804718465482,46.90388556730421,81.76369639455937,4.773284431897592,479.2586495833828,7.592355153102787,2.6659695932835437,400.57123962751785,429.26243985333673,49.93324982067083,0,NORMAL
2026-01-01 03:01:00,1499.021047844492,51.56615673371564,42.61019024272125,82.53918914490274,4.864946124317965,474.6950380268002,6.673146745799859,2.413655336269343,402.0140827920268,415.66964735422636,50.00593835122825,0,NORMAL
2026-01-01 03:02:00,1499.9283519346814,49.42437173759342,44.90195634423858,81.44681257485281,4.807870576667499,465.383377864168,10.169210529261854,2.2206786578524755,400.3977458841199,387.0889518748277,49.99766722839041,0,NORMAL
2026-01-01 03:03:00,1498.8634724614872,50.389316568079785,44.93277581047303,81.23792493882524,4.804276480705814,467.6933555948349,9.242183273040537,2.6217947168455833,399.02650221929025,410.86362557628,49.88489405630382,0,NORMAL
2026-01-01 03:04:00,1496.982581182153,49.942390997428085,43.98198483497888,81.44524983598876,4.8121789593871585,481.73332669704433,5.2208987905008115,2.2565765380546945,401.32541017899126,402.1071744515008,49.924063571331025,0,NORMAL
2026-01-01 03:05:00,1500.3691080255562,51.370391985612265,46.13795461366388,81.27110814291326,4.867307080868106,467.9913870796665,8.95286271203838,2.652306123141159,397.95070249349664,414.7116259921225,50.05398376109374,0,NORMAL
2026-01-01 03:06:00,1503.0464926963425,52.31686723475936,47.562817918040686,81.90283211938466,4.940406148908142,480.45380670732425,12.593731431459105,2.6618265440865208,398.37787992889105,414.741611870361,50.0714934289113,0,NORMAL
2026-01-01 03:07:00,1499.6025613796776,52.17120940944561,45.82670789806842,82.05531465691602,4.858851786467111,473.5458712579111,6.307472804283433,2.42817350674825,400.50377089708013,420.4815708679305,50.045047872002016,0,NORMAL
2026-01-01 03:08:00,1500.3550038398334,50.4776219733088,44.341758693743564,82.04880296401655,4.865217642871434,462.11878714756864,4.687096559259933,2.4822835617362577,400.77459500167987,409.4529430350807,49.92849529098832,0,NORMAL
2026-01-01 03:09:00,1501.8958600054464,47.44792752393707,43.63378177680095,81.9530581178708,4.838452801254301,474.7695280812474,11.81985510366179,2.514214848663281,398.132423164744,379.0903781964732,49.98845752619239,0,NORMAL
2026-01-01 03:10:00,1498.150359482946,46.55489761980303,41.59733190523546,82.0273969238144,4.809516378308238,457.7438894475752,9.185285468112987,2.3425860415338087,399.4257737785199,382.44879325466604,49.94517518587764,0,NORMAL
2026-01-01 03:11:00,1503.7514902745693,48.26769520844997,43.30023575453444,82.84700320215809,4.932484023088832,470.8213340337825,7.43661526042355,2.206340945262489,399.0908742516705,386.36188484216444,50.12631893971759,0,NORMAL
2026-01-01 03:12:00,1500.6654810535035,48.695882696710385,45.43993177967673,82.30986993758867,4.928042808032646,455.3548306404762,5.201479311319072,2.4791149715577228,399.2699855156776,395.27099057594546,49.986354027362246,0,NORMAL
2026-01-01 03:13:00,1504.022832770321,46.20440513928641,42.784822313384126,82.45663495695963,5.055395292627413,454.29602344993765,11.073340761960544,2.475050573488833,401.4153966644094,371.1002851505845,50.174574147475965,0,NORMAL
2026-01-01 03:14:00,1499.2237806107541,46.55076699098877,41.0509932306471,82.08995194385709,4.919257390961783,470.48856327541074,5.492605255503045,2.737717142640498,401.05975819532085,375.3337435921945,50.00067073606927,0,NORMAL
2026-01-01 03:15:00,1504.1718434950265,47.32140175044644,41.59584940298846,81.19344994919418,4.82628956883537,491.49762068501565,8.787863783140908,2.3168156031788927,399.9713167302194,370.21455266539766,50.181968403380914,0,NORMAL
2026-01-01 03:16:00,1502.439573612461,45.553686878044175,42.49429781947328,81.08345199236642,4.787865829241652,439.6757434292515,10.861313982103404,2.669236103536664,399.1810571093276,366.2847637154302,50.075162298647754,0,NORMAL
2026-01-01 03:17:00,1501.9338527537177,45.86113708993523,43.37907282987882,83.02462255374185,4.934802074996325,458.502901861879,4.315070713980894,2.229197475114065,397.9755254946698,363.21422121319546,50.094590771856176,0,NORMAL
2026-01-01 03:18:00,1501.272538003341,45.977554526827234,40.9689112574702,81.71172032239114,4.784266905121166,465.04424682533033,10.023636212926805,2.1908551053285183,402.1302774081729,363.5884446857294,50.020135418293194,0,NORMAL
2026-01-01 03:19:00,1500.7646199776177,43.69161393116599,41.6646809661961,81.64190804254507,4.948135507801306,446.7596472266881,7.948729952050664,2.376743650369805,400.8881708504274,358.2534273716578,50.128178267091585,0,NORMAL
2026-01-01 03:20:00,1503.5196255865753,44.407188651862555,42.97465669860725,82.0544568931897,4.7829194627469445,463.9203801514602,9.820857838993714,2.255890084396681,398.9399963438903,354.1886579745887,50.076693564379745,0,NORMAL
2026-01-01 03:21:00,1501.1749681987762,45.528757704599016,44.205113610718044,82.20022600288482,4.890911318321032,450.6833252594934,6.182851608757911,2.1835644155703013,401.07939924643733,359.21355248191463,50.14443047809879,0,NORMAL
2026-01-01 03:22:00,1496.5268885546357,47.69486019094957,43.94813887442962,82.27824298995678,4.748460018714229,468.47048727048997,10.264995516941795,2.8658146650724503,399.89466456913806,379.76322338705216,49.88597401584233,0,NORMAL
2026-01-01 03:23:00,1497.8051342175822,49.80246429501938,45.388281171564095,82.86125076049147,4.920763520223379,469.08790598758424,6.398130538772497,2.407695115679005,399.56933574270647,391.91746321554547,49.858062262774304,0,NORMAL
2026-01-01 03:24:00,1500.2188833837934,47.0471255591052,41.09509090783497,82.72976629413401,4.722037508566395,476.8592502864159,5.873775320600383,2.9327319729423023,400.6528172924344,383.5464268138229,50.075700080317546,0,NORMAL
2026-01-01 03:25:00,1501.585702870476,45.17147547927495,44.202637835560964,81.56079103881383,4.896079912174394,451.33651914710634,12.415010124203533,2.252767995013034,398.88775262513093,357.893400113367,50.05915183176895,0,NORMAL
2026-01-01 03:26:00,1500.6465138194617,46.20154601369227,42.14543739511924,82.44830069361952,4.831249992704909,458.1866730850578,4.570033167325531,2.1203061468103233,399.48436522073484,372.25886777925655,50.064106665567735,0,NORMAL
2026-01-01 03:27:00,1502.9921179964838,47.22911791551669,42.40399959088497,81.77965790872328,4.874587485548161,474.75880307927997,11.382842721472283,2.7305491229408316,400.18219159629933,384.61347689518516,50.16093006247659,0,NORMAL
2026-01-01 03:28:00,1496.445953614297,48.259213288128784,43.700321838437645,81.92018634152622,4.822015889753312,458.6268599175221,5.347007113558487,2.3372608064292377,399.2508232106722,383.5729428989566,49.89842956485048,0,NORMAL
2026-01-01 03:29:00,1499.0942406191225,55.96467626943823,50.090479175848365,81.53264042622116,4.827421196738478,496.5638675106695,9.069303663049485,2.587419922334146,401.0036278154013,450.3775223168698,49.94019597839677,0,NORMAL
2026-01-01 03:30:00,1494.9427500910608,57.10645729082456,51.47192042203828,81.32899116451573,4.8888982971106625,481.64725708102,9.958310434685925,2.299937875905669,402.8035997555174,451.70122805207427,49.880210671918825,0,NORMAL
2026-01-01 03:31:00,1499.6439068767313,59.37758857118576,50.751961822187305,82.27143137688626,4.75435753465329,496.94222541285944,6.79427466081193,2.586153257325849,398.86855280108927,487.2495564150544,49.98816800459711,0,NORMAL
2026-01-01 03:32:00,1497.5539641514815,61.28559209817216,52.769439431506946,81.93216500882815,4.76055449365677,518.3208851025105,10.87234409403097,2.338530707010303,397.50231205554394,494.9666374584604,49.95275836264648,0,NORMAL
2026-01-01 03:33:00,1498.3215450238915,62.58837460078376,52.596228809155754,83.00168225626177,4.804111404910923,509.15233600738077,7.46741805947571,2.611102266465645,396.9973897487856,499.743964612466,49.836364972106814,0,NORMAL
2026-01-01 03:34:00,1495.8806668565198,61.95783611150307,51.136906193883654,82.51052023330611,4.8100425813619765,511.4066970720228,8.463990000806245,2.524791853217335,399.7742977877575,491.79852023757974,49.88503798106782,0,NORMAL
2026-01-01 03:35:00,1499.8637749528177,63.475774552489604,54.562208402282046,82.92601948807336,4.740939963858096,527.096074954193,9.022932418287562,2.680811291602117,399.0052531148107,507.2362136557187,49.96352987383668,0,NORMAL
2026-01-01 03:36:00,1499.6974245034348,61.93012412341446,51.535946993692285,83.55340951537063,4.921353278984054,510.96357302048125,5.689655888888397,2.744439515455907,400.3117907516006,493.741074375558,50.07257963197342,0,NORMAL
2026-01-01 03:37:00,1498.875791224037,61.45648690993444,53.40942291933254,82.21402014768434,4.822272255203153,523.3261249169342,4.549005149806469,2.6627808689391883,400.1988965080391,501.4166180494731,49.99368074152902,0,NORMAL
2026-01-01 03:38:00,1497.643813543418,60.485759814276236,52.58999721833483,82.66637173721645,4.824006344956059,513.8567872248275,9.259640042140152,2.6950669065751924,397.59517473007884,477.75840490313544,49.93345333873973,0,NORMAL
2026-01-01 03:39:00,1499.0298129519806,60.64950809304888,52.00374111978654,83.18807361385569,4.703485695125932,516.6301094449161,8.544733991072729,2.584688545850584,397.27767425577787,485.8700718608421,49.9919759314002,0,NORMAL
2026-01-01 03:40:00,1495.530449818746,65.2788252263959,55.99626989209189,83.36319696144191,5.039899646232374,540.885544279771,7.663147005984635,2.565724511950832,400.44389986051914,522.1389114779986,49.80109295131437,0,NORMAL
2026-01-01 03:41:00,1499.402252349799,61.5442948412124,54.158922937913175,83.82479363019353,5.0662108669516215,518.6032625703841,9.934924493628474,2.7094666849700375,400.20314325207994,491.7673072279748,50.06123791285304,0,NORMAL
2026-01-01 03:42:00,1500.7155987442557,62.91681522196143,52.57484577021255,83.7817490446276,4.746325161267014,535.5973261815585,10.263142321389243,2.606878589043977,399.36127300245016,502.79143850099973,50.12342181239604,0,NORMAL
2026-01-01 03:43:00,1500.202944424042,59.69138347958212,50.00603596933284,83.43570608256891,4.953894516465532,518.0324650089157,8.018186850392063,2.5822518783729924,397.51428462230155,476.9507137860545,50.02641048966215,0,NORMAL
2026-01-01 03:44:00,1496.7912911107844,58.747519748003256,48.38424201154548,83.56635378705062,4.8194915858852285,500.3817948196668,7.353157167691117,2.667024190569405,400.7070868941475,474.3454883156865,49.97256321545483,0,NORMAL
2026-01-01 03:45:00,1498.5377504461585,60.925420941937986,53.799934820593045,83.62690951954536,4.987838768890404,526.1704540469956,8.923704508750129,2.4026110898148767,401.9078493181359,490.4482897679661,49.922800938271656,0,NORMAL
2026-01-01 03:46:00,1495.202920716457,61.05398098012891,51.192706579158894,82.77146544064561,4.878193999827126,516.3275936394807,9.54606956173782,2.8964620286201757,400.4169736603284,490.5264058978952,49.80024167890398,0,NORMAL
2026-01-01 03:47:00,1499.3650823374974,58.898491424270304,51.47413171166392,83.4493243470442,4.840989729935855,502.197922898341,8.423167584164029,2.53911359813145,398.72878916415243,456.0179845834361,49.98088231535302,0,NORMAL
2026-01-01 03:48:00,1499.407630024575,57.46788400575036,48.739475035940735,83.65772743902546,4.5769184972576324,503.9214509733351,12.23734821160711,2.599515163251518,400.0668282483567,461.24204641681865,50.002001386070894,0,NORMAL
2026-01-01 03:49:00,1494.494951420212,58.827079503619714,51.83451334308386,83.78151278579658,4.736509146941399,517.0180465065716,4.698336383307054,2.579366905450082,397.95082887859945,462.3384392281073,49.796799046611575,0,NORMAL
2026-01-01 03:50:00,1496.2031630641382,57.36634624018544,48.719690152295854,83.09345657768624,4.84018293540377,505.33266278307127,9.249799068713003,2.7042120931822784,401.5869410707582,462.16237073716263,49.90032717832303,0,NORMAL
2026-01-01 03:51:00,1497.8738695226425,57.799263419349394,48.48783891799229,82.92861038900067,4.8612944174903845,520.5213502932369,8.8971962130416,2.645828968387662,400.12276650179433,469.7665941926477,49.94444845819175,0,NORMAL
2026-01-01 03:52:00,1497.8201990858868,57.890407099157024,49.525737828540464,83.4535205806911,4.70944621699244,513.4817304260378,10.653307979528336,2.5689192816176716,397.3477646323702,458.4920612303134,49.87742463076501,0,NORMAL
2026-01-01 03:53:00,1496.2636048483732,56.58720640394539,48.42054814140559,84.54913406603376,4.736140165811697,503.28682274783046,11.42503799435481,2.8556228872668283,399.54898845933445,451.38874761984954,49.90139314581836,0,NORMAL
2026-01-01 03:54:00,1498.602938542185,60.87509458259604,52.12135653501883,83.19233133575275,4.891498075010027,502.8021502116746,6.009110590382878,1.968081823985023,400.69495226535133,484.0039781355034,49.996607696865574,0,NORMAL
2026-01-01 03:55:00,1498.0743606924345,62.142932627232064,52.23436464914671,84.23533759689543,4.676972175088755,515.702939055211,8.520376391311714,2.8699642023657104,399.50042856853673,503.3206198966405,49.94438548896067,0,NORMAL
2026-01-01 03:56:00,1497.9929322452595,58.09264745391685,50.48329086690203,84.44497062724531,4.824473559827448,504.04090748621746,9.16274204914615,2.764969555577361,399.58615641783973,465.21631905769516,49.99073014667173,0,NORMAL
2026-01-01 03:57:00,1496.795305782992,58.4655560834557,49.78831217698813,83.68289746379301,4.950137403873045,511.5957613042724,8.289108215547826,2.2174922342740677,398.1633966894291,476.3660955704773,49.832306669758225,0,NORMAL
2026-01-01 03:58:00,1500.6690176220495,57.14198315391893,48.62008252133255,83.31450689540029,4.872256825003176,506.3702714514382,10.52294803037984,2.7572764750826395,400.84981148062246,459.20463624608834,50.04569810850825,0,NORMAL
2026-01-01 03:59:00,1501.5414442614742,58.84684982351138,49.72454934621076,83.9219759110147,4.855109156096304,507.6593784844727,4.794569609546319,2.8001619873470216,399.0272961999713,471.98704949127017,49.99286744006264,0,NORMAL
2026-01-01 04:00:00,1497.5805153629778,57.26180834664597,51.402023806018605,83.75813902457901,4.622822074590643,501.6198283670326,10.253016186826606,2.684970781442671,396.76533193449245,458.43550068618197,49.86364644418761,0,NORMAL
2026-01-01 04:01:00,1497.369199072948,57.03233546371217,49.44457221045424,83.22426649686444,4.7533233924209215,506.8177430737533,7.206050701021223,2.258505865900838,399.44311394399443,460.34864420598404,49.88076009407805,0,NORMAL
2026-01-01 04:02:00,1499.3739533264895,58.04231002167309,47.8416238035508,83.32780597836093,5.038864063791886,494.562222819556,4.033907163046412,2.716953643729576,401.4717245733555,455.65004918215806,49.93202876837094,0,NORMAL
2026-01-01 04:03:00,1497.3291771585034,59.77382041001333,50.34408323255392,83.9039241367432,4.762005325510543,526.1635296275451,7.393651520780677,2.799177575300519,399.41960583010007,478.61728305770924,49.88357278101306,0,NORMAL
2026-01-01 04:04:00,1498.2465600794933,57.37322759590178,49.52080259001694,84.1392640872072,4.943662339210563,480.3346277340215,9.261980438615929,2.4592909770028437,402.6069774776853,458.6355885485744,49.93084448711422,0,NORMAL
2026-01-01 04:05:00,1500.1384612786055,56.70422512421988,50.86793475578231,83.50038038717463,4.768908303320879,513.0188827564898,5.727461042742477,2.6552690224394104,400.64345192282275,457.2608951295479,50.04647310027009,0,NORMAL
2026-01-01 04:06:00,1495.0304209246058,55.75433450189797,49.48129941702869,83.60794255484035,4.8000590987522465,494.68831547239125,9.529677496759724,2.486901765915089,400.50813724342055,445.09616798581357,49.818289412218235,0,NORMAL
2026-01-01 04:07:00,1501.7470694423553,54.44767603675055,46.74688778556841,83.94616036686494,4.872635477198053,500.59266427134287,8.884680907299067,2.7215521584708737,399.8074026011236,430.3877361231911,49.978954362740026,0,NORMAL
2026-01-01 04:08:00,1498.5496441451962,57.97858451731274,52.20550646396009,83.5310780654064,4.8394477402912734,506.56345015352076,5.527581550943543,2.517084508127579,399.89757068835354,463.8654295131004,50.008658197164635,0,NORMAL
2026-01-01 04:09:00,1497.4193041230287,58.788547939234654,50.24196839873931,83.48062322697004,4.868538780560708,509.2202618964293,9.740856213791991,2.471861986823144,399.60486454732074,464.89418086953555,49.872122297420205,0,NORMAL
2026-01-01 04:10:00,1498.5681756854442,56.26678003056456,50.00639782941368,83.24034083799603,4.75335415776738,502.4762748672412,6.194300282563247,2.5548084917717016,399.54659591187624,440.507929181579,49.94933650149291,0,NORMAL
2026-01-01 04:11:00,1498.3043579251062,58.10250392467411,48.70649385740456,83.23795050686516,4.721613970915821,511.44930662723715,5.713052513796145,2.31269461515007,400.79630074310074,468.45564380482034,49.96580542285057,0,NORMAL
2026-01-01 04:12:00,1494.0682341293702,62.34681631869938,50.00992669596873,85.00568449853237,4.711299148590302,514.9255488495754,7.704829016008002,2.595751766540521,398.5962531553142,501.6698384130684,49.812254991899145,0,NORMAL
2026-01-01 04:13:00,1500.107527086946,64.41174683980168,52.23861661351265,83.63704673777535,4.774027251098256,535.7891052445682,9.807560134052887,2.7165360158696643,398.38615925691363,517.6294294383813,50.058293213607605,0,NORMAL
2026-01-01 04:14:00,1497.8080498829625,61.37300690789365,48.57347066854048,84.44805114713472,4.788110838851564,503.96081794184,10.929283311709579,2.787721922952207,398.31520742368696,497.4986973728782,49.95088515326839,0,NORMAL
2026-01-01 04:15:00,1498.8050965084624,60.404538762161145,53.3548125845496,84.62656116089974,4.911196314845987,511.36257993430274,5.665998032499755,2.6538367353492514,403.0684818215157,479.91115064576945,49.91710440463056,0,NORMAL
2026-01-01 04:16:00,1499.3154273290413,62.93836106053439,52.97754955520705,83.73510816613971,4.83403198227971,528.6439629545931,8.470191656173526,2.3428632831880645,400.79551435250585,496.35131777041886,50.086109019667624,0,NORMAL
2026-01-01 04:17:00,1495.65307065902,61.52302212929683,50.989169259130065,84.03702092620253,4.867719291726808,525.2807532486978,4.968172728897706,2.885684448938921,400.4567383025202,491.83402815033435,49.86481902846758,0,NORMAL
2026-01-01 04:18:00,1498.4648116009525,62.41066098558929,52.89902062133369,83.93687062699416,4.83542268871813,523.0452019321765,8.975888601314306,2.911338311130741,398.41372799455985,497.5477863861847,49.94146004203401,0,NORMAL
2026-01-01 04:19:00,1496.6727319997128,63.95992909244796,53.565291491648935,83.12524072669783,4.7259517601131655,519.9258274440106,8.697583749370764,2.662112741978636,400.93501345101225,507.46795415573325,49.93728733780987,0,NORMAL
2026-01-01 04:20:00,1499.2723279205745,62.106068149291794,52.88457428518906,83.18015690112698,4.838123814578026,526.3383163062083,10.21435359482558,2.470672357263187,399.82514298032,496.4492994268954,49.98821681131565,0,NORMAL
2026-01-01 04:21:00,1493.3481416718635,61.98701743716819,53.40174186343718,84.00262629987374,4.833025685021679,510.26089863890104,7.584020466006325,2.513546587079373,400.3212534116976,492.8381137663226,49.79823279870908,0,NORMAL
2026-01-01 04:22:00,1498.7009148481113,55.50448275703005,48.012768501193015,83.72364660881973,4.901519389957736,511.77978038709426,11.536059347379974,2.5143403480266833,398.53506952620467,434.85583563945625,50.08130636153375,0,NORMAL
2026-01-01 04:23:00,1498.1032171935599,53.45570747436147,46.19358517851589,84.82268404553464,4.69668751212496,486.24826718526845,9.200438074988748,2.5902907659831467,400.24040328612637,425.43977634092295,49.923017835039246,0,NORMAL
2026-01-01 04:24:00,1500.2744116669533,52.95057117157515,47.598117917317005,83.69832945729176,4.621992324339328,469.9307421584534,11.63398344523689,2.468608655413804,399.3642496926903,417.9226935390818,49.993259010864236,0,NORMAL
2026-01-01 04:25:00,1500.8490874132074,50.45500480764545,46.07533566247174,84.71154073290523,4.823395566858945,464.6456821465936,7.943155136860332,2.3328725412962195,398.85158326445475,404.79827881921824,50.034131839374204,0,NORMAL
2026-01-01 04:26:00,1497.8407827272542,53.71982741550872,47.332632257426575,83.45413201149204,4.866302359928997,488.4558323230764,7.314969025492566,2.7418002509983745,401.10115950371085,426.4784455328665,49.981601887687525,0,NORMAL
2026-01-01 04:27:00,1498.4037433397305,50.859544659587456,47.693280984433244,84.5798217244446,4.790465084879403,479.40665902181667,9.778769443495333,2.560052624210695,397.69343828720497,412.43451464740485,49.87146474314817,0,NORMAL
2026-01-01 04:28:00,1499.7827781256467,49.97945568619349,44.549851288854434,83.80423678329548,4.826717354406769,494.62466175118817,10.16840290119347,2.2893201523747453,400.8471643964712,407.85497582588727,49.894481476281065,0,NORMAL
2026-01-01 04:29:00,1498.1585281772166,50.24093684076567,44.244704132824126,83.76719409405831,4.912533355977114,465.45828556653754,5.304945275083473,2.560671459664815,401.0267292003295,405.3244015911849,49.90926184237621,0,NORMAL
2026-01-01 04:30:00,1501.0592707071246,53.123483418897905,47.29218147884534,83.19630967486037,4.790193248850041,486.326813959182,12.564293782418403,2.5636089999447957,398.68053448667314,417.2327364412667,49.95361287561786,0,NORMAL
2026-01-01 04:31:00,1499.2112337757972,50.25175911653902,44.476117613009905,83.68165490163207,4.798502817751501,465.286942837066,7.25760228106816,2.358907008776512,398.7695073083013,409.54005292670735,49.952466225150296,0,NORMAL
2026-01-01 04:32:00,1493.6704062371869,52.57808662084894,47.04236849665426,84.20687668444982,4.823766110772387,479.0967546408373,8.119001615724656,2.764790818130687,399.6654614781004,428.50329521866036,49.81413852604603,0,NORMAL
2026-01-01 04:33:00,1498.7306453381786,52.59855274288812,45.72612338989343,83.25773608785138,4.712863810326038,500.93465490080183,7.392108273612811,2.5529633687143445,400.4230543156933,420.88237449964464,49.91315073476168,0,NORMAL
2026-01-01 04:34:00,1497.7958052701536,50.63553544079221,44.98107898154344,83.11304371579638,4.822549403179297,465.86101181121285,10.137566642070153,2.4630310259914885,399.7707175122787,411.69891432801535,49.855185513499386,0,NORMAL
2026-01-01 04:35:00,1496.4254998912143,51.55974238931876,47.82668585363042,83.12395564304022,4.831146555405775,486.329522603294,11.535013456333044,2.4989010742781033,400.6503436902878,409.7195634243166,49.88431685445958,0,NORMAL
2026-01-01 04:36:00,1497.1335743674617,51.95786178046569,45.76912971153173,84.02812447950873,4.983141731841853,485.7815898217738,6.542626489382544,2.608361976975622,402.6444694788061,406.33166456947754,49.94757965314615,0,NORMAL
2026-01-01 04:37:00,1500.0673313384361,50.757428026148105,44.65560527167156,83.60674721738046,4.798053489889545,477.4092838279363,8.710388045123159,2.49313759735546,399.23842484627545,402.25800201607694,49.91749570602204,0,NORMAL
2026-01-01 04:38:00,1502.4778752172708,50.897032196128144,46.70889810638339,83.86778149369735,4.842645494120499,483.3339789183659,8.701679479300228,2.4928615873535063,397.42723004394486,415.8227618992489,50.123607460490994,0,NORMAL
2026-01-01 04:39:00,1500.6010879472492,50.126405002404624,44.02480105115608,83.26043151480364,4.926653130242902,463.8422136889833,7.15412767907242,2.714457063689122,401.238885374546,393.5558404011797,50.06090157509522,0,NORMAL
2026-01-01 04:40:00,1498.7163052849871,50.353439692907116,44.51912058559721,83.08775698571652,4.754496387754627,492.80026400321054,9.513217363990373,2.219853531431618,402.52497186389127,402.82512395291445,50.00491443127407,0,NORMAL
2026-01-01 04:41:00,1500.5762681819515,51.67770104194921,46.583181745678516,83.25965370407674,4.9723809646060815,500.12040859805745,9.94795009532245,2.2664663825005,400.5891525445767,413.59232780229473,50.080132950141966,0,NORMAL
2026-01-01 04:42:00,1498.111872444714,54.84973467423991,48.84825222841724,83.59435956579527,5.004499831889823,492.4451183374328,8.892928005729738,2.7038900187407866,398.3683769869695,436.23300617408023,50.04716311105678,0,NORMAL
2026-01-01 04:43:00,1498.1359785263564,52.374103676586216,47.6449385970328,82.92261377417833,4.838658095751566,507.54042417418725,5.815205305621777,3.006910994182589,399.8141614551472,416.77522141350414,49.9200613484476,0,NORMAL
2026-01-01 04:44:00,1496.3632405783542,56.64017042589875,48.236880423318766,83.75953414511294,4.770866710951803,494.25031717514645,11.095830988128792,2.7417007942893976,398.32221477368256,453.482609078371,49.88425326494903,0,NORMAL
2026-01-01 04:45:00,1495.9491434211257,52.73599482685375,47.23760556909837,83.24747889953107,4.997762364448417,488.5803018325509,6.6873411572195405,2.9002017074830824,400.96428324094444,419.0771469051563,49.84414952570845,0,NORMAL
2026-01-01 04:46:00,1498.7336676595246,52.43242463678258,45.99334658252536,81.84854068576028,4.942592273561609,497.83237686648414,7.656846984252462,2.4374499236246803,397.97306439595235,412.34910460842104,49.957887764221944,0,NORMAL
2026-01-01 04:47:00,1499.5942951698898,53.609059049751735,46.55977979634041,83.4927606039822,4.83834170838674,483.04166207190195,6.221168949184134,2.408674354829954,399.5498068197577,429.94763211273124,50.06312017344481,0,NORMAL
2026-01-01 04:48:00,1498.972544102926,54.1710427852218,48.705838453425365,82.41967703074518,4.9942908413466665,475.78315915948195,5.536375366016962,2.633017062501428,398.49349326055915,438.7351751939993,49.898500745900996,0,NORMAL
2026-01-01 04:49:00,1498.5829373949891,52.92564374558061,46.205831851488774,83.47786862893862,4.962541846276159,469.12258245334357,11.061196878044488,2.7199862294212123,400.19023702770244,427.753012557912,49.909712096224695,0,NORMAL
2026-01-01 04:50:00,1497.6066280296332,52.50939924486606,46.783844142940616,83.48795270820378,4.796615250440102,504.39116299605774,9.543494799320332,2.2627838121921897,399.4504874842934,416.0265166219794,49.98907998114634,0,NORMAL
2026-01-01 04:51:00,1500.9118129082603,51.52339737554839,46.06961789455967,83.18222490430244,4.861228487243866,475.04164430803155,12.366610532227748,2.4725902991895174,400.2651431548754,405.93103942749883,50.08139558895378,0,NORMAL
2026-01-01 04:52:00,1497.2968025877747,50.34466786165997,44.13604634065749,83.25908173712229,4.89249761405015,474.3489698816249,7.485577856268256,2.4980432450877887,400.0335258324495,401.33640348250594,49.891736837251635,0,NORMAL
2026-01-01 04:53:00,1501.1432814165464,52.04387205570202,47.192416088777534,83.52502116677496,4.832372579653286,471.0259114117465,7.037279784997416,2.3846646774199454,398.5200114584138,424.1899339945945,50.08082948060758,0,NORMAL
2026-01-01 04:54:00,1497.4439853566203,52.75790302763212,47.215022710258225,82.72377836698728,4.706437373569827,494.1360533900043,11.332069338211548,2.4151346649671726,400.94031559529355,425.2912146158546,49.93186030401195,0,NORMAL
2026-01-01 04:55:00,1498.220712757872,51.37208383711081,43.836959690396064,83.35115996090283,4.739150850412119,471.98669483764195,8.886483254235568,2.6823346985829466,399.9268515222353,414.49649408085764,50.01570415571245,0,NORMAL
2026-01-01 04:56:00,1496.432172901173,53.17128358797731,47.180191264023726,83.53732758299452,4.693427169794087,481.18686228130736,10.847305792198783,2.625649732097938,398.51720648820117,429.8195534627459,49.884797909730445,0,NORMAL
2026-01-01 04:57:00,1498.2400191802826,53.78588262973053,46.49855614367169,83.8430873246856,4.872430683808688,491.24579339821844,6.110514961615127,2.697549110669196,403.3613898343087,432.3908938504372,49.992615578369715,0,NORMAL
2026-01-01 04:58:00,1500.8683035434744,55.411606867408445,49.34403942685769,82.43265233481925,4.732911721591241,483.30016476347384,10.816651877065429,2.6214910067486397,400.7146452500757,443.8958976773354,50.16104404697378,0,NORMAL
2026-01-01 04:59:00,1499.6970832666368,56.67086455125567,47.55711889397264,83.22303194298125,4.854781168222118,496.5622032342526,5.957277109981266,2.392057310142049,399.77010916990105,456.67845089328523,50.01980773330693,0,NORMAL
2026-01-01 05:00:00,1500.9542693181738,55.012874529411526,47.65124774901737,82.55307171543215,5.032128948318873,506.567156747973,10.114739129020355,2.6347493556619495,402.1228067900527,437.3721657142021,50.034275385562204,0,NORMAL
2026-01-01 05:01:00,1500.2657826020643,53.89251244901759,47.69753202039902,82.53508501917534,4.992075318107708,492.9063375467302,8.069789326657506,2.348506544014674,402.7627234140799,424.06778453530904,50.04498176932986,0,NORMAL
2026-01-01 05:02:00,1496.7152404110866,55.38709965926411,48.286600089700336,83.23404500592696,4.651577435188063,495.16027173170795,10.040109285052237,2.491520328785773,399.7819758665292,446.71178194723444,49.87224397079269,0,NORMAL
2026-01-01 05:03:00,1498.0168535133187,56.60784019013104,49.72766237079259,83.12142966644332,4.709701259594033,500.2760877600973,10.203614474287157,2.3588286709376654,400.52109622965213,459.05141204979446,50.05329350238686,0,NORMAL
2026-01-01 05:04:00,1497.1263943413244,56.56603700220275,47.42120021531236,83.68115113004009,4.748725334981212,494.089778547944,9.44247187096926,2.443482811607854,398.51799577299556,446.93713632084183,49.91321669659562,0,NORMAL
2026-01-01 05:05:00,1501.301011454314,56.80069176882031,50.732329398159564,82.96210754502124,4.7238554801776385,518.7639443884203,5.208436048561955,2.5861026871591064,399.779210873848,458.515141562642,50.029720382465854,0,NORMAL
2026-01-01 05:06:00,1495.735218395068,59.35602156039716,51.13875759502657,83.11773182366994,4.672263925794428,499.6245041560494,7.56336617232762,2.5020620947049075,399.7014061693602,483.2520010501183,49.81605616291793,0,NORMAL
2026-01-01 05:07:00,1500.1528196222332,58.1728787827255,51.26344548263619,83.3254241423756,4.832407483179964,505.71433735917856,10.943347423940624,2.4050963058223593,400.2772405504325,465.3717992530184,50.0599549969881,0,NORMAL
2026-01-01 05:08:00,1499.9324930312043,59.26707354506557,51.43448429627258,82.83200849008865,4.913869885139883,508.5850130711576,7.084563709512342,2.820230229767072,400.4991407179555,470.0465774368158,50.041109138348205,0,NORMAL
2026-01-01 05:09:00,1501.8867027553927,58.862688240197784,50.306002829663626,82.93793511077102,4.936644701656868,516.1070339120236,5.922175280161508,2.5647085389264057,400.8397426732421,471.51659928921606,50.038022373275716,0,NORMAL
2026-01-01 05:10:00,1497.4951616479925,58.427325833743346,48.77219728933484,83.88749542050327,4.774802474515553,515.5273798060382,5.488012632247468,2.478687649050849,400.35646398444993,464.66593682894325,49.94532795552254,0,NORMAL
2026-01-01 05:11:00,1499.2996684116167,60.624879537717725,50.81137454138193,83.1042773310889,4.8107240833466625,511.86689033714134,8.058643929026927,2.389768973236782,398.18388606005624,481.9153857519598,49.901227815309916,0,NORMAL
2026-01-01 05:12:00,1502.1081612259388,62.27571223569379,53.95499067427885,84.0320964887899,4.854925794736677,520.8716577560588,12.805618321588549,2.248358145328308,398.59229934138835,500.371618221908,50.07952056961829,0,NORMAL
2026-01-01 05:13:00,1495.9841703445936,63.902731507695066,54.72707668627342,83.818356529545,4.812784313225185,526.9449078160723,6.3926158084990545,2.5946179123307265,399.1803885708045,503.203204686411,49.88877682909029,0,NORMAL
2026-01-01 05:14:00,1493.6271816805345,66.51368912200373,54.28861349309854,82.83528008970447,4.92435507581549,510.076495371307,8.182281692998139,2.389493150516043,399.5766391121152,524.8898683635687,49.87293921316244,0,NORMAL
2026-01-01 05:15:00,1492.9288405711306,66.55569680526924,52.11511379695936,83.96290003993614,4.863778485484729,517.0550427936646,10.226092896600996,2.8079642599248826,401.5761614357082,532.5420288440235,49.72575374556792,0,NORMAL
2026-01-01 05:16:00,1497.841503508151,67.91960274785916,55.53907191441038,84.05509445841224,4.781267668480353,531.6679727102875,5.967905716137221,2.6850942663982975,398.2555915197206,543.2452792883112,49.864132485498246,0,NORMAL
2026-01-01 05:17:00,1492.7738857369484,67.29906923467226,55.09173865267424,84.0892547117103,4.63255127460045,529.9307555575842,9.934322381592064,2.9846628481743496,399.46387742774397,540.1103267625778,49.7143581265187,0,NORMAL
2026-01-01 05:18:00,1495.6658815061944,67.94740193964914,55.5186685517491,83.89164687550507,4.972070223038099,525.8230825691307,8.211205924066316,2.7240888740439178,401.4295142473211,552.95534245961,49.78870095852407,0,NORMAL
2026-01-01 05:19:00,1497.337203207895,67.68711583091377,56.14080870037966,83.56935681013499,4.7600046348528675,544.4007311219344,10.61974937684822,2.531539598857208,399.5501837882551,542.0194968276893,49.978072974817785,0,NORMAL
2026-01-01 05:20:00,1496.79412952148,67.88110776089921,56.60487723586119,84.78622438068595,4.840031376959306,537.605061373322,4.948201030547859,2.302809557135302,400.6906234747642,546.0397228388676,49.9705696154672,0,NORMAL
2026-01-01 05:21:00,1497.0366053660139,69.07142181177304,57.43315263416334,84.14281822099241,4.625484468708242,539.6030308673372,8.02122060817548,2.8520229908660815,399.79068693560816,547.6937098161111,49.91723100776457,0,NORMAL
2026-01-01 05:22:00,1496.9575836225406,67.43498044530608,55.90669740731901,83.8113655191764,4.822641031277892,523.4608788134974,7.061236956791389,2.4145601523459828,400.3851748859871,543.3195318800314,49.95965086803561,0,NORMAL
2026-01-01 05:23:00,1498.2337806272913,71.61975499667702,56.17108229608357,84.57792517792181,4.818467692527784,550.2236938459216,8.172926161751532,2.6345686454288177,399.65729118428567,570.3260856478628,49.947823939938715,0,NORMAL
2026-01-01 05:24:00,1494.1738231917868,69.60772023367761,56.42343240751327,84.04825034632377,4.833895200328291,517.3601732578855,11.653473398399465,3.030894851647759,401.0005982090925,557.2188660323263,49.80103852400786,0,NORMAL
2026-01-01 05:25:00,1495.2101411214626,67.17934300810214,57.61169558841047,83.98750126075832,5.1216293030566336,533.4981374202991,3.8983838936191395,2.7939900998907667,397.6824153888903,536.8905009394713,49.8236861564294,0,NORMAL
2026-01-01 05:26:00,1494.5555681584378,69.49556475510228,57.07155558786385,84.33639122290867,4.750160338162484,543.8663133309356,7.642388110064853,2.772928738458011,399.45503198741716,561.1293892153884,49.802999389045716,0,NORMAL
2026-01-01 05:27:00,1497.4446055951196,71.07889014302815,58.01515365426075,84.26482903348337,4.896769842026002,551.1952653438135,6.740169145666762,2.8996533900543033,400.44485901504146,562.0812383723502,49.83743010868854,0,NORMAL
2026-01-01 05:28:00,1497.3353712213636,72.32712977713246,58.755763806053324,84.22215140586289,4.86788021710368,537.5039365851709,9.678963362528826,2.90468126155243,400.8005428720093,567.2008450439845,49.924391778892485,0,NORMAL
2026-01-01 05:29:00,1496.1856864795047,73.58382079566101,59.56567209990259,85.1691752251067,4.728752596231107,559.7915401517283,8.785829907134358,3.0520274943474446,402.23942893413073,587.6034028798484,49.870839520472785,0,NORMAL
2026-01-01 05:30:00,1497.6551218837865,73.5593272499672,56.7524841688944,84.79085735570251,4.884749793204042,547.0433326762399,9.525609406722602,2.615157402405898,399.4134629997016,590.8172742842632,49.959105432330105,0,NORMAL
2026-01-01 05:31:00,1493.2909545638481,71.76481850699552,57.81936678728625,85.53306939784248,4.77290651835007,543.052166451561,5.469383844811034,2.6423113543838026,402.2192226427913,574.8798949350017,49.7810413269502,0,NORMAL
2026-01-01 05:32:00,1498.9511626984256,71.91642762338299,58.1119637422351,84.53648337774358,4.8967946542028,558.8868105400671,8.668950261074501,2.534687350421492,399.0114642600105,581.4924421741334,49.95690357153573,0,NORMAL
2026-01-01 05:33:00,1498.9340564033528,70.56210420035876,58.61875791946867,84.13999485673081,5.013296365207555,567.108501934853,8.068181378692815,2.699081514726793,401.992969617317,566.6836969737684,49.920908895278046,0,NORMAL
2026-01-01 05:34:00,1496.9687752610525,72.51234366719426,58.55507909493885,85.13448804531585,4.812390128157093,554.3067904232067,4.6704311867670025,2.6986768908379037,401.22620069004756,577.2795076782547,49.902566837209505,0,NORMAL
2026-01-01 05:35:00,1499.119952036704,72.21822890418998,56.68442595591205,86.03793952288986,4.751128686635358,544.5928465782627,8.130543274170579,2.371191841574785,398.62981213055167,566.1187304628215,50.00757692943094,0,NORMAL
2026-01-01 05:36:00,1492.5733066825235,70.56723451060496,57.770429862534726,85.40609735503453,4.897033671280351,548.8720252622174,11.47890098014645,2.5748921936871403,400.4605588558777,563.3513149138636,49.69527660652992,0,NORMAL
2026-01-01 05:37:00,1494.9662111620148,69.92446282729897,56.15085304813663,86.77074687612429,4.904250379070948,554.1259114705379,10.997169020933402,2.9870679351127833,399.9231462467017,564.5354976296808,49.836580726417864,0,NORMAL
2026-01-01 05:38:00,1494.379327931466,70.75032573585023,56.23340980042872,85.35808863413294,4.704512473378137,553.8361157342032,8.258006221668087,2.7563449763359196,400.9383768905125,564.0423669734662,49.82429641195868,0,NORMAL
2026-01-01 05:39:00,1497.5183833214662,69.62287663024227,55.939566931428786,85.32605275484525,4.748183235949287,571.1111969304854,7.611102284049051,2.8393084899197656,399.66509261735,557.124614360327,49.88137620486796,0,NORMAL
2026-01-01 05:40:00,1494.3040313529739,67.97843583910941,56.32956573313016,84.12985265087636,4.884945274166599,530.7711497459363,13.49868848448869,2.655675424820958,399.5391306615074,545.9342879844088,49.780741563187064,0,NORMAL
2026-01-01 05:41:00,1497.8218282462562,68.46581026209323,57.338247397016005,85.42552948430709,4.778286209272386,542.1526507165192,9.09476615754197,2.307239397781364,402.05364187414426,542.6500202254967,49.93892481731351,0,NORMAL
2026-01-01 05:42:00,1498.9499236071313,68.95574340431068,56.856375987764,85.3043932405805,4.698478933889711,556.8342814492695,8.525984397925296,2.6638302496771993,399.8519186583165,554.7621267176795,49.908326402656414,0,NORMAL
2026-01-01 05:43:00,1497.8020343894543,67.94185705356841,56.39713745575806,85.01449193549833,4.853779644079572,552.6580920576748,11.229663573868853,2.88775788203988,401.23963348628763,551.7204653785558,49.94423066541095,0,NORMAL
2026-01-01 05:44:00,1497.1675459588566,66.99978044233177,55.67291353823706,85.1389591998925,4.864369787572827,514.9984522829175,6.928745019944154,2.4328610461745357,399.6619727724337,535.1341767791871,49.860817146612256,0,NORMAL
2026-01-01 05:45:00,1494.5314772547893,67.46388031704704,55.57965536708869,85.16763598587202,4.763208704692863,536.0900049092648,6.615583593187253,2.824046588519198,402.4999948888413,534.0657204272148,49.87085859314464,0,NORMAL
2026-01-01 05:46:00,1495.3927557409388,64.5677116340524,54.43755761539419,85.07839721090086,4.804566932315106,540.8321983776704,8.442331225987479,2.3053107824819885,398.98249805599676,516.2086879373094,49.963316578634036,0,NORMAL
2026-01-01 05:47:00,1500.1486809935334,61.75278408529929,49.63289498411015,86.15480351572681,4.719246622790852,545.0411742025389,5.935783432899225,2.621566088499459,399.0787847031292,482.90035213935005,49.96191819303269,0,NORMAL
2026-01-01 05:48:00,1499.4955188792517,60.315895642794416,51.30062573698149,84.85596265330472,4.693357004342708,518.1435935872886,8.308082072078612,2.71206264645727,402.28677577167383,484.2116814622384,50.00989435576046,0,NORMAL
2026-01-01 05:49:00,1497.9441606933708,59.88900133937072,49.88847576900018,85.05778966033552,4.749137746130471,505.93287175083265,9.509839045456305,2.536467508539829,399.3325804136571,481.3733826032086,49.89513492786826,0,NORMAL
2026-01-01 05:50:00,1497.062017614355,60.51081647056673,52.46939245488418,84.71334288072292,4.813126377403132,501.6958261226096,10.780657449146393,3.099602472796337,402.40161145924657,492.46471323376164,49.95411496250173,0,NORMAL
2026-01-01 05:51:00,1493.2560784728842,63.46152890446584,52.92976203746264,85.28145649401078,4.646861947972854,544.302784740939,12.011476617217498,2.535977201626938,401.33776086939224,506.72225727289356,49.711939695308544,0,NORMAL
2026-01-01 05:52:00,1494.822925532457,65.17684815086987,54.13705697878975,84.9708186424127,4.758182334026531,535.4063843927022,7.685511013019399,2.536085233973058,399.76802544015874,523.4572118976913,49.851460189003284,0,NORMAL
2026-01-01 05:53:00,1500.8514439560909,64.85697109094302,52.40911078031201,84.73255304591918,4.81413195214089,518.5187295494463,4.960126716176838,2.689468119280431,397.2800597919743,514.5493282156147,49.98473201685856,0,NORMAL
2026-01-01 05:54:00,1494.4753011229675,64.81893867513764,54.908194094095435,83.89986838979328,4.941468623216622,524.834721699644,7.47796378025132,2.4971947595839348,399.97102254359226,516.7693737984757,49.80549414131067,0,NORMAL
2026-01-01 05:55:00,1497.8161836532697,62.81387994586202,53.31565608779102,84.95606967726938,4.76961937097456,522.9504449788042,8.527411020511838,2.339871280695558,400.15244508030014,494.8851123835852,49.87565485801829,0,NORMAL
2026-01-01 05:56:00,1499.459517211615,62.77685367387724,53.22306008666685,84.65266694308914,4.682356426127295,525.1570543974516,9.852614827166944,2.408234581754329,401.75082659995655,501.24088128460176,50.02310143059862,0,NORMAL
2026-01-01 05:57:00,1495.050247384788,62.19953639603696,51.506698985453355,84.7462767114036,4.784108464502155,508.7021908106714,8.815642247018172,2.7735927158699485,402.38267076436017,496.06974540070286,49.793159228437624,0,NORMAL
2026-01-01 05:58:00,1497.8004262462196,62.84497351671315,51.93334426508976,84.16284380736293,4.760086193443732,513.8155031272411,6.567376510714284,2.5674618233920605,398.97251923128437,504.2557869641496,49.95427908784058,0,NORMAL
2026-01-01 05:59:00,1499.6377287490996,61.1905116296085,51.937906432211,85.43358509079306,4.846546153689875,497.6374450799002,9.542671263840369,2.95230930639647,401.20177264598226,486.4061086352048,49.970719390223536,0,NORMAL
2026-01-01 06:00:00,1497.5791577121963,62.22920465809084,51.643024384606456,85.12063408875923,4.7637967855885925,528.1998391993657,10.36179703180809,2.534044797566401,401.14810323402,498.2503640196022,49.91358163848327,0,NORMAL
2026-01-01 06:01:00,1502.6778696145145,65.294682484096,54.61170245313494,85.41419226557895,4.520659492530494,525.1152040266328,5.814080018480053,2.7950488957874198,401.6101190536157,520.6905595947296,50.096650115853826,0,NORMAL
2026-01-01 06:02:00,1493.6473690448072,65.07716218718228,51.88538470954265,85.2763763404601,5.163634923310578,532.4332841469709,6.752849487014359,2.752940017764197,400.7480348682033,518.9598005559607,49.75015440124397,0,NORMAL
2026-01-01 06:03:00,1498.9413399334917,65.88058563138017,54.04080682242151,85.01060670594902,4.814024195040113,544.8046347955939,9.859843498744915,2.5675756948777977,397.08625346355734,527.4464966808565,49.97522968679343,0,NORMAL
2026-01-01 06:04:00,1496.2022218022466,67.26087361480239,57.153277634307926,84.1674798964798,4.8255695531012615,537.6117590755478,12.405088493404707,2.496846950314842,399.76686635120836,538.2896036300042,49.94992412162594,0,NORMAL
2026-01-01 06:05:00,1498.2521537754674,66.45843267103072,55.314545430614196,85.67516271673814,4.6323557484655336,531.4748095891168,12.867239800402116,2.318223586925118,398.2664386376246,535.473331563504,49.90283371989061,0,NORMAL
2026-01-01 06:06:00,1497.501290776468,66.90661763465155,55.31076424532192,84.30787888251666,4.667385495753505,536.1123764901197,11.00422542849406,2.779690332282534,399.6960913406229,534.6497259065633,49.97530019971263,0,NORMAL
2026-01-01 06:07:00,1495.1473271185369,66.93180243621514,57.14430799740044,84.65478773672795,4.797709349498138,534.8932445652553,9.897844786507196,2.9089699708721803,401.47000635420085,533.7049927441061,49.913149118958955,0,NORMAL
2026-01-01 06:08:00,1497.032561858256,67.1271546333128,52.940339161186245,85.16051247270713,4.830406883777022,547.4066911953742,10.793775512557886,2.3532854119822812,400.45772625381244,536.1131998410663,49.8602776458238,0,NORMAL
2026-01-01 06:09:00,1493.167970084083,65.58113506560187,53.53336992457301,85.18727423743557,4.866465929168963,532.6423567049945,10.339864919997579,2.581722363656684,401.7221362995962,521.07575994061,49.699512939214905,0,NORMAL
2026-01-01 06:10:00,1498.0804639183186,65.63015541411976,53.97692007672446,85.09741378591264,4.8217954900135735,524.26153375363,5.389303606596223,2.522917888102648,400.5126308810703,523.2416878451247,49.95111350895254,0,NORMAL
2026-01-01 06:11:00,1497.271086532659,66.62615199661066,55.834042430971785,84.62293359319868,4.688947107819213,543.6700225570348,8.116749061260657,2.776535350030148,398.05251109049664,543.1650095382514,49.88166584161696,0,NORMAL
2026-01-01 06:12:00,1497.3716324948462,69.52843921220074,57.59271989054868,84.55872092650654,4.558378920561864,555.6543808062861,8.61062454205978,2.6295538545314736,396.2187294901409,551.6641198941265,50.005817910786355,0,NORMAL
2026-01-01 06:13:00,1497.8268404773,71.44698086437116,57.00218180964007,86.18460530767985,4.766285658908583,536.6811267570945,8.270260086708308,2.9790659227272744,400.2232131425194,570.1825652455727,49.92930172626833,0,NORMAL
2026-01-01 06:14:00,1495.5845705245406,75.75334577939427,61.4499617897791,84.99095062467862,4.746783520445515,580.464549075561,8.431350449214607,2.680654819600573,399.67911030047327,604.0893229188057,49.812709047082926,0,NORMAL
2026-01-01 06:15:00,1495.452448708873,74.21865065361817,59.12787562484919,85.0021212567142,4.673700402454488,563.4123950197485,7.621822010540905,2.494909814629001,398.5345813909272,592.5133471677234,49.79105698141184,0,NORMAL
2026-01-01 06:16:00,1493.0452049412654,75.96329192705952,61.78961478188488,84.81084075776045,4.8865890072553535,568.7042212461743,7.048824490523886,2.6658718542284325,397.4490591255229,606.0501388720842,49.82266874599672,0,NORMAL
2026-01-01 06:17:00,1493.3095632849947,76.32997593853622,59.765342864999674,85.37265594470499,4.6349892061879014,577.2211621008419,8.642318612231279,2.6915768393536115,398.89788517979093,612.0360080143947,49.74842624412895,0,NORMAL
2026-01-01 06:18:00,1496.2315528793602,80.70958180497158,63.30243748391678,85.46908162210988,4.852315251503461,576.8137724073578,7.005713564528594,2.9123158071486484,399.7082627727028,637.1257789328137,49.8765765359517,0,NORMAL
2026-01-01 06:19:00,1497.0540737645597,79.09298523426126,61.965623825180195,85.4583363151031,4.64981947619619,586.3670934618236,8.512552657258727,2.7162260412695156,400.99881673555956,637.9297392367502,49.94959259607428,0,NORMAL
2026-01-01 06:20:00,1494.041070817396,77.41354154989972,62.50415530150554,85.7312212469163,4.798784443620007,567.1796407272705,11.974886029605782,2.8621547181790725,400.282946622352,622.4712463974088,49.777156109649994,0,NORMAL
2026-01-01 06:21:00,1494.8490542427041,76.21475625901166,60.20607253884082,86.47966574024916,4.863804117396879,552.0021401094374,9.793492838139946,2.6040507081723128,402.4121008707591,603.5036921417776,49.82600536665313,0,NORMAL
2026-01-01 06:22:00,1493.797378287934,71.96696481039206,58.137730357223475,85.31308984443301,4.759944871551112,541.9068140453029,10.100227188761135,2.660734312144989,398.4465939159319,564.3903321183744,49.792417522440005,0,NORMAL
2026-01-01 06:23:00,1498.162422737129,70.91545476703054,58.05608425788137,85.63388077948444,4.956314367860993,553.8743100136392,8.931469796580886,2.552147692327801,401.32158833808614,562.4382774055373,49.972913650146765,0,NORMAL
2026-01-01 06:24:00,1497.451395758599,69.39718944392314,57.18357214938,85.27533336005672,4.986281965358216,533.4354796537843,6.976554879300489,2.524643576504004,400.07094811469307,553.9641832442495,49.94458374206214,0,NORMAL
2026-01-01 06:25:00,1499.9428394695524,69.69797701687556,57.7057388175985,85.73728024843503,4.808971895033265,560.0436807909609,6.476156242197617,2.951946481625558,401.04200368617785,570.4852756284583,49.98708896242234,0,NORMAL
2026-01-01 06:26:00,1494.1670560519544,70.38148896842988,57.44001815790259,85.3035861416732,4.848066814225564,558.228045923901,5.561930367257743,2.560788975392445,399.3452277051017,565.7681965723104,49.80875098813998,0,NORMAL
2026-01-01 06:27:00,1494.4172180725911,74.13383064686164,59.06204947283715,85.35943834533182,4.898882119725015,572.8027989243453,10.902983087407264,2.6718173500390634,401.6075205608359,584.0326969289858,49.7953183185102,0,NORMAL
2026-01-01 06:28:00,1495.2559561804044,76.03467832323375,60.2711082485815,84.94291698675919,4.855584297513365,567.3691599280922,7.618780136424203,2.9692676752222233,400.44283713751787,604.8291490613652,49.767984585667506,0,NORMAL
2026-01-01 06:29:00,1496.3168048730697,74.88087101190894,59.954194922352976,85.75766974119698,4.828570926935915,564.6616647146309,9.130319677358486,2.898808989373395,398.98083252262336,598.7809059139066,49.890106871972236,0,NORMAL
2026-01-01 06:30:00,1494.9518563910622,73.08404166921223,59.10001747760172,85.94003354142323,4.728792388893926,543.8570272997999,9.047404818116515,3.0590818600244294,399.98196395663024,585.9407511251883,49.92633813441039,0,NORMAL
2026-01-01 06:31:00,1493.4405018166476,74.06788001222523,59.2935563594867,86.68022776328398,4.59765982721655,569.1954151443632,11.861218376621853,2.837239173023088,399.64066621159435,585.9692957962498,49.73716410352037,0,NORMAL
2026-01-01 06:32:00,1497.4773323382103,71.42741359818396,57.87565157987592,85.98242614683369,4.641341935738378,553.7942821440148,8.743988182251291,2.594194258044628,400.7337675259567,570.7443576455864,49.877259592460206,0,NORMAL
2026-01-01 06:33:00,1496.4242044991126,75.09033112989266,58.53694481736349,85.55611508738025,5.0271144341285465,568.489215207547,11.462278054218885,3.1623322410901067,398.23033487593824,597.1344533510886,49.8372704280549,0,NORMAL
2026-01-01 06:34:00,1492.6776095246057,77.44921137133524,62.13688210725582,85.15508047981002,4.8291442861843,587.9553579142021,4.760348294833319,2.8909082626244063,399.9559724468265,614.0748981576703,49.79214990642301,0,NORMAL
2026-01-01 06:35:00,1497.4087135887858,76.51086006712583,61.08762832916493,85.26567710058923,4.770118109849083,561.7283803954654,7.08206834173037,2.734169532910925,400.592960878974,613.3848587705014,49.93604805900268,0,NORMAL
2026-01-01 06:36:00,1497.7234792166043,73.08459100894407,59.85262501890753,85.23407856580985,4.921651154595594,554.5346530325311,8.906407731915207,2.7423390200295445,400.0495349607896,588.5461139387667,49.91618908926599,0,NORMAL
2026-01-01 06:37:00,1495.1101258430406,75.7923357572749,60.47556196177202,86.85233037443483,4.68800759522512,568.5398843658837,10.852900341261048,2.793779673462892,402.0204118665835,610.5438924430073,49.79110324168607,0,NORMAL
2026-01-01 06:38:00,1495.0465445113982,75.56325606676965,58.59955606154001,86.08438744732213,4.836623077794876,555.1170421791068,9.08263296307024,2.7082701857098317,401.16103416110656,607.3779802898266,49.8395036566286,0,NORMAL
2026-01-01 06:39:00,1495.5003378040885,78.03888869071659,61.464887025123275,85.69837657985705,4.793751671758863,571.2601222047396,13.270700770630507,2.5052177665237325,399.98877880488885,621.8242618600314,49.77178015376949,0,NORMAL
2026-01-01 06:40:00,1493.3065871848619,74.85003337312784,59.710090100758286,85.52526184281342,4.835497513254092,566.9046149106172,7.830745153857029,3.073844544180595,400.3250336462465,602.3730157923403,49.784057567838275,0,NORMAL
2026-01-01 06:41:00,1495.329806292884,73.6512833272203,59.93367330176578,85.57987971575395,4.754761418755535,554.5252789315427,10.036580523398925,2.7321460180372488,400.443498327223,590.7555388082839,49.88790309573387,0,NORMAL
2026-01-01 06:42:00,1490.9628787654503,73.66177072665667,57.1267888914806,85.70595051760402,4.689411558918882,570.9060916405895,6.805953759787726,2.7733170098070956,400.6049494062502,589.9638752280134,49.636202668683325,0,NORMAL
2026-01-01 06:43:00,1497.0017649081685,73.75573191418616,59.29461866546063,86.67213166635707,4.684270259358895,543.0358160814816,7.777573577447298,3.1531861310207576,397.2615130065031,586.9873897049803,49.823432916430804,0,NORMAL
2026-01-01 06:44:00,1492.3058933608706,72.85560097122766,59.2270357985299,85.99350563066544,4.701741467160661,566.2223158016302,6.017831373485712,2.5918989570687594,399.547710556346,580.3604271331136,49.82250167328043,0,NORMAL
2026-01-01 06:45:00,1498.1865794896732,74.10130083592266,58.799292616272076,85.29162916305376,4.793870385506709,565.9664076738893,11.141911656128396,2.8721100733020477,397.7733413977099,593.1798413680041,49.90896466768054,0,NORMAL
2026-01-01 06:46:00,1494.9465478166355,71.96605997715747,58.25426399611133,87.15636921066124,4.601259097739381,546.1929240444852,12.405262115435798,2.561200863057578,401.9174214211892,587.9278521521873,49.88834898618504,0,NORMAL
2026-01-01 06:47:00,1495.2404058347147,71.68130100711488,57.38174409511908,85.41499807314672,4.666957177034856,541.6404678426021,11.865655441228379,2.7810172425802366,399.90872571999563,574.9566204573761,49.83364697789727,0,NORMAL
2026-01-01 06:48:00,1494.3601537337233,71.92189227053868,57.423562429102816,85.67696454901295,4.800013138772661,530.9237967744608,9.735085800726521,2.7595200719556585,399.70998857548057,572.319195653058,49.80390738361038,0,NORMAL
2026-01-01 06:49:00,1494.8337682644246,72.95076993865618,58.36204211306239,86.62553396468367,4.754721816264936,547.3759446611583,5.976627733927387,2.8876279188146254,401.34519599804986,579.4442122844022,49.84971291045566,0,NORMAL
2026-01-01 06:50:00,1497.9622627513293,74.37399969483397,58.91370782443337,86.19001324416213,4.795222888542428,570.780765481949,10.09939614489067,2.9853737404864065,400.6334871961748,592.5331644953908,49.88787548220699,0,NORMAL
2026-01-01 06:51:00,1490.599439584698,72.12471551115823,58.95844761863127,85.73691363119492,4.780757373942791,551.8756470262671,6.024996139835583,2.605342936871648,398.3070482284312,587.8841913270112,49.693272843331386,0,NORMAL
2026-01-01 06:52:00,1498.7426333382389,69.05648716968697,55.69894042497681,85.3166173417953,5.045562673852916,553.3275138978229,12.515434780312367,2.9738998398416534,399.89364195620897,550.455614127766,49.93901330720009,0,NORMAL
2026-01-01 06:53:00,1496.3536787995065,71.611840813484,57.06419448104246,85.43666383535907,4.803940566691906,544.4427321409485,8.301895970418052,3.0136145958471023,399.4972495401604,577.4290791809234,49.8124312878133,0,NORMAL
2026-01-01 06:54:00,1493.1306629367969,72.27646883744318,60.13380996930543,85.46169382614107,4.752858158528451,560.0387025321168,9.538435077620855,2.67276761143573,397.38320066709093,576.3321094721887,49.78789620162955,0,NORMAL
2026-01-01 06:55:00,1493.6934760610357,70.77949576433008,58.42843747042208,85.89923084776343,4.792128561580882,540.5532491543111,10.59835687063974,2.706478441362675,398.9645856501442,567.5418888210388,49.77661714502396,0,NORMAL
2026-01-01 06:56:00,1498.5764261113413,73.88179971537512,57.46756646856587,86.00328166447723,4.881929870961489,548.9305489417145,5.024646672264378,2.6399479731638635,399.7246895169753,595.0131240930446,49.94469629562247,0,NORMAL
2026-01-01 06:57:00,1493.2863564433223,74.11314898396084,58.70312110052397,85.84692160873108,4.778098728887632,558.3247492721563,7.594623657043113,2.6800432470708806,399.82757360276224,590.0456776226371,49.71570383427337,0,NORMAL
2026-01-01 06:58:00,1492.3989503083903,76.47174335208848,61.125508982975795,85.93709444058568,4.849730947051911,561.0014366191098,11.333616752820124,2.5240223024708714,397.77665286448405,608.568388545944,49.82620169533448,0,NORMAL
2026-01-01 06:59:00,1496.9532730217477,76.6067803149087,61.287823256176715,85.46581173057578,4.830288361828706,552.6955096118083,10.556555410739138,2.9215749576149252,401.7274983745712,621.1485909915463,49.94227814337756,0,NORMAL
2026-01-01 07:00:00,1494.5314505196372,80.72827616467268,61.94647283306671,86.20987480686738,4.746760946178388,580.7258195691844,11.254341931644724,2.3972239831417723,399.84684541166285,650.7491737918604,49.86592281152984,0,NORMAL
2026-01-01 07:01:00,1491.2763572770154,84.23895784955909,66.70194020255776,86.80502006725003,4.774987178543195,595.9007066377698,11.35062077126022,2.702970608343054,400.05632961499083,677.8650243899264,49.69393967411177,0,NORMAL
2026-01-01 07:02:00,1493.685044040289,83.74102955260095,66.06984215074219,86.17345482305734,4.93642311495806,605.777189549064,5.9345832529520015,2.8281778853120962,400.60096245750975,673.8646178864221,49.70304232353447,0,NORMAL
2026-01-01 07:03:00,1490.8116603418175,85.68417145450965,66.89240450474612,86.26678957228161,4.798972038058165,609.2626568621145,6.668275479498318,3.1168011806306843,398.8178856191445,687.7712490776325,49.79136788051839,0,NORMAL
2026-01-01 07:04:00,1494.8066581261091,86.97492335367996,68.5416825029201,86.5083563920103,4.671230769742687,616.6116637302082,9.233269481819331,2.760700319676418,400.684533959699,705.8882658953149,49.82383372880334,0,NORMAL
2026-01-01 07:05:00,1494.1803046359973,89.71218646874465,69.2796018738177,87.15434359291704,4.724962085428372,621.1962276245413,5.614059719674905,2.982692198907962,399.4493880309727,717.9170332593429,49.768570164732246,0,NORMAL
2026-01-01 07:06:00,1493.507544488127,87.78233954758444,68.11798460780251,86.24930610003422,4.563589153026035,610.5643160060453,8.086956804263917,2.861626572585798,398.6551216890292,705.1450282166801,49.80442489499506,0,NORMAL
2026-01-01 07:07:00,1492.8924336289776,89.15444246758132,70.05034475237103,87.53025247861214,4.763134821103045,599.7510995718156,10.522609707550158,3.0805682047702803,400.8601712400331,705.9809750976805,49.82143716036609,0,NORMAL
2026-01-01 07:08:00,1495.5223762497346,90.0,70.10121958072772,87.12480581364139,4.888710118105454,616.4987219793527,5.315835041445702,2.975117149791474,402.2375107882027,715.8751965670438,49.84959334718688,0,NORMAL
2026-01-01 07:09:00,1492.4486101610896,87.75381246843426,66.81078002214902,87.00910776282754,4.625677267930064,613.106281412828,9.53581993799444,3.043580002292287,401.0872440602287,696.0264047482989,49.81221576376662,0,NORMAL
2026-01-01 07:10:00,1490.5587926605378,85.38729544310272,66.86557244453354,87.65385953663204,4.761896082718164,613.4299135445638,5.432627116074373,2.743745971400109,401.38446634771066,689.4686814624025,49.73944308561044,0,NORMAL
2026-01-01 07:11:00,1494.6371816081482,81.30883108758252,63.121030787590925,86.46582743909309,4.869226631805067,591.4437942238569,4.866806757499691,2.610283332044158,399.21905409015653,637.7079479405564,49.76742032756817,0,NORMAL
2026-01-01 07:12:00,1498.0180906153355,80.7700174186934,63.96616500216631,87.32166473684869,4.862680568582674,595.098895311481,8.987526268316998,2.8811258379976064,397.60357040624734,644.1485892357836,49.900246848561544,0,NORMAL
2026-01-01 07:13:00,1491.5294606275713,82.20510193028532,64.799674665191,87.29322406200005,4.882115635987582,577.3978778423462,11.360289416047223,2.724505415495001,402.23520628314975,642.6722824289794,49.765525545749696,0,NORMAL
2026-01-01 07:14:00,1492.2351112597166,85.20981603447738,64.74242230823043,86.65572259435146,4.58006016497842,594.9701798591898,6.165656216835084,2.858162934714768,403.08177233410714,677.5220887984096,49.60553974713337,0,NORMAL
2026-01-01 07:15:00,1493.7612909571394,85.35800559531694,66.09295774587913,87.39765633078329,4.802539968845514,603.046526720222,8.18483329326416,2.917035044005987,402.3142101606545,680.4093000138762,49.7845702472464,0,NORMAL
2026-01-01 07:16:00,1492.1691429646964,88.61523668645953,68.43439903545612,87.38156716439423,4.601812138202655,621.762855310034,10.564853472995113,3.13453387299554,399.4963210915304,715.8462489606464,49.66742987207531,0,NORMAL
2026-01-01 07:17:00,1490.8643860852394,85.85503377002973,66.07673007102369,87.19172877233002,4.656332210896153,599.040331736715,6.813389887699614,3.015864466378297,398.2680484919067,688.8234098563452,49.67165184610297,0,NORMAL
2026-01-01 07:18:00,1495.7540619341971,82.44826889131943,64.78367127718242,87.71806419053357,4.827750942150179,587.7444815281265,7.8308283933501635,2.6882807543584,398.4014759532707,655.4204435139106,49.84352772668844,0,NORMAL
2026-01-01 07:19:00,1498.172646745329,82.3371734935262,65.20820187311678,87.0049021971338,4.775706668242486,595.0515102873716,11.323189439554108,2.5943672873837507,397.4744011485789,664.0272065468687,49.92117600594893,0,NORMAL
2026-01-01 07:20:00,1493.7712020397669,83.1053043914048,64.83258957061211,87.43723132271161,4.823888980969706,579.6098570984655,9.21468229679997,3.172529264864938,399.8389320723849,664.9315964038872,49.76476033871993,0,NORMAL
2026-01-01 07:21:00,1491.5838804414848,83.03991489521661,65.04854841383822,87.2461639075618,4.662165061368594,606.7137476314925,6.652834971333362,2.513867214557297,402.4085169371237,664.5071534552692,49.66460549890139,0,NORMAL
2026-01-01 07:22:00,1491.1210728108656,78.90503069513686,63.72644249563809,86.9739268263489,4.90788177448931,567.3762465019022,9.881709044620969,2.6985497374131584,399.78750605219165,625.2268880222349,49.81863132370312,0,NORMAL
2026-01-01 07:23:00,1494.77059383922,78.72679061611129,62.709270952892,87.50224940973882,4.818788405189329,556.3578729207965,9.237932651800676,2.916316870225536,400.4534843505224,624.8642563593746,49.919059561515404,0,NORMAL
2026-01-01 07:24:00,1496.9841843636123,76.11785161510159,60.87153525873542,87.09318891447812,4.847066033639784,566.5131507380813,6.214502851888815,3.088930765541022,402.0633954464563,604.8173264210851,49.841369521107595,0,NORMAL
2026-01-01 07:25:00,1495.4588961504382,77.45719671276166,60.51623864801563,86.42323244387931,4.6635186735109,588.0847755184216,6.871957344044576,2.7366396621027778,399.3938570322514,619.8898800678642,49.927735709246456,0,NORMAL
2026-01-01 07:26:00,1494.3571136771711,78.19039320495534,62.58526193436205,86.23138476974665,4.892512428626329,579.5309075206798,6.834792101662615,2.787372530903732,403.0532971850794,625.9125742745462,49.791930514715396,0,NORMAL
2026-01-01 07:27:00,1493.5593299699613,76.31063363230064,61.11653012877232,87.48223218342076,4.718739198667544,574.5981231430886,5.366572268077383,2.5881008520035214,402.9881416112462,618.2055323760253,49.7917703726653,0,NORMAL
2026-01-01 07:28:00,1492.7590927750384,75.28289979762725,61.45347931227776,86.42609575191187,4.710355457947223,563.9040069147666,5.758198676636015,2.7781522204033133,399.8033329919793,604.1884742207072,49.75547272783977,0,NORMAL
2026-01-01 07:29:00,1497.03660810188,73.16447275384935,58.94556219561292,87.10758967206768,4.820394560563213,554.551879665761,7.6347974956773825,2.501613931678318,399.1336986039712,571.7779535624343,49.86823283799997,0,NORMAL
2026-01-01 07:30:00,1497.2197203309104,73.039114559303,57.0072022354478,86.93008109853808,4.819719555508032,540.1878072616294,9.555670833269614,2.5803341549492993,401.04585706958545,585.6261264137825,49.95651662821066,0,NORMAL
2026-01-01 07:31:00,1491.9186605865575,74.94939920030548,58.26951865135502,86.67574601990448,4.681803194826177,539.7290346220273,11.516245153659533,2.902272102830751,399.4787125862217,592.3451118216061,49.73691634608075,0,NORMAL
2026-01-01 07:32:00,1498.5840885348343,72.97794710763439,59.52244902834037,87.77942227620761,4.9500416554951,557.385538261129,11.411207693370745,2.6430641077039585,398.265167174399,578.9937222380174,49.92897538000018,0,NORMAL
2026-01-01 07:33:00,1496.3509344140539,73.98604013867008,58.821430485503896,86.84555847445601,4.944523888149857,572.0766324287475,11.012812106145466,2.923310185797315,401.92185798028447,587.8274737507289,49.81313500827844,0,NORMAL
2026-01-01 07:34:00,1498.2140843099066,72.9255249019252,59.192082692265615,87.0808354497967,4.818886805085244,558.6806742050188,8.43046160393027,2.69855382368943,401.8246710809156,580.08750759784,49.89578972631093,0,NORMAL
2026-01-01 07:35:00,1493.0477886555495,71.3397792374005,57.91810018694266,86.78077831142585,4.807424776044652,555.9252226014219,5.555036758181306,2.439629773799842,400.23326740564534,563.8424869390026,49.68619061607154,0,NORMAL
2026-01-01 07:36:00,1493.0432079856707,71.12571851749139,57.50859144280091,86.46005130341447,4.80377759655774,564.7771902676152,8.15083806341174,2.944930240317174,398.1057028694077,570.0231581571926,49.76871811027645,0,NORMAL
2026-01-01 07:37:00,1495.891014605935,69.05523387265265,56.336779038003364,86.48772593443103,4.6152458187095124,544.9809870686948,9.980576916028829,2.427487121716149,398.15571062317395,545.3878595557665,49.80320054058362,0,NORMAL
2026-01-01 07:38:00,1497.4159818013989,67.94793526195828,54.903371652129735,87.14234298139502,4.768433879164245,536.5912224137777,5.2098781020030795,2.5591218508474602,400.1608439326287,545.3668201319155,49.9005880344207,0,NORMAL
2026-01-01 07:39:00,1500.4822857504978,65.5521794767806,54.31552999716869,86.85517297537804,4.772850698682014,521.2473801122314,6.139836578449411,2.6155819783801775,399.25019344824244,535.602291199553,50.08458128436378,0,NORMAL
2026-01-01 07:40:00,1497.5158318791075,69.48162974261336,56.10448441277362,87.22976671474883,4.697803497081185,563.4078297288676,8.360943885965185,2.8959820215579755,399.4883606017876,549.2062426462365,49.97715937461633,0,NORMAL
2026-01-01 07:41:00,1495.6042060770646,69.55215684655683,56.359037587808395,86.31163003107349,4.742832482178372,548.6980267544857,10.167266115147378,2.5902246039275196,401.53294473259,554.9947032507584,49.85185969119702,0,NORMAL
2026-01-01 07:42:00,1494.3167204185538,68.15270583057165,55.56797445363382,85.69924992851078,4.547885761958237,529.0984532478075,6.710090828150308,2.4961836258117,401.0997689761338,532.6043598320108,49.80620311097797,0,NORMAL
2026-01-01 07:43:00,1498.7438680150303,68.5806656520401,55.921706121325336,85.8625813689519,4.673021079608463,528.3206531041279,5.594030012507817,2.71834127083248,402.0672140207464,547.14064875147,50.0521226613054,0,NORMAL
2026-01-01 07:44:00,1494.399387237967,68.35600955265843,56.935779188102146,85.43543858986261,4.883473857353477,551.7766707035937,5.984649723600985,2.6407669508812606,398.5140651649341,550.0616621844249,49.83935071395016,0,NORMAL
2026-01-01 07:45:00,1499.6741230388263,67.914070353592,55.6186513829505,86.35851316099162,4.945949426944104,527.3248292734887,10.901704261588339,2.5856625837280878,399.48521264696996,546.9157589855223,49.972747111633716,0,NORMAL
2026-01-01 07:46:00,1495.6027499500512,69.14240375367885,57.509144588797405,85.64308903312812,4.6928001508078605,560.5367547128982,8.516487068848413,2.7347211088343575,401.1384725431902,553.5260486808513,49.78212409247902,0,NORMAL
2026-01-01 07:47:00,1499.049680310481,70.65741917377345,58.93230645559055,84.38661826219405,4.830552500253713,519.7363391372999,8.550911530455364,2.465854948659108,400.67211751151933,569.7056705139825,49.98801633792428,0,NORMAL
2026-01-01 07:48:00,1497.4385792044081,69.59641687855239,57.612794778187585,87.11553187783679,4.867527595382995,557.8134110528331,7.851928372458184,2.351596060592388,402.2985705738814,569.5016077081331,49.95608549544275,0,NORMAL
2026-01-01 07:49:00,1496.0370529416625,68.44478039726303,56.60133677342633,85.55854171948687,4.736807663020787,544.4256795020402,9.79588533759958,3.1121938254262815,400.6308050588561,556.1197666152923,49.836319188496404,0,NORMAL
2026-01-01 07:50:00,1495.3822718557558,67.89467700295975,56.06363841125937,85.51298935900185,4.857365030543424,538.817313740928,7.123043056842979,2.6997839887019133,402.77216365615834,540.5448113766298,49.860635866282095,0,NORMAL
2026-01-01 07:51:00,1496.66001731061,63.290834673488575,53.83985951314322,86.5527255312542,4.7655665198169,519.7633370067924,9.409189942388416,2.6677445231273396,400.8100267025847,499.0711574555749,49.87048857894125,0,NORMAL
2026-01-01 07:52:00,1498.8045428749322,60.260452549091475,51.245632268051125,85.00454545613427,4.9189492897198495,529.8188824077604,4.2823945187035,2.4462066493554993,401.593251171383,480.05286330986274,49.95094980920445,0,NORMAL
2026-01-01 07:53:00,1497.5554727756394,62.99420108398052,53.781090496345506,86.10216502680376,4.649711625497062,527.5502923779438,6.144481332364277,2.8094817795386073,399.51472757982333,499.21869484375736,49.79412465630986,0,NORMAL
2026-01-01 07:54:00,1495.555549881666,66.28413651098309,55.38458771187953,85.20199624202584,4.685502412282718,522.9624416994862,8.133394745649236,2.5561443130806616,400.021430817826,532.5298298271879,49.84076259253639,0,NORMAL
2026-01-01 07:55:00,1496.5115242929908,65.78606443187033,54.11179819834181,84.79331601247443,4.832087596644793,513.0621259512574,6.961736079489992,2.100631106762596,401.36641660575924,520.3825477578151,49.93218594155343,0,NORMAL
2026-01-01 07:56:00,1496.7693183878418,66.93917835798186,56.05935789489192,86.28134119732803,4.7839937860434825,536.0600963844097,8.90696752237755,2.5559851154780926,402.4194672558896,535.1493147009031,49.860740485149734,0,NORMAL
2026-01-01 07:57:00,1492.2301960777568,67.56167866706893,55.62848720621892,85.87104817619742,4.776946646826719,536.4551639993671,6.1072531491817275,2.619334171085799,401.09385542396615,544.683499609233,49.74363285433599,0,NORMAL
2026-01-01 07:58:00,1496.1724481727815,73.71944028397941,59.12553216277533,85.91133350717726,4.839356745876903,542.8193606201728,7.769761568734835,2.7031776819728917,399.8752423420981,589.2520429077493,49.834617403758116,0,NORMAL
2026-01-01 07:59:00,1492.8488395291965,75.95859010684856,60.09895490371015,85.69596436903075,4.693015756163612,565.3011301191466,8.264821015472318,2.7197835685195693,402.06600254429253,602.9371517410495,49.779650068121185,0,NORMAL
2026-01-01 08:00:00,1492.5527842088113,75.70275492388703,60.58767180220679,85.86609235688142,4.645734591700228,559.2202959028626,10.45972806345475,2.6280446258436148,396.7120320155802,611.4961096790247,49.74093331375024,0,NORMAL
2026-01-01 08:01:00,1491.8669764972412,73.79167404268618,60.271467041024685,84.98286314513375,4.750331926294453,558.3637598324686,7.691196683056303,2.5896125284861884,397.8666482477397,580.9384876177203,49.68193713954061,0,NORMAL
2026-01-01 08:02:00,1492.29645872383,70.57878140217103,58.23620884689565,85.65396533147319,4.748092837500726,554.2849710240826,9.087730631270691,2.646192080663304,401.0224513355026,562.991275937981,49.80984286417759,0,NORMAL
2026-01-01 08:03:00,1493.0919632589944,70.98570867390548,57.944819001802244,85.13698462186639,4.768885589456881,563.3760798333095,7.14612785814194,2.3807618693318715,400.0211625343797,567.6773692743371,49.81617870930975,0,NORMAL
2026-01-01 08:04:00,1494.6873566480715,69.47300718333688,57.28344795072716,84.89525618226408,4.928999447490106,552.2444155053719,10.183935416097132,2.3032108130712605,400.90827047668625,555.8636007586931,49.79266655007264,0,NORMAL
2026-01-01 08:05:00,1500.5808183222248,66.62849976414152,56.24879665000747,85.75678688281577,4.861905987023605,525.9853416761932,12.821986039953481,2.6858960956253433,400.0966112836479,533.9304783935225,50.044250026211714,0,NORMAL
2026-01-01 08:06:00,1495.8811698490783,65.33535399565648,54.05124610622302,86.08193292315518,4.83168532845244,532.3628902730895,11.40181710692502,2.676300514809563,400.8564185419058,525.7350310642993,49.88957626177696,0,NORMAL
2026-01-01 08:07:00,1497.7210486148506,63.17225798842769,51.78793478952641,85.24491441404614,4.817301671182008,521.7339741744171,10.495933599054643,2.8076026958950764,398.7783957685102,505.2010267121948,49.95615001557891,0,NORMAL
2026-01-01 08:08:00,1497.4916545212982,66.54654125857282,56.229054607322254,85.30126220983972,4.7505559102316495,519.5916048586959,11.488463997446766,2.614352350511574,400.85572912911954,530.5320386578642,49.83167568924352,0,NORMAL
2026-01-01 08:09:00,1496.6001662179374,68.30982077247171,55.45611421145231,84.82781942765023,4.718049095768651,543.0667005505737,6.384035370690379,2.4443727651032114,401.4916217923114,544.4406194564752,49.937002534316214,0,NORMAL
2026-01-01 08:10:00,1496.1863379805802,68.29387548983848,55.28598717055918,85.39064439247981,4.672471370081202,557.5952875936118,8.143399558585438,2.2950093918587915,401.83082590589686,543.293424908516,49.844392984539724,0,NORMAL
2026-01-01 08:11:00,1493.3586597192777,71.25376376761854,55.956060505236564,85.78649508503051,4.7148194132523225,549.7124392285349,10.522853535150128,2.534498422484812,403.02033144197304,573.9678267625826,49.76073059397053,0,NORMAL
2026-01-01 08:12:00,1498.6201550199755,71.40850038291377,58.416383282912555,85.82188657646475,4.779270069634606,533.9879245429443,8.952373062294553,2.7985889526406416,400.3661476652536,568.0353606659276,50.08589925494553,0,NORMAL
2026-01-01 08:13:00,1499.6772068912244,69.68593198025724,55.19010656360212,85.70043770488004,4.670492825884132,544.2034486419865,11.955437668473829,2.9851491004843567,400.4108666302708,561.7213113870991,50.004333898743525,0,NORMAL
2026-01-01 08:14:00,1492.0882465847953,72.73218013479655,57.889049273186195,85.14972934979988,4.813957388777663,542.4255084820555,5.145654239687587,2.7381388839022685,397.7152413037392,581.9524364896718,49.71695876238749,0,NORMAL
2026-01-01 08:15:00,1493.1899427737942,73.81000022216588,59.87423692781459,85.17340009554988,4.777088185365438,566.9710558464435,7.206184277054472,2.4953820241544364,399.2028828982924,587.8737277430464,49.662733373822014,0,NORMAL
2026-01-01 08:16:00,1495.0932777325434,71.73550791351296,58.76322600051615,85.91306114870736,4.742008935871533,556.3229276145468,12.6013112144863,2.5413709586341158,399.7103768889901,576.9760993868243,49.90593079778209,0,NORMAL
2026-01-01 08:17:00,1493.7999582987106,71.35483055734575,57.16119418618921,85.93347874409946,4.897483715239174,548.0328064159627,8.027590171937335,2.543807120760594,401.57547932841453,567.2013748351504,49.726071459749924,0,NORMAL
2026-01-01 08:18:00,1497.0912122967966,69.60359405057623,56.628003103353336,85.43587274202322,4.545220682937263,540.3009365184587,9.637665088905564,2.6148382201928,399.08349831386556,560.019672608251,49.85286846471825,0,NORMAL
2026-01-01 08:19:00,1495.1758566774572,66.83799458864756,54.23020222678238,85.276773245702,4.756091580557467,531.810638044111,5.719098779038132,2.8925590308854496,401.19451002962325,535.7675873151394,49.82262760762752,0,NORMAL
2026-01-01 08:20:00,1500.592042198871,68.69034968371085,55.66581302241532,86.0614629560833,4.543526996315386,540.4989688364112,9.410701908726256,2.926685386868465,399.9975674245549,546.5411740242272,50.09055532954738,0,NORMAL
2026-01-01 08:21:00,1497.879260595757,72.5091829646511,58.771725038943565,85.3235772082659,4.817384723127627,546.0597901628635,11.605452157181169,2.6906406506915337,399.73424782732786,582.7166377938817,49.96797068585852,0,NORMAL
2026-01-01 08:22:00,1496.4827384978619,69.71204781701282,56.325582011411235,85.87350188724922,4.858748120574908,530.1146365495305,8.653988051052886,2.7337345001928477,400.3733409536999,560.4293311645457,49.87486607443672,0,NORMAL
2026-01-01 08:23:00,1497.8863752685606,70.83798629039396,57.2585767340607,85.44018916617581,4.656085596255104,559.3199414833254,4.545357772322243,2.5488682843292465,399.41326544162075,572.4914883522015,49.944960445467295,0,NORMAL
2026-01-01 08:24:00,1498.3044606182846,69.5367011521503,55.25731400967261,84.97980529335847,4.678098135743692,539.5244442675565,4.022957022934644,2.3533853226507615,399.356444127861,561.1243442792489,49.91346273596593,0,NORMAL
2026-01-01 08:25:00,1495.1596149469592,68.56245038462092,57.27042639557869,86.29558555219953,4.604258305784963,541.6390073878647,11.09902855695628,3.043292174538758,397.4428211413148,550.9559731805988,49.84563651604358,0,NORMAL
2026-01-01 08:26:00,1494.8920330036876,67.37766253614318,55.936664114856974,85.52476593961688,4.795868880478979,538.674638388176,8.694147733488371,2.2092792152427236,399.62806868900816,533.3833455331016,49.83340127069516,0,NORMAL
2026-01-01 08:27:00,1497.0263499265825,65.64968099678354,55.182713969907326,85.06953736682428,4.7645304250431115,532.9940882852945,5.469356180235083,2.2893287464349252,399.2800477807769,537.4403829151387,49.949316825670145,0,NORMAL
2026-01-01 08:28:00,1498.5739273984614,65.7467242526732,55.73845987622078,84.69319034746992,4.7782707200114425,518.375354913372,5.101494460044919,3.0167484135586613,399.2260285159764,518.9557129660266,50.000823152737325,0,NORMAL
2026-01-01 08:29:00,1497.4611559933367,64.08482401985113,52.62568153636496,84.69353668040814,4.769332102443249,507.53848242396043,8.170093421402793,2.6441713211326006,400.62530959388505,517.4249080302205,49.94007073555483,0,NORMAL
2026-01-01 08:30:00,1493.9208595013358,64.6257376714108,53.41704811981846,85.11048934981379,4.70043030656693,520.3031566030179,11.199659593382023,2.4210743952964995,400.98794792918574,519.1623204557179,49.77924460550056,0,NORMAL
2026-01-01 08:31:00,1495.4892988215959,64.52526145251252,51.8203225039253,86.21962847208052,4.888794832947993,529.7955304079634,5.660963111863022,2.7817933407429876,400.3482917569635,510.3313797576946,49.8867344087727,0,NORMAL
2026-01-01 08:32:00,1497.0425812010553,64.0473653587797,56.568842125370054,84.92280023765423,4.828778063260079,516.8862800809859,8.292539279992393,2.795084314796993,401.4931227856742,511.7574181758451,49.89682095005836,0,NORMAL
2026-01-01 08:33:00,1497.402221184409,62.232238034696515,52.18975750550053,85.88206533692015,4.663892339583836,514.2636195844455,10.67571443181131,2.3557852513174162,400.86334288874554,497.464139846349,49.859311654377976,0,NORMAL
2026-01-01 08:34:00,1501.7293452788676,61.078695373559846,52.68594512405082,85.02866359517368,4.7293720465132765,535.0484079449551,9.413493066993592,2.5042178784416835,399.55741571529154,495.1574765675314,50.037480453033375,0,NORMAL
2026-01-01 08:35:00,1494.7101285501599,62.58947782521136,51.31552555079136,84.45794612065383,4.723634200140176,500.6089335401944,12.886132778284138,2.8011439509932576,399.30571557142844,497.1492681002898,49.82789730086121,0,NORMAL
2026-01-01 08:36:00,1498.2929160435797,63.59131220046012,54.15117574591908,84.77902381964815,4.945012313954344,515.0192527425054,8.235721434651287,2.4725319727305033,400.46923335515027,507.4207725715592,49.9886079906359,0,NORMAL
2026-01-01 08:37:00,1500.650985874484,61.63620171086302,53.83931190316748,84.32544518379532,4.88461302359238,534.6927466737598,9.737882374094685,2.6727947648313966,400.86065066485287,481.4092656617978,50.01252312054161,0,NORMAL
2026-01-01 08:38:00,1502.1759262265014,61.83486632172147,52.0406390440049,84.49339303597851,4.7974831935881745,515.976045406073,6.994940336800859,2.9033111004904693,402.09676646054726,503.3527445393897,50.01207093865473,0,NORMAL
2026-01-01 08:39:00,1496.5236770399392,63.33764056846505,51.991702844489424,84.45135928413922,4.9816949328126015,514.6218903346386,12.84029621502956,2.154879439376427,401.7867595674101,501.34878333262003,49.886959652162815,0,NORMAL
2026-01-01 08:40:00,1498.983092904196,59.998830006222306,50.86050160278784,83.88462758687565,4.967511807782405,521.6835941918893,7.644916244751707,2.5317386361964704,399.18779049023925,481.6251943709743,49.971775898809355,0,NORMAL
2026-01-01 08:41:00,1498.922410636201,61.08555039098218,49.42456870963208,85.54946323489662,4.76593964588789,514.3517307332487,5.602844635902219,2.6631827036233195,399.84699057980913,488.1773639792481,49.97337223598517,0,NORMAL
2026-01-01 08:42:00,1498.4389028884884,59.76030287309048,50.818295022832444,84.84508856917937,4.762041696404031,505.6779761053766,8.026159508454379,2.2391931515422234,401.0065267073767,477.5924181508071,49.993957005414,0,NORMAL
2026-01-01 08:43:00,1497.622009555466,60.9015002102768,52.36186726547908,84.35745020464455,4.776614600317374,515.0789400063439,8.789645237192353,2.5030927240522742,401.6019966670885,491.2613116065688,49.97167981385336,0,NORMAL
2026-01-01 08:44:00,1498.996954399562,59.374981897191766,50.58923149394155,84.76022040177514,4.709520932367604,501.23134854634355,8.056295721711756,2.8026495478002804,401.4084542030572,483.3561674790524,49.936854603032984,0,NORMAL
2026-01-01 08:45:00,1493.7824642903881,55.76521769586273,48.17499106282867,84.14872656566136,4.990422913533489,485.00335130663876,8.388077165727514,2.4167891472098493,399.90418325075296,447.3792099166118,49.76194163677715,0,NORMAL
2026-01-01 08:46:00,1500.862112416106,52.5101328200964,47.033647808169874,83.12190695144476,4.7369206106652175,482.6494955939899,8.372098300700474,2.2282360410238122,398.1189660213572,423.35645264892383,49.97672714498909,0,NORMAL
2026-01-01 08:47:00,1499.73109526464,52.60630271341917,47.16780647500105,85.83471971673536,4.870136037208036,474.01208989620704,5.214685999989315,2.752229391766644,398.5015954356316,422.4948793909886,50.02597729233536,0,NORMAL
2026-01-01 08:48:00,1498.929900663071,53.12574771686213,45.215543067612096,84.36165695184174,4.881821174054048,486.04705012698224,4.621360335266222,2.6201578158747076,400.4089502714791,430.0936388545502,50.03677102751925,0,NORMAL
2026-01-01 08:49:00,1503.8303014981084,51.317114466653315,45.87909164227078,83.87110598781322,4.792091282421379,483.15396630802996,4.954163521385861,2.4993998863656093,400.51333836913653,408.22233383579487,50.11192262020816,0,NORMAL
2026-01-01 08:50:00,1498.1312720855774,52.594299384208064,48.99256475475408,83.11630235325516,5.018678463301342,492.61065240524437,9.95051847026783,2.5062646284204764,398.35198093984843,426.1313478457466,49.925637541282995,0,NORMAL
2026-01-01 08:51:00,1499.3395961699357,49.271259259670146,43.227739310154064,83.22698674086818,4.679550633074483,483.7286572640138,9.858879345652797,2.69836908681769,400.0668544163339,399.7225734055981,50.0513256668428,0,NORMAL
2026-01-01 08:52:00,1504.1552866719344,49.13909966237551,44.39804096459224,84.69787555875993,4.798073358726913,467.92948380199175,10.513952154469004,2.550296661625601,400.9468365354577,398.5254823424186,50.1637874483919,0,NORMAL
2026-01-01 08:53:00,1498.9924639377302,46.71706726285059,44.97198647976206,84.5014008358298,4.761067966789353,468.50388149936776,11.217976299352246,2.5962931018822144,398.2731600137393,370.43579876612233,49.98822724983106,0,NORMAL
2026-01-01 08:54:00,1499.8170904246776,45.413395047246276,43.35221218489144,84.00197957592398,4.916019723508606,463.8721171274255,7.89886622721796,2.3156206715110454,401.65749580270665,362.4654722067842,49.934357188857234,0,NORMAL
2026-01-01 08:55:00,1500.6043106751627,45.508192389879106,41.7915187531514,82.95175978391686,4.87632139075918,462.5568605227367,10.83705496757425,2.071610922137442,399.43370327716025,365.262874062935,50.054080092636056,0,NORMAL
2026-01-01 08:56:00,1502.9239958323967,43.7873656593112,41.478554775209325,84.1390470097409,4.644489541938532,448.4611856980846,5.47064697018719,2.562256396634803,401.88641966886496,343.44471505034454,50.05100971072107,0,NORMAL
2026-01-01 08:57:00,1501.8119541005365,43.01825457085155,40.80884106252611,83.48434991632944,4.9542609460480564,440.2832128733393,4.041073443224748,2.650368130041752,399.1998213313361,352.1206376072425,50.003697460721135,0,NORMAL
2026-01-01 08:58:00,1498.4085812678395,45.03084018928043,41.27043230924659,83.48983485869655,4.878749475118526,462.6279595531471,6.449102065447163,2.405396008358308,398.46006177567375,360.1853388467326,49.92961413008965,0,NORMAL
2026-01-01 08:59:00,1500.1602515836987,43.877056450234136,41.251981762647404,83.28347009596916,4.730781411884323,436.501071953889,8.638553375819564,2.616321881261044,399.31279451523744,352.43609103989667,49.97605208328419,0,NORMAL
2026-01-01 09:00:00,1499.6756029987027,45.548440674364414,42.04909827181212,82.22765757836397,4.820478937954081,456.74114803459236,6.68449706770771,2.3884418481082608,399.857277815384,361.5025031962793,49.978106781904174,0,NORMAL
2026-01-01 09:01:00,1501.1877525165442,43.28902696504918,41.08616511710626,82.28608378395391,4.724289832823714,425.9752842211862,8.08371590052603,2.414750437386797,399.4172801398428,339.6778279235583,49.967542668825224,0,NORMAL
2026-01-01 09:02:00,1501.9819602530836,44.34863532087975,40.86079801183681,82.55051524314283,4.831905892575496,441.8561993894965,9.565539890999077,2.793972110886252,399.6759978676403,351.76893313966417,50.11400615709284,0,NORMAL
2026-01-01 09:03:00,1501.3900569993368,47.231772562195545,42.06244533707267,83.08093718385436,4.853393053058896,456.53986458321015,8.621031340609179,2.414013714880669,400.5009477245143,378.9502014357323,50.102719548037044,0,NORMAL
2026-01-01 09:04:00,1497.9902797795148,42.28848356194097,40.33180936377221,81.97755646343096,4.826984154867986,458.97693454308626,10.308811925504552,2.352770957108731,399.7432309453054,341.67501255929625,49.83564220227679,0,NORMAL
2026-01-01 09:05:00,1503.9889433649216,40.694693051000016,41.13193404877879,82.47922390695769,4.80536907187356,449.31250592254275,8.469139182680628,2.0329510258685373,399.900831409072,326.36650211101374,50.18188766911405,0,NORMAL
2026-01-01 09:06:00,1502.1353702309211,41.8488373053611,40.19150530947945,82.39539419685627,4.690818079157757,440.9315837303414,5.434851166760799,2.5565030050498097,397.4361604011961,336.5243185240986,50.03065257620629,0,NORMAL
2026-01-01 09:07:00,1504.4805147885327,41.44274653327511,39.53405414103352,82.79830834679859,4.877757979214349,452.3433108177604,5.387354213288818,2.27245919224189,400.5875470240157,329.856840392794,50.19219926980023,0,NORMAL
2026-01-01 09:08:00,1502.4513889985778,42.18503828001773,41.06510877304913,82.66997215638173,4.65415509718607,456.523863613866,7.8924765012275895,2.451295385002716,399.8661950534625,339.96154907136895,50.078290641985944,0,NORMAL
2026-01-01 09:09:00,1504.0072323341542,40.977067906586086,39.42792113135627,81.75100237872344,4.868087904249258,441.8130891893041,3.906275420367804,2.3467628615793172,402.4154394707243,335.23070758461824,50.13501318934252,0,NORMAL
2026-01-01 09:10:00,1502.703041126594,41.150247481531885,41.558181413878245,82.90955015566931,4.661893414483368,430.18208474322466,8.93833005105004,2.3223439317169303,398.59065224911905,332.72592706445,50.0808464884154,0,NORMAL
2026-01-01 09:11:00,1504.524672910256,40.838893010747725,39.499423297153555,81.53617598756256,4.874326969297377,440.8570024369559,10.227058373815959,2.3848430321351484,397.2875570072507,330.7588535272465,50.21142889055354,0,NORMAL
2026-01-01 09:12:00,1502.4096098452221,43.17445713406734,41.60517134359856,82.62252031115726,4.84693769331808,450.1316759175143,6.512974777308072,2.423574103428792,400.92710274089507,346.8657390690719,50.01834092754782,0,NORMAL
2026-01-01 09:13:00,1501.0675097429803,43.68329882066976,40.45537491000858,81.7675277689613,4.904983941388628,440.56700196404194,8.582656337385295,2.6720488001337426,400.5197905274695,341.9506152173601,50.06597567503609,0,NORMAL
2026-01-01 09:14:00,1505.6731686119297,44.358504144820174,42.11819174022876,82.09947773701911,4.944239016939777,458.9252324361703,11.090152510355924,2.7476274127867177,398.4873504692033,349.6447005054052,50.244172128642134,0,NORMAL
2026-01-01 09:15:00,1503.0711242020448,43.53475021257523,41.39594360448889,82.09906963690838,4.962777449486926,455.1697442870369,5.84723203001443,2.56549052261407,397.7053765674939,350.5523807039211,50.13818781076185,0,NORMAL
2026-01-01 09:16:00,1502.635581289123,42.559537764430246,40.47921653399894,82.04608154706924,4.698074109121022,453.4088091744477,6.439634776599959,2.6799065603384737,402.3060950960264,340.4216068556415,50.204087655353604,0,NORMAL
2026-01-01 09:17:00,1499.1085068891653,41.69442138879101,39.514895072104885,82.23976357958398,4.849384123095013,448.71970583244297,8.349410586649388,2.587773708037253,402.12116558591015,335.7545855426922,49.94383622483594,0,NORMAL
2026-01-01 09:18:00,1498.9267196303636,42.4833256735476,39.85196523847618,82.06404920486027,5.0598131043588,455.9900702085664,8.633136613510317,2.52375607712264,396.2688148619408,348.2487224776011,50.01208922880846,0,NORMAL
2026-01-01 09:19:00,1502.2571596219022,41.64135671190708,40.2671666911239,82.22000750798313,4.867509906690108,443.95146821294446,8.484662565082488,2.70744215417776,399.31266545611527,336.7610336914033,50.06993412229633,0,NORMAL
2026-01-01 09:20:00,1501.8468611103965,42.2209064256999,40.96148296511642,82.0285544084338,4.776294097801192,449.79102356365917,10.433162391695205,2.1605141380719344,402.49628808217585,344.0616824343133,50.12323234083085,0,NORMAL
2026-01-01 09:21:00,1499.4974132653851,46.37170802299078,42.69586201750034,81.17430788106847,4.868543729734697,458.32357523801244,6.336268153733006,2.3268246399800607,399.2859061633332,371.44707113127987,49.9828626590601,0,NORMAL
2026-01-01 09:22:00,1500.6591739132534,48.11395742985417,44.15564238703329,81.96792266741984,4.822274952620197,462.55385884827007,7.510643056353825,2.3169592689273233,399.26408164896003,380.87558105141113,50.00257867468199,0,NORMAL
2026-01-01 09:23:00,1503.6848717829835,47.46191036551848,43.43923154117831,81.56955678693251,4.750963048548134,479.49918258693543,7.214435001288863,2.4143415203272927,399.57586100855593,379.40595212807614,50.18813266962636,0,NORMAL
2026-01-01 09:24:00,1501.4179373071313,49.864338209846366,45.01712895081321,81.33738688589551,4.960162681102791,454.08749671919736,11.895602974399651,2.6358234537153225,398.31865453934773,394.89094661017526,50.02268647995343,0,NORMAL
2026-01-01 09:25:00,1497.9083454877339,49.048187463803266,44.22846749560473,81.77711172655704,4.922893021296396,480.43625601485405,9.850242832052194,2.267461184200683,397.44283638365795,400.17697449428834,49.85964189497943,0,NORMAL
2026-01-01 09:26:00,1500.7825946670246,44.97193839344756,42.00113561543684,82.00227909087269,4.726503510971334,451.1963756226099,7.325020058483528,2.550279223296697,401.5788209661021,363.7274625302578,50.000244144742126,0,NORMAL
2026-01-01 09:27:00,1499.7989138839723,42.95576577161275,43.471499919785074,82.00535064885786,4.850565528641153,442.8447984242134,6.497182244781267,2.3121454740352796,397.2355946406285,346.2486886560434,50.02424877679517,0,NORMAL
2026-01-01 09:28:00,1501.3817637812706,39.214181929561036,38.84014345654405,82.34411351740636,4.796471364733661,439.8654115941177,6.678845917340947,2.322729008658222,400.3709071781631,319.8931714476288,50.115660730288376,0,NORMAL
2026-01-01 09:29:00,1501.470537676445,38.511154961478425,38.75198993531809,82.40269583976624,4.691786831752179,419.8929462416645,6.966342634268084,2.4251946823015555,401.3298692391365,297.98895761921125,50.05457439131299,0,NORMAL
2026-01-01 09:30:00,1501.3351104908204,38.54799171985752,38.566818637242605,81.85480475873644,4.721421959077673,426.7577403000393,9.45579220105546,2.721729545010875,397.82316055164824,311.3246235155735,50.110413536389046,0,NORMAL
2026-01-01 09:31:00,1499.1095559871715,41.90086634440809,39.87770298334779,81.91931208723689,4.735017775875229,438.1616357402984,9.110745396639084,2.2765392529932553,398.61359739610737,328.65370183374284,49.90240978683183,0,NORMAL
2026-01-01 09:32:00,1501.2337464185764,42.554721091936415,41.826821868453514,81.69050691629151,4.86034688632989,446.7275412399265,11.582176948509446,2.4095285322206768,401.8197687825874,340.40149024316304,50.01896170737832,0,NORMAL
2026-01-01 09:33:00,1500.4554807194418,42.11652003431868,39.97874825016486,82.00547323510554,4.814095235277554,439.3664432385085,8.772574588121467,2.2055201552237755,400.79933758034053,335.3736223122134,50.00075393479035,0,NORMAL
2026-01-01 09:34:00,1495.3860363806584,43.77533119668566,42.32025326695395,81.86177000342329,4.766845803721942,469.22484604479246,7.3823483273602495,2.2933637686979123,399.0740714396817,353.51133263397,49.84047324131499,0,NORMAL
2026-01-01 09:35:00,1506.2353319332692,39.3530605786699,38.27762934913549,81.54488241306268,4.829914048776652,455.7058771903242,3.6487812276776608,2.1760623188018045,401.80337350504175,315.96542107416394,50.21204911718815,0,NORMAL
2026-01-01 09:36:00,1504.2126813694558,39.82428969488703,37.93460129778818,82.6095059366706,4.9225633784511365,419.16507870462397,6.208542806879618,2.447199914542185,401.80980358518144,325.31990342715517,50.174968260184805,0,NORMAL
2026-01-01 09:37:00,1500.9741945336177,41.36602008266096,40.18500825783276,81.23922222043016,4.910885165318603,450.2242973369707,5.953584316091101,2.4987219547243655,400.40357903952355,327.9186748566246,50.01023280921207,0,NORMAL
2026-01-01 09:38:00,1502.355868581261,38.40884759110128,36.940640198558654,82.19109162157068,4.956365048330777,443.0176009596303,10.732574849276046,2.5214983452557784,398.6497596581895,310.81635267697663,50.08548038705635,0,NORMAL
2026-01-01 09:39:00,1499.5174201698617,40.696355677515136,39.95345363152569,80.7635289515634,4.8618981344968075,447.867096895214,5.2335356997331495,2.2562336145938833,399.3798269447923,326.3819615046153,49.981657861145855,0,NORMAL
2026-01-01 09:40:00,1505.1167760571211,41.373348492503965,38.62985043941106,81.83234348031704,5.023608849461824,438.2255847928469,11.896642856330237,2.515322100634045,400.4295801159331,322.81033658967397,50.124264706709475,0,NORMAL
2026-01-01 09:41:00,1505.6860228566059,40.54277266470236,39.00665556834857,82.12161814199435,4.8923756255299615,439.45874870487285,7.7955919787027455,2.4280477422966276,399.7171077562788,319.7490990250037,50.18385076076613,0,NORMAL
2026-01-01 09:42:00,1501.95172017711,41.80833639691493,38.653272141624214,80.44120291407253,4.84228419938441,438.84643084142533,9.544432478530268,2.4065328645188835,401.4084357673523,333.7173010077086,50.05787436274215,0,NORMAL
2026-01-01 09:43:00,1502.777116865866,46.34972211252372,45.634000276916964,81.50026488883321,4.879289883192373,458.0213870822447,9.157989372365964,2.215212655623695,397.705338879836,376.35923914964843,50.08431653394538,0,NORMAL
2026-01-01 09:44:00,1501.0078826333397,46.71345462264071,41.374113213968116,81.82567266106255,4.738678951519767,451.3974408925707,8.984115566669809,2.49778524609003,397.75860470640066,376.02625226891126,50.03518406060706,0,NORMAL
2026-01-01 09:45:00,1497.8845699631997,47.20989579524139,43.33575121754124,81.63352929597849,4.836710900455653,464.08674706699935,6.903139363018611,2.509090281934647,400.27130666722366,371.84166224252755,49.93326934247066,0,NORMAL
2026-01-01 09:46:00,1499.9181184628405,46.2911739961609,43.91800867202655,81.72476279110568,4.908502167200548,446.99109187351246,7.323432214579312,2.4832574288700555,399.2626833792896,369.6278108290514,49.97565585647265,0,NORMAL
2026-01-01 09:47:00,1501.3455588820977,44.59148525723131,42.791277062925815,81.61366982160553,4.928893554377749,454.0688528580282,6.827313164921036,2.525925004027755,399.0594270779534,366.82091430181566,50.10848769943516,0,NORMAL
2026-01-01 09:48:00,1499.8404731844491,46.2521568903198,43.60263625636502,81.0237417655029,4.838508942406822,449.3967322251217,12.650491234653177,2.601440700717084,397.3479149212384,370.57337179676273,49.936208408021486,0,NORMAL
2026-01-01 09:49:00,1500.6546955974295,44.53998923850207,41.40676515487977,82.76199381070283,5.118149166538207,457.95812595267125,5.8077316529884095,2.225795230593477,400.02931876719725,354.6832860326546,49.98577468115749,0,NORMAL
2026-01-01 09:50:00,1500.8805765423936,44.68312171294085,43.16096197410151,81.33423416311662,4.856094542422139,449.596730385864,7.516797640984795,2.4034919998437383,399.92086733799886,359.92367190730795,50.1683507326243,0,NORMAL
2026-01-01 09:51:00,1501.092681640387,43.72780681941062,42.15007518244855,81.80135261275346,4.696133543530616,455.95312734668255,5.304686575548425,2.540431588506955,400.9802184729276,353.63941995319476,49.98452315359677,0,NORMAL
2026-01-01 09:52:00,1501.1673636868143,44.6857664709034,42.023759500202516,81.26850331464526,4.995956652907944,467.21598993180976,6.978235428208075,2.3931787005340337,400.10335919968145,355.2052900298269,49.97122438915832,0,NORMAL
2026-01-01 09:53:00,1498.8081717309112,45.3530906814773,42.45243516661297,80.4676070710185,4.951360588964597,474.6302867462176,6.552085389699234,2.6454156182271418,399.80109388263924,365.3375993236756,49.99699622828043,0,NORMAL
2026-01-01 09:54:00,1499.0803335877454,47.4281705699931,43.152979694380484,81.17610074008793,4.899646867293766,440.71855110477094,5.863080913303877,2.492317405038444,401.76550095518553,377.78091707659075,49.86548846023615,0,NORMAL
2026-01-01 09:55:00,1498.1492039141433,46.40813777228361,41.935230637537124,80.93538373333324,4.834800236224158,454.08654126425483,8.533275122136407,2.073096849498126,398.03129904482716,374.86174018741605,49.92654310163949,0,NORMAL
2026-01-01 09:56:00,1502.7819535190329,45.86838790169686,43.75818371649684,82.2192335010691,4.894949981581262,457.5084968848189,6.615621811583413,2.6265696628565074,400.80458382827135,367.7955690034313,50.20002303022159,0,NORMAL
2026-01-01 09:57:00,1497.006534022293,43.91086047013225,42.65872427568088,81.36441439047096,5.034613336790344,458.29128982927773,10.888039841286002,2.4156879593302563,397.493279252807,353.69672289632246,49.82297100463543,0,NORMAL
2026-01-01 09:58:00,1503.702725896638,43.022273949980026,39.92925522895809,81.39696354787117,4.892224022776592,434.0744137833848,8.855231424738388,2.076280572874743,398.7424571799988,340.3822738690027,50.02432597226767,0,NORMAL
2026-01-01 09:59:00,1504.0173238073116,43.77687493606973,41.11233979649565,81.1162001207044,4.730672638904819,443.3981382082419,6.4483537879208335,2.3873107773033375,398.18101430106503,346.10856756819356,50.05895173347917,0,NORMAL
2026-01-01 10:00:00,1500.3374683921625,45.290852169360434,42.031088085157336,81.70475494077658,4.520569492865691,459.82155461933263,10.983363301975736,2.1992356459706817,401.1729138031779,367.05430387818046,50.05616692482277,0,NORMAL
2026-01-01 10:01:00,1496.1044215201443,43.44652152100518,41.03525700886279,81.29042675657591,4.912647420932321,452.9117077387848,9.8527742993968,2.5850914723288825,399.9018846496069,347.175190261114,49.9263862200041,0,NORMAL
2026-01-01 10:02:00,1500.240232203822,45.185733361216506,42.17573489531748,82.15316912163324,4.758345263441324,461.9262508284587,8.469856020355682,2.444689137582932,399.97974513311055,362.9110406002289,49.98237830027847,0,NORMAL
2026-01-01 10:03:00,1500.292229861657,47.89700907882641,44.68506690894202,81.84204752115532,4.853187777837313,472.0762890447736,9.58212276206863,2.2942210178279105,398.33990051840584,381.64409549517865,50.043901615588624,0,NORMAL
2026-01-01 10:04:00,1498.2340277830874,48.723878885273805,43.487110022677534,81.4449571585666,4.790193094527328,473.9195204296169,8.95148447102365,2.6494084002453104,399.5504597561007,394.28466495225865,50.01064702581185,0,NORMAL
2026-01-01 10:05:00,1498.4740691103054,52.47747051038994,45.640135314721306,82.22958338542023,4.767317433871936,485.60769995267975,7.117449705123552,2.616479838303149,398.8548020450363,416.7807141829712,50.03850295773167,0,NORMAL
2026-01-01 10:06:00,1502.87441197529,50.9298921121828,46.79455500945265,81.86230918277629,4.7862264030158475,478.8120201259035,11.523573300058366,2.462145973716756,400.57518252228135,406.761130697958,50.083496968450675,0,NORMAL
2026-01-01 10:07:00,1501.6417377834914,48.44058270555996,43.60170488145467,81.89539372795282,4.794604589449287,476.18967036670347,6.744415223120354,2.2352863391483275,398.51336329700257,391.4546257079954,49.939651006899545,0,NORMAL
2026-01-01 10:08:00,1499.1742433296936,44.883142207751405,40.66684997107377,81.14351014943897,4.9547533958595045,434.69777106148763,8.10581260014126,2.2803366633701954,401.99469154780763,364.9299761578326,49.93143083153597,0,NORMAL
2026-01-01 10:09:00,1497.229755494663,47.87523083072977,43.24000855633799,81.85905595577061,4.920183260198246,483.00664277726656,6.270365090100192,2.30726072636609,397.48662932556385,380.38305019070475,49.88631830674201,0,NORMAL
2026-01-01 10:10:00,1499.509172936093,49.18396214343789,44.18032455081873,82.08653232887728,4.737470471141337,450.09904699322936,10.576057393362435,2.6411390620872566,398.79022025131513,403.2701170572825,49.97069215804084,0,NORMAL
2026-01-01 10:11:00,1499.7585278809759,49.07279280161698,45.99863840869595,82.62061818877064,4.740414163587887,460.9631566366145,8.747482611812355,2.1545484708873244,402.5158007649491,394.1485508814039,49.98255795931543,0,NORMAL
2026-01-01 10:12:00,1501.0658523638754,49.63273005425662,45.704464244930705,81.6095702033951,4.905720786379035,471.44694722339676,10.540220813476,2.48688033722995,399.3472918780569,391.84719912500924,50.09147314202571,0,NORMAL
2026-01-01 10:13:00,1499.4530161829327,47.381751959659866,44.57657179242816,83.13242589620741,4.942601718619405,472.5622607697079,9.522061673578506,2.4237606414421813,398.0276820033934,380.8992759202288,50.045488627432135,0,NORMAL
2026-01-01 10:14:00,1500.568347966945,52.27325591889352,47.1839271936829,82.326490697982,4.957184322031773,453.00372680813115,12.278116350842295,2.7298403627440186,400.3286073438065,416.2710512787308,50.010361249535265,0,NORMAL
2026-01-01 10:15:00,1503.3639684235516,52.53169828284397,47.465262641321694,81.34200855012213,4.772868944919534,483.5797007505355,10.742120292296685,2.5718642943635035,399.2869116366782,422.42392869866757,50.16705652458764,0,NORMAL
2026-01-01 10:16:00,1501.0809044704777,52.75048787205376,45.962210596651936,81.73142889513943,4.964302565287234,492.5506579463455,5.533590542526234,2.6345469357492712,398.74619461657255,421.78962173812846,50.05391321734748,0,NORMAL
2026-01-01 10:17:00,1499.0634187613682,54.20202111985114,47.3226105165572,82.92751303208388,4.6638227759264375,499.6522550797638,9.895014691423494,2.436948210452508,398.3561937838019,433.98753740975985,49.97200592402207,0,NORMAL
2026-01-01 10:18:00,1498.6008911412284,55.164039583324566,47.108508436971185,82.90685979484527,4.821574362402091,486.1008419566614,9.44627812835111,2.3054407583321934,404.1525604084389,436.7543497836658,49.99869024589645,0,NORMAL
2026-01-01 10:19:00,1498.1642922052636,55.61180763188283,48.15659654859266,82.36245492681647,4.901453545724536,491.63297384203963,8.20655982495983,2.4910228811435298,399.62267214972377,449.8447672086445,49.94242234258735,0,NORMAL
2026-01-01 10:20:00,1501.5551100807058,54.03085872099221,48.10262022353007,82.47683288415305,4.642582841012773,482.9465242345464,12.473064767797057,2.6957410643952087,397.1116489595007,426.46623293218244,50.15472756154508,0,NORMAL
2026-01-01 10:21:00,1497.7506140210444,54.9737954352642,48.11886054597076,81.87403310754601,5.071805030257626,488.48153748816384,5.617938117528977,2.7047160805829957,402.2405646385083,434.24653900508866,49.85309990902842,0,NORMAL
2026-01-01 10:22:00,1498.3428765323572,58.73784442821427,51.55418747588886,83.20443628677333,4.968580792562195,495.26418999146557,7.224819522621377,2.5012609300590034,400.91660635766584,471.73955717145157,49.91900400612398,0,NORMAL
2026-01-01 10:23:00,1497.8166588996573,61.42868452052422,50.71579492008731,82.1576112288441,4.921548172659176,506.1078741971256,8.51173851804965,2.4421380842755305,398.85030035347035,499.44369740008364,49.92089601847422,0,NORMAL
2026-01-01 10:24:00,1496.0734200596162,64.61505777380302,54.26927301498005,83.20552751449235,4.739386628953661,530.4964714285942,9.695416581368853,2.434814752756593,398.6003213669708,515.1574967051021,49.8910866365101,0,NORMAL
2026-01-01 10:25:00,1494.5365436200436,63.59262642094065,51.907273050695075,83.57245149837355,4.8217406075748155,523.8903462060197,8.027853451280274,2.608600943664094,401.01020919423735,512.245872981045,49.88128281168994,0,NORMAL
2026-01-01 10:26:00,1498.3232656511505,61.613416780423485,52.062226537427726,83.00731984618444,4.918895620052614,520.562823807387,10.517222898881018,2.6434444021481016,399.6296225087658,498.27403512770553,49.942888926676545,0,NORMAL
2026-01-01 10:27:00,1497.6056234682444,61.361842940224186,52.55743918669099,83.54582416322991,4.716817360035421,516.906594187793,6.975415660565243,2.9082567319973935,397.11103327233235,494.9681657082638,49.849075966466174,0,NORMAL
2026-01-01 10:28:00,1498.7058223859128,61.47329276480158,51.66947309205672,84.0606109428624,4.80074035801895,522.1999106882814,8.860553708216964,2.6393990791717905,402.680859946907,490.2303006725442,49.998986441019845,0,NORMAL
2026-01-01 10:29:00,1496.200464226773,63.66167580174347,53.74813208513304,83.36190195822344,4.923800345816629,531.5980052876521,10.004092553608789,2.7593699567788623,399.34901430667605,503.8381728279774,49.911096745866196,0,NORMAL
2026-01-01 10:30:00,1500.3862932891632,60.27674654231384,50.20631559055536,83.1927566131588,4.686685367559519,493.55144669943735,6.224719739087749,2.4466738678422946,402.24335760472366,471.17623451015396,49.91578351000314,0,NORMAL
2026-01-01 10:31:00,1495.5792830013295,63.33584718123506,51.33781833054466,83.32568880587712,4.866728694984503,513.1323686301791,9.182968845529233,2.6416986727981753,401.9176524369486,505.3725749525685,49.852452560027444,0,NORMAL
2026-01-01 10:32:00,1500.8201142912203,63.01983138407708,53.36892845293405,83.05819286221738,4.6633591797935345,518.2556502693694,8.743898932980668,2.6582140049481437,398.49848568327576,510.04908791542744,49.94783005150666,0,NORMAL
2026-01-01 10:33:00,1494.0715131315071,62.16606924418224,54.04365178058507,83.10465127673815,4.743522298907371,517.3544670997645,7.074642305440115,2.593554586872947,401.5497847965447,491.70772402964826,49.76915121617513,0,NORMAL
2026-01-01 10:34:00,1498.8411680303814,60.14186049366191,50.08907135602725,83.74308758088672,4.7746789878146565,503.7956059896364,8.900390058013091,2.597054845562634,399.0228361752045,484.63593318688913,49.91623182133124,0,NORMAL
2026-01-01 10:35:00,1499.5844319350672,56.83214714993037,50.32148247006502,83.44009882812604,4.882553584709357,508.03275173463936,5.341538478757087,2.5935651650233247,397.1999491197941,449.9064145491835,50.026610966081,0,NORMAL
2026-01-01 10:36:00,1496.7131882005474,58.4784883178542,50.13051639952893,83.70196797333452,4.755881730282689,524.4741927953958,10.79209721014673,2.680992245797405,399.3631027509668,468.35826942476785,49.89628111539352,0,NORMAL
2026-01-01 10:37:00,1499.1237630252758,58.625124252231004,48.839383029645525,82.8097046811391,4.856360745510133,507.0495544386259,7.012958223243278,2.8200748512050624,400.59645625266444,472.5399520886232,49.90651255080473,0,NORMAL
2026-01-01 10:38:00,1501.3499968489705,56.045202452748896,47.495616170297176,83.49882189907483,4.76130074823768,497.00161890660326,7.449540861747182,2.107342466199547,399.30589502800547,445.06414243779903,50.08900319311355,0,NORMAL
2026-01-01 10:39:00,1494.8753533395675,53.455044908621666,47.08881171853365,84.02619832862493,4.766414356215987,495.58721973121914,6.922231218860306,2.757297951913954,399.5394274886124,428.4927826724579,49.75748815345583,0,NORMAL
2026-01-01 10:40:00,1500.4487945129733,52.78347551004141,46.26562301810074,82.91337932463532,4.9667985642859085,466.08376673311056,9.018103846727431,2.1856731318368188,401.71534906739294,420.19234739670463,50.03146550662266,0,NORMAL
2026-01-01 10:41:00,1493.7891546472158,56.121518560620196,47.35999815961387,83.47758120702736,4.7154255580352284,496.71000436655476,10.018305866792913,2.6229677498135526,400.1597409704351,452.49789177965243,49.75227128810928,0,NORMAL
2026-01-01 10:42:00,1496.948203221375,55.60233585789298,46.66736223351038,82.53369285281565,4.925241540338405,504.3985337573006,9.231773706844962,3.0271491523966247,398.7350525330726,445.99527270556706,49.87998958658598,0,NORMAL
2026-01-01 10:43:00,1502.7391227394705,52.596049951656774,45.71091064306756,82.77138972193366,4.844465817013829,477.6546348587876,8.001719545926301,2.5174524418314115,401.053045485501,421.05093798540054,50.1165176287176,0,NORMAL
2026-01-01 10:44:00,1498.4155231685188,52.10456382348488,46.45654730242204,83.788697231132,4.7666706864865604,470.1003675831774,7.182972322044633,2.5570494661177774,400.2965133504314,424.62826038858896,49.973256575570275,0,NORMAL
2026-01-01 10:45:00,1497.340416734384,51.559116683989544,45.929069257790594,83.18822468678525,4.714483223023283,478.59885229296566,10.458648951576992,2.4535392240558016,396.21759279780696,415.7844641837579,49.97819567815726,0,NORMAL
2026-01-01 10:46:00,1500.3710558624093,46.1653433981064,42.197968081363754,84.16241518080933,4.702128065673905,460.9718475613532,5.669064464905149,2.5951059034340513,400.6425293706572,365.8709878542198,50.0082558437634,0,NORMAL
2026-01-01 10:47:00,1504.924461943313,46.05675366507078,42.83593939333395,83.38096380658904,4.758516221392425,452.1121150085931,5.5802952005895765,2.5330092471786565,400.58774306157414,368.0247098165774,50.17947127459193,0,NORMAL
2026-01-01 10:48:00,1497.2176585846573,45.59488460465342,43.39695748265474,83.3445233379713,4.8181040925184595,480.5437088767965,10.068032441315049,2.32073939709072,400.03018169437127,364.37958291182906,49.88536842003502,0,NORMAL
2026-01-01 10:49:00,1498.4999207098651,46.98729733428026,43.5865049110023,82.47445990603825,4.910861765494875,459.66857685990146,9.742635002004247,2.447002362305838,401.3375508716044,376.29997653736814,49.959096851126645,0,NORMAL
2026-01-01 10:50:00,1502.857821461525,50.68520952417095,45.28981704311299,82.79370182305638,4.814102037546636,465.86163982033264,10.115051381410263,2.2831647944862667,398.99140962351026,418.10422257640505,50.11723501778459,0,NORMAL
2026-01-01 10:51:00,1503.1277367704222,52.93833958326646,47.69107575662057,82.61700070600392,4.8243289006917,484.34797535072653,6.915144691733426,2.5055951115862016,400.50474968323135,425.3609761296866,50.09934239997469,0,NORMAL
2026-01-01 10:52:00,1499.313025110988,52.400562202156806,45.480487019077785,82.44264731649733,4.842748031337823,492.48057408459374,9.183753747516008,2.4401311846382208,397.64956094324896,409.02498476673054,49.88691331282831,0,NORMAL
2026-01-01 10:53:00,1497.4843925180119,50.18751038467346,44.88758669124872,83.27846045070315,4.882108560129811,475.8304288363394,9.937852048273507,2.529183294164878,400.61063557509823,398.78608821880283,49.93271996208361,0,NORMAL
2026-01-01 10:54:00,1503.1248410053838,55.33422999117318,47.99945005910354,83.40158605350852,4.89644856084948,498.5257441695462,11.066343626600435,2.411359520483344,402.9295895433098,433.0119794919064,50.1223894407139,0,NORMAL
2026-01-01 10:55:00,1502.098351411658,55.45266685920216,47.03464685707845,83.19128522791799,4.697477747884456,485.36922806387594,11.371261133332707,2.511640330574782,398.5077154712987,441.97234358838807,50.035936373237874,0,NORMAL
2026-01-01 10:56:00,1500.261788886919,55.48052544302805,47.86844110353247,82.59909027200321,4.819810723585605,509.0587235146333,12.459558751221156,2.556559809467909,398.86029680201835,433.90765239559227,49.94450694442701,0,NORMAL
2026-01-01 10:57:00,1497.2887402483634,55.43227526880805,46.18440548038952,83.19795452627494,4.958781311209294,499.6300737200126,10.756700573646246,2.570006292279412,398.93497683566267,439.10024979512224,49.983418632470645,0,NORMAL
2026-01-01 10:58:00,1498.736252360255,55.82844479034375,50.4092449218692,82.09829399894984,4.726422124649007,505.8765724549792,5.7941621332202615,2.613141191044606,400.19499733870236,439.02395067457945,49.98244735421989,0,NORMAL
2026-01-01 10:59:00,1498.5713350446113,55.53972396649587,47.3864205914612,83.73396527889422,4.832751983467012,498.04064020748723,10.207820744530702,2.5205637066087614,398.4054455907194,446.23859262180434,49.940923783274286,0,NORMAL
2026-01-01 11:00:00,1499.783222618684,54.3923999527354,49.22155410306255,82.42895970822923,4.834336405455737,498.6222402118617,4.892439164497226,2.386585267741015,400.63187106803645,435.1418964350276,49.93592244313209,0,NORMAL
2026-01-01 11:01:00,1502.2422664622118,53.298682070254614,47.01729374787225,82.51243546705389,4.793083731665261,477.8148616491189,11.901957844031969,2.549401475232462,401.27025991820375,427.90426809953055,50.03365147398599,0,NORMAL
2026-01-01 11:02:00,1501.1121989763103,53.23317552982262,47.50476945004953,83.12465376216792,4.996585189860977,481.4020101874835,8.446619003851787,2.496560190179074,400.80152082018066,425.3426472957383,50.10220281904965,0,NORMAL
2026-01-01 11:03:00,1497.4159826485195,52.14632598755509,45.79899579418212,83.15327716690709,4.840618037548645,495.9769469120031,9.235446470580724,2.726392388296993,397.3473768615429,410.1991191494186,49.92074918532738,0,NORMAL
2026-01-01 11:04:00,1502.608866015599,50.72063442220076,45.640310345282124,82.98623584733721,4.991389790247687,493.1196399505423,2.4791886926933775,2.7373546444040793,401.4927514977379,408.3326822238798,50.05943284716994,0,NORMAL
2026-01-01 11:05:00,1500.4395653045094,50.93349487758455,46.21058656653916,82.44286321381871,4.851705456248067,466.79657607435513,10.199222590219142,2.234918861688441,401.40605112138053,417.0790818220237,50.040136638378215,0,NORMAL
2026-01-01 11:06:00,1501.2894235031692,50.42354044274284,45.91867668003988,83.53657562511806,4.8752940764294115,478.97975222823806,5.814368973453231,2.6276663141109786,401.24524205851947,405.43438643497547,50.002260874066664,0,NORMAL
2026-01-01 11:07:00,1502.2467764345754,53.431526419908224,47.83368924201929,82.12981911388952,4.799681466829511,482.7009044648265,7.642043825037231,2.697864096417064,400.55926337298376,425.32258836267795,50.1499346993332,0,NORMAL
2026-01-01 11:08:00,1498.1509221403485,48.129586803122194,43.509419371834134,82.18255562604149,4.799739519949394,461.4832391172791,11.058460577942641,2.212129608858394,400.3302839713077,377.8963585444503,50.00600409808978,0,NORMAL
2026-01-01 11:09:00,1499.8658287411938,50.312600506967115,44.70720063168891,82.84635679688714,4.884007617087144,478.94249872793944,9.390533047961023,2.619020568852214,401.5485840971896,397.96046920193714,49.97219892114632,0,NORMAL
2026-01-01 11:10:00,1498.3761367188893,52.80477089196238,45.08868620990982,82.26907747909894,4.897388196181381,496.2263274455224,5.881169738684496,2.707238692472884,402.8852702314052,424.7033654185594,49.914437711611434,0,NORMAL
2026-01-01 11:11:00,1497.13268306384,48.657990427146075,44.71801326746458,83.47363640454947,4.890325978568196,474.8195912278532,6.6545130690668,2.296650576695743,398.57043930495274,394.6295135511655,49.77351610886005,0,NORMAL
2026-01-01 11:12:00,1501.0988969074128,47.972615238985384,44.865947854714676,82.23022086931384,4.893063411309181,464.70902883725853,6.530341326105697,2.432457827765646,401.61718809369216,385.08525278549297,49.96255085833619,0,NORMAL
2026-01-01 11:13:00,1505.5771664017702,47.229733506993796,44.953821784114204,83.55043091403054,4.6953492890189805,470.45267907382987,11.264577849690376,2.5095613222339823,399.87067435298883,381.8373045044803,50.11893205797778,0,NORMAL
2026-01-01 11:14:00,1497.436902487477,44.41471011755816,41.9539987051154,83.21788417434075,4.755005448841943,451.8517236756445,10.869579704212944,2.558238713195437,399.8054904219571,358.85607216060146,49.921322933298605,0,NORMAL
2026-01-01 11:15:00,1501.3636234294258,42.8590767423764,39.94896627251727,83.23582117984755,4.920277865017919,454.12791160562347,8.673229010502252,2.230902885334243,397.6952039644269,345.4052858959408,50.029142429092126,0,NORMAL
2026-01-01 11:16:00,1503.1535008598607,40.637925051444746,37.68565888757739,83.46361375167508,4.6348811884261645,456.197394684614,6.981302331600419,2.63778059007757,399.5728158857269,321.8110324352517,50.037849920957925,0,NORMAL
2026-01-01 11:17:00,1501.417663215654,44.14246593829199,42.52714629605855,82.50269466615251,4.879206830827511,433.72703419101373,6.299410814722891,2.0355550333697994,398.50410256304735,354.00934506621167,50.03319723839857,0,NORMAL
2026-01-01 11:18:00,1500.5709793500512,46.013822724586916,40.81201706797461,81.91946390326453,4.850422712027791,469.02090252145456,11.343951018506953,2.7248873370309687,399.30421835574106,363.86869277728465,50.04429950238408,0,NORMAL
2026-01-01 11:19:00,1497.6901806901933,48.55693291457523,43.793555671001364,82.36525943980709,4.937652997951094,454.5587159853086,7.670893840682465,2.595622822703736,398.3527204243328,388.54260808139236,49.94939799050222,0,NORMAL
2026-01-01 11:20:00,1500.4655180773482,50.0002770426617,44.77585939765338,82.13880336071003,4.898886051392875,487.28424675476055,9.668310275858062,2.3756484681980563,399.3266374190305,401.6565339966282,49.920533755201994,0,NORMAL
2026-01-01 11:21:00,1498.9380373459228,47.742173500227246,43.57584896228532,82.05071406661696,4.792587690696815,460.7273511520668,9.783373002461802,2.6503029035436887,399.3908344644649,390.33130703875224,49.9581880708399,0,NORMAL
2026-01-01 11:22:00,1496.2815299965093,46.693132967667694,43.05168238063646,82.45484353368217,4.7799681254961905,451.2492516107721,10.548991233097757,2.257371520956251,400.14513237765823,366.9964038695034,49.80688396103506,0,NORMAL
2026-01-01 11:23:00,1502.8548080230028,47.67188209012353,43.7412768104417,82.20881409515809,4.8035453707971465,473.80427958631986,10.460886901581024,2.4997060317800104,397.577875206563,383.78259487594477,50.14024670229044,0,NORMAL
2026-01-01 11:24:00,1502.8712463452162,45.227626472339644,39.72121262132526,81.95110831291565,4.91898413847875,461.93839328461286,7.437104432105098,2.4999772394851156,397.831722778382,369.22719473683514,50.13491553232488,0,NORMAL
2026-01-01 11:25:00,1500.7725972871651,46.65362333268442,43.00682990948078,82.18327520683397,4.6261131279077965,453.2958126347789,9.472186206487043,2.513763196118647,400.5428714060958,377.02322549066935,49.98085188158928,0,NORMAL
2026-01-01 11:26:00,1501.2235548691378,46.17297253636815,40.47420794770901,82.55594753699253,4.8646189936958555,449.07540630560453,8.706776773420955,2.293786213940612,398.80384282439485,373.5485075050704,50.002482902184575,0,NORMAL
2026-01-01 11:27:00,1503.0639698411774,45.423330921268956,42.98621662585237,82.72947602646441,4.757107020747974,457.1068433495285,6.9253077222923,2.3550178747411743,401.6117946853449,366.3251218794907,50.07906897551433,0,NORMAL
2026-01-01 11:28:00,1501.0796291420208,46.845250857675936,42.552025358801956,81.43532289918438,4.8903770717970385,451.91750850015376,5.9718189108447755,2.4938014818069227,400.3379045830226,381.25367931028455,49.923347968330795,0,NORMAL
2026-01-01 11:29:00,1502.261279613393,47.733777480648016,41.483229763165454,82.08023474915223,4.892845083667292,456.4534914530318,9.052639287696772,2.3319890262131646,400.91014322530964,376.4328290046223,50.092174395785136,0,NORMAL
2026-01-01 11:30:00,1500.0026665684502,47.01184514900986,42.39290241202053,82.14954701087173,4.690776401489696,465.6976659257488,4.669356846967507,2.52440901034542,402.11603848063135,369.1651278622276,49.986446658298,0,NORMAL
2026-01-01 11:31:00,1502.7578665260003,49.33050475573835,44.028227514258354,81.6405300282857,4.844502756734223,462.9980503025333,9.958842667469186,2.370479853912068,399.5354337822901,394.61236734358056,50.1404376383284,0,NORMAL
2026-01-01 11:32:00,1501.2078958317575,47.16837810053856,44.49172647787814,82.16183824872957,4.872320270705433,469.3547162521504,5.364155111262996,2.6716837862208345,399.1382699418756,366.54121428644993,49.985342733493795,0,NORMAL
2026-01-01 11:33:00,1500.7080540243264,48.400249314427086,44.23678733040649,82.29816287369181,4.862831752053679,484.3023085593296,3.402468090802623,2.7965394832584582,401.3075538783982,393.35522353630677,49.992645653398384,0,NORMAL
2026-01-01 11:34:00,1497.542587456503,49.586451830363856,45.096316042568894,82.49737606450634,4.837832383398277,472.0670272572676,8.16457569883579,2.4363716833721867,400.76427034589454,402.79519062038804,49.84275998564815,0,NORMAL
2026-01-01 11:35:00,1500.7804399182562,48.967358951735875,45.56163700526212,82.28345038861036,4.732242240246391,472.68726695093136,3.7734877975324284,2.6737253417113798,399.719004535268,389.57211883846435,49.97580013576716,0,NORMAL
2026-01-01 11:36:00,1498.412165165767,49.61962499622011,44.67563070980758,81.81717553361113,4.756793686263123,493.8496548151253,8.999487839686624,2.453735341646881,402.08718695043393,395.10314698645834,49.88797307238882,0,NORMAL
2026-01-01 11:37:00,1499.2999549782533,47.1173978434495,44.0246266671021,83.25140457097052,4.6971671763052045,453.0348812782998,6.50492194316493,2.2838877390862264,399.6816335352401,376.57744537184266,50.026463849884095,0,NORMAL
2026-01-01 11:38:00,1498.576158366995,48.9654518818633,45.06313224304997,82.66636766719506,4.902077203740075,483.291433538329,9.64774988049652,2.4045109707076007,400.04916045633365,391.98371830710454,49.9176255197956,0,NORMAL
2026-01-01 11:39:00,1498.1484006144062,48.59564760897732,42.87091907181698,82.53058627370676,4.837831190345204,480.79334261054544,12.190159733417472,2.503070424241016,400.0318339762514,389.40105046779,49.94448880471744,0,NORMAL
2026-01-01 11:40:00,1504.7395024924463,47.55020156793924,45.00310451839337,82.74879066432659,4.839848862784197,474.96887887952516,12.473049612653364,2.1181104827939783,398.5981091576523,383.19277307790543,50.13894524622178,0,NORMAL
2026-01-01 11:41:00,1502.733034120054,49.64822001961302,43.36863023169712,82.38163820025028,4.681817891610505,486.68624857597194,6.37259261787158,2.6216135524852295,400.1163780842296,396.32262839186177,50.02762787403449,0,NORMAL
2026-01-01 11:42:00,1504.192828476583,48.23953263852751,44.86108623259435,82.90097413977918,4.838620237478296,471.64411389443245,9.566022670051314,2.499599496172548,402.09514026609776,390.632227625609,50.131345928060846,0,NORMAL
2026-01-01 11:43:00,1498.4696879517287,45.42261004580038,40.7364929905746,82.25758662763539,4.918211974645561,453.14984020430865,8.698629160507243,2.654334891951835,400.66745247306426,365.61061925202955,49.97894476498414,0,NORMAL
2026-01-01 11:44:00,1501.6806371600712,42.30935169875258,40.986847807403215,82.17307290535994,4.672354584435373,459.0284638578397,8.087407121629372,2.5447210277417973,400.0465951395984,335.43999636065746,49.995633269041875,0,NORMAL
2026-01-01 11:45:00,1498.708710429303,43.52137160144386,42.974737839016484,82.44826545106966,4.79749406510411,463.6532227221824,8.020940316053272,2.4592033794472163,399.7573490782515,354.84653615057135,49.997412653846666,0,NORMAL
2026-01-01 11:46:00,1500.4165076663155,40.96051289645129,39.363329081320565,82.85518003145137,4.685861486216492,454.4149341525124,7.521692192901647,2.33843814189462,400.4963005426095,320.8928182409979,49.9713975428033,0,NORMAL
2026-01-01 11:47:00,1499.269725781083,44.47010126042002,41.42570511339887,82.79744581954779,4.802022876136056,456.0903752346624,9.039932057676673,2.749273356944798,401.12464994273375,355.2999810292528,49.95150832973246,0,NORMAL
2026-01-01 11:48:00,1504.4179195239526,40.306242444652575,39.7941854661084,82.27362046295538,4.7644284009838005,433.9099034201507,7.332208909011508,2.8370369618137325,400.91385824633466,327.28452656259793,50.17379814028226,0,NORMAL
2026-01-01 11:49:00,1500.4677096075498,43.699155181232655,40.890096652777046,82.20825592300794,4.893925764904001,454.8606656754304,8.64048139780413,2.369161670800364,399.50220270726703,345.9778759253005,49.98241851239069,0,NORMAL
2026-01-01 11:50:00,1503.3125206442603,44.12119011563789,43.29099277312555,82.27656658788884,4.871392624584862,463.84646558041095,7.90206999662583,2.649670595896889,400.4871723911652,354.51729915893884,50.11229609777547,0,NORMAL
2026-01-01 11:51:00,1502.4226890007976,43.9277638918971,41.548850584596956,82.39946030361817,4.981161234491041,463.99069152023947,11.308741386730006,2.2979277071259108,400.7199096117224,354.138809120172,50.06502175858718,0,NORMAL
2026-01-01 11:52:00,1506.0396923605538,42.83792571827921,40.382585922746806,82.52498607541729,4.844092493561605,445.63597874323125,8.792388693922758,2.31084206644498,398.4892075187095,338.4007864063275,50.20779147902032,0,NORMAL
2026-01-01 11:53:00,1498.3138719643239,43.636197946983344,40.641433240294326,81.73602545637563,4.899128271082915,455.8804217757156,8.336810821478355,2.359112989170134,400.25234581177557,348.7271949778966,49.82475877686796,0,NORMAL
2026-01-01 11:54:00,1503.806280771147,43.56092854213365,40.20360865510717,82.49269148413124,4.794375422152527,439.3754668526082,10.220403600164387,2.572545822942607,396.75804417054644,347.70490918602314,50.03539193494449,0,NORMAL
2026-01-01 11:55:00,1503.1393752795682,45.76753230616669,41.83276439694253,82.00718865474576,4.749549761782227,470.0358641016419,8.37987313421143,2.2426926641938554,400.7238005647318,363.38156919017206,50.135444192954616,0,NORMAL
2026-01-01 11:56:00,1498.8540448032477,45.995987603490775,42.246919168435866,82.1652670407545,4.940170902653919,453.1528690449671,8.993333016226135,2.7699527214357547,400.990514581844,379.47627508818005,50.013660563724045,0,NORMAL
2026-01-01 11:57:00,1502.7549484476635,46.296591126414526,42.29031560235014,82.53752991862363,4.973574906982235,469.8906225381663,10.239014789757546,2.650540362738751,401.1213191886797,366.55719724408885,50.04630727974555,0,NORMAL
2026-01-01 11:58:00,1501.558416585655,45.569366701986816,41.683444747054985,82.21936701176917,4.926178229688443,447.9997376830522,7.807138595462177,2.5879967081056447,399.40742972174564,369.5795850862339,50.03974580191328,0,NORMAL
2026-01-01 11:59:00,1500.4539523891842,45.45547545454468,44.37212650307925,82.30205853484591,4.867081641616035,469.4083231552464,6.950628163809336,2.395791821344909,400.46357025253604,361.67979855195176,50.02986770895125,0,NORMAL
2026-01-01 12:00:00,1499.1379132275902,46.0710789923288,41.61255231890779,81.65364833150439,4.769517677921385,464.4671283733785,8.179228638868969,2.626608307894636,402.13593076831177,363.135450994204,50.00592465433594,0,NORMAL
2026-01-01 12:01:00,1500.0316326556986,42.65074220701555,40.7370779118555,82.56843296569184,4.962794158028857,441.46402076838496,7.497197892223856,1.8430348498095426,402.1206544724369,341.7200088718997,49.89967055827307,0,NORMAL
2026-01-01 12:02:00,1506.108749919011,39.954371362804125,39.56514382744335,82.11382238874884,4.915674483788724,446.75386358061974,7.126330128400203,2.487723986326541,399.95624095116017,322.8804378243705,50.159322984951444,0,NORMAL
2026-01-01 12:03:00,1501.713185727745,41.44089955084955,40.49464772609347,81.79353807919018,5.066617099349141,439.13953150992006,12.396928263061266,2.4464334090410444,400.20897944609436,336.1297442821248,50.04047722193234,0,NORMAL
2026-01-01 12:04:00,1503.2077339176417,41.78263042710543,40.01097118048079,82.25116430686461,4.739534318838718,453.7347568693203,4.671570857678627,2.0405831912274754,401.66636671710165,342.0723689701188,50.14208147378319,0,NORMAL
2026-01-01 12:05:00,1500.1352684857848,41.41466375440008,39.608095680792744,82.96303090744296,4.926996031975879,442.2102083865931,5.596387423050288,2.4953972340904347,397.74879697710674,346.04354148487613,50.12943047371224,0,NORMAL
2026-01-01 12:06:00,1500.1499877834503,41.451531620530865,40.32246646355803,81.05553173568508,4.933800015773778,427.8698894155614,6.295035377813286,2.5326936613805233,399.51538638598447,332.8648239830249,49.99359930644119,0,NORMAL
2026-01-01 12:07:00,1503.734630612249,42.14669503125421,40.55453866873073,81.21761220855971,4.841445035804,437.68927020458034,5.908568302860799,2.0507204013457065,402.00335568330513,333.85809938090676,50.05413881396977,0,NORMAL
2026-01-01 12:08:00,1499.0874124427698,41.067175670635486,39.381346567613775,82.93249232479891,4.977733641524332,439.43096776035134,7.597275078525765,2.1733174731759384,401.4628008125271,330.80177699905835,49.98969381861906,0,NORMAL
2026-01-01 12:09:00,1501.2674592202234,39.510566219830864,37.14446116017409,81.7603964633134,4.905026585576187,451.96887200689383,11.647994744336733,2.807983492568499,400.55389566647483,314.7534650066145,50.108298430151144,0,NORMAL
2026-01-01 12:10:00,1502.087603476139,39.902256730026224,38.473430315682485,81.60624449227329,4.774185807308369,448.669334860384,7.146138513489964,2.361751858079769,397.7412513920041,323.8478844894709,50.07498748858694,0,NORMAL
2026-01-01 12:11:00,1502.6336429687208,37.94551117479616,36.62075654117024,81.40027917072398,4.860160514958079,449.047903235008,8.995707652341114,2.574580323647639,399.9251346504383,297.07826791654065,50.04245567169965,0,NORMAL
2026-01-01 12:12:00,1501.8894100927228,38.7620166862251,37.59005046166874,82.02066297503293,4.76470085978903,452.20341056208645,7.502893908220781,2.6129805517201863,399.1151269056251,321.937806201803,50.11088003349809,0,NORMAL
2026-01-01 12:13:00,1503.720269666642,35.35684947774942,36.24733292516661,82.65026749650818,4.800143078531285,418.40146512621385,10.357138568988542,2.432355857576548,400.49655835422584,287.1350362958729,50.15718626981299,0,NORMAL
2026-01-01 12:14:00,1503.9026793611556,37.41516075240071,37.80783259543704,80.96479991178522,4.9510866171182695,429.0681940358142,12.97432721100887,2.577599877761863,398.7859799728077,290.90126593022484,50.07878526982874,0,NORMAL
2026-01-01 12:15:00,1503.7972039474732,38.360355717226795,39.79666618162849,81.21390157181091,4.974649373087203,430.1484457669884,7.836978598796803,1.961025885539324,398.4614149075381,303.3377012262395,50.14564474579249,0,NORMAL
2026-01-01 12:16:00,1500.2539093454934,38.87241518585455,37.78604273260892,81.05913910289406,4.900938451321055,429.33834709748015,11.456262620624083,2.342618269522414,396.90270208347454,315.05972670740607,50.05832692323273,0,NORMAL
2026-01-01 12:17:00,1501.2641303733933,40.83779715374557,40.27730392752249,81.59391366564466,4.793114239028153,424.51734294474494,10.738637178415962,1.79225822610267,401.83270702746506,332.58409751082183,50.10123218124106,0,NORMAL
2026-01-01 12:18:00,1503.5557765152198,44.168746042670726,41.80720765004027,81.86434439471616,4.900873954145212,454.4431339691791,9.753179857300857,2.092468727513258,399.40034423283544,346.988780205206,50.11520343507519,0,NORMAL
2026-01-01 12:19:00,1502.5497971406064,46.19748617270699,44.01448937426399,82.10725763307452,4.930194811134273,448.83554566736336,7.280072933059567,2.3527719623300802,400.2357186755538,373.14501863382065,50.067089265711246,0,NORMAL
2026-01-01 12:20:00,1498.7511335550291,42.515737710043695,41.08567134562184,81.68534840856319,4.669081857304764,448.46336316980967,10.978082904245012,2.292080489301201,399.99664282528875,330.3892023170399,50.01973480960503,0,NORMAL
2026-01-01 12:21:00,1502.7116430453898,39.956583776572295,37.96546883865706,82.54175232734148,4.860812830956262,461.00575131363286,11.72135662626276,2.407847895594219,398.39884910055923,319.2059908852231,50.029880076363945,0,NORMAL
2026-01-01 12:22:00,1498.3021601770142,38.70694662118093,36.501121943417324,80.96399692795192,4.861701081601029,430.3808622108262,6.749832170886869,2.3829393638912117,398.1114026328277,315.2158071799635,49.965334303779855,0,NORMAL
2026-01-01 12:23:00,1502.3420440598002,38.75912872160261,38.56673893262907,80.80587707164152,4.979253584108127,437.60469058188977,6.483385549360017,2.4143397732122724,398.49202731100416,307.31545112230594,50.00956680395845,0,NORMAL
2026-01-01 12:24:00,1505.836644680984,39.79444676254085,38.34821705962412,81.94143366654973,4.899740243155155,448.3470475269858,7.145313434258416,2.4328863973515444,398.9152473417559,310.82096260463675,50.24782363631245,0,NORMAL
2026-01-01 12:25:00,1500.4356227382152,38.342959136233915,37.02546173578975,81.2388023474668,4.923659123197943,437.00326989647783,6.425620718833002,2.4500141362829333,400.5499093705207,307.4747470717591,50.00161848215995,0,NORMAL
2026-01-01 12:26:00,1500.5880553759791,38.71649266518807,36.96231789457976,80.46555071706483,4.842497889020607,438.4325662075812,11.278114749364283,2.1953559911694884,398.8064235047191,306.70834698832715,50.083031007648344,0,NORMAL
2026-01-01 12:27:00,1504.0869142030494,37.20572680048143,37.48441157787601,80.958543466586,4.880994302381524,426.5960194648042,7.536029776310226,2.227098804132054,402.6197359473919,300.79360623418063,50.16080111125276,0,NORMAL
2026-01-01 12:28:00,1499.7178587306814,35.982691194497534,38.097322416011885,81.19800613279334,4.9704083743245215,423.620639430129,7.097588616534083,2.3524513000860248,401.5407265538397,283.43489739488996,49.92943427951962,0,NORMAL
2026-01-01 12:29:00,1502.1006161400696,33.16936900080109,34.492949054774606,80.67642227029913,4.879983581296989,406.49268628092557,9.6836076948888,2.327425099873426,401.21253932449855,261.49176755814324,50.14125192460618,0,NORMAL
2026-01-01 12:30:00,1504.9283017734476,31.322902508579283,34.38401181622289,80.4082733997077,4.909301487579003,418.09060886892155,6.103672943892893,2.096843552026533,399.8205116462903,240.47820846425304,50.24183898910298,0,NORMAL
2026-01-01 12:31:00,1502.7314283046212,30.0,32.89773364978241,80.72045990123367,4.73199507213112,387.58508343385904,6.730845973550565,2.51631187620261,402.27142110358074,240.8497235552574,50.135161934784,0,NORMAL
2026-01-01 12:32:00,1503.528060025578,30.0,31.71061791089661,80.20657069676759,4.889014582431927,414.710883383822,7.122609225226227,2.444960135510165,399.6729915533183,239.195475308617,50.079522607600786,0,NORMAL
2026-01-01 12:33:00,1505.48837142063,30.0,33.734811343510415,80.97647793244188,4.679270444540552,390.9630161525476,7.03250762376323,2.1280566629273743,399.9531078787686,234.05807664629964,50.16764501630313,0,NORMAL
2026-01-01 12:34:00,1504.843092167073,30.0,31.905307955972628,79.61224144673426,4.856140684129489,414.6260727407665,7.720920254659232,2.2583267974166628,400.2549618096239,240.96899356883546,50.1687077664394,0,NORMAL
2026-01-01 12:35:00,1504.1054294452672,32.141036736618524,34.306248672564685,80.58013127869967,4.894748930198697,408.955453316043,4.147465809222241,2.7233182975256085,401.052734560815,262.2636453961689,50.101662128209,0,NORMAL
2026-01-01 12:36:00,1502.696220933784,33.1276725383803,34.535083108022874,80.75817260174144,4.961539627413628,403.62816700300027,9.891144748072648,2.3633921329506595,400.95536211850447,263.94354058994765,50.17449135974929,0,NORMAL
2026-01-01 12:37:00,1504.040653273384,33.49734478577005,35.99148430602772,80.42257826750202,4.791632440304762,423.03369320099154,11.690663794508845,2.4141106388977134,399.2873120823331,269.3195930352703,50.141904766032425,0,NORMAL
2026-01-01 12:38:00,1503.3964087947188,31.780629225407623,33.010226542773886,80.9692503679397,4.917983406988216,420.51987763968447,10.69141050166262,2.1960191820278503,399.20050942086107,255.61159005118682,49.978046224135255,0,NORMAL
2026-01-01 12:39:00,1504.2793614230065,33.181248984225604,35.29961929833732,79.70861949122023,5.052676950611809,411.75358496375424,9.646813963585027,2.2691900681365875,400.9598544357281,259.42834273791004,50.1596131714047,0,NORMAL
2026-01-01 12:40:00,1502.600141283414,32.02997333175006,33.378186591701336,80.00532928611425,4.835819027706153,419.31101214791454,10.440592005480712,2.622564930474181,401.07285487583687,266.52271575753844,50.06926350627293,0,NORMAL
2026-01-01 12:41:00,1503.1800634590327,32.273992961040776,33.853290564295676,80.15764541737711,4.7421417994801915,390.1081304169492,10.041889659534846,2.345398815068915,399.4099733127657,255.83769453771478,50.10225578749517,0,NORMAL
2026-01-01 12:42:00,1500.5412520073803,37.39416203757837,33.801296995006915,80.69750641650619,4.915033867375586,417.67360423405825,8.607255551633902,2.3597559766012077,397.61921789548234,302.4338773099283,49.99961076529006,0,NORMAL
2026-01-01 12:43:00,1502.4895763323618,37.20204223812907,39.41332391449535,80.46582774443219,4.7714837444577265,443.131237138139,11.590820787472456,2.373548639568584,399.6890258559876,301.46241429117777,50.12333819857573,0,NORMAL
2026-01-01 12:44:00,1500.4778804946022,39.50058889070042,39.25091026724649,81.46493529001879,4.788801436852272,436.01536837547235,10.54413761304746,2.9040824465900412,400.93528869823876,315.3067354900246,50.071913738747746,0,NORMAL
2026-01-01 12:45:00,1500.1530598915863,38.09423604044865,37.08919413833102,80.0110614861232,4.992112464447785,414.7076928770818,5.387028138765457,2.388903861034063,402.70812526962965,307.7878634488874,50.01925465449914,0,NORMAL
2026-01-01 12:46:00,1502.9124704838198,38.02425905945472,36.68989974733984,79.7351493030171,5.092986941477326,426.09624490367156,7.807647165189806,2.214227250751827,398.203063056489,305.4231685847197,50.08011679010375,0,NORMAL
2026-01-01 12:47:00,1502.1123074855702,41.56586033072574,39.4438674455561,81.3789453597289,4.772352081171274,436.24650643228927,5.665148525897649,2.2845884229842097,399.3601431207541,325.4386838596689,50.068343389278546,0,NORMAL
2026-01-01 12:48:00,1503.503362226867,40.31192621515021,39.90403526390958,79.80525467720005,4.830152932454458,439.4321244382965,6.270504105145863,2.5592704626291227,399.41589465771193,320.83404621495123,50.11775872172445,0,NORMAL
2026-01-01 12:49:00,1500.350384194621,43.93682333114406,39.47000907310151,80.93123723005966,4.8373883591579245,450.07137182092777,10.434008681987956,2.1536720079820855,402.03370800914723,348.4318321373822,49.97155797116079,0,NORMAL
2026-01-01 12:50:00,1501.7456402532625,45.352327202055015,42.06981190193867,80.17863815695871,4.841646431508283,460.5224624965742,10.769807427049768,2.543639868313396,399.94758774931205,360.5098924097095,50.08713444087065,0,NORMAL
2026-01-01 12:51:00,1502.2561164144938,44.22739365026648,43.307078062622566,79.69564534896975,5.099416344401808,454.10121725980696,5.236351488224445,2.2975104309727765,398.6390101609416,347.29913331294864,50.09820599667616,0,NORMAL
2026-01-01 12:52:00,1501.7911057899876,45.492209128377525,41.1613791410587,80.6134627465104,4.8346739621010135,472.8201244996915,9.543405782429586,2.0831681799933737,400.8380429243827,369.56984161075036,50.13672558832175,0,NORMAL
2026-01-01 12:53:00,1498.8612290288695,47.43731802763098,43.54277585534224,81.33542675760577,4.834516273395272,470.2760990939051,6.361261776451553,2.278358736893591,399.3930422199386,387.5085074941149,50.02480845664341,0,NORMAL
2026-01-01 12:54:00,1500.5625393741293,48.68093795206538,46.41187258649699,80.36617600093341,5.054294227298814,474.9599989441647,7.7507533262379695,2.4923161414563855,398.16341908996304,394.3375184965151,49.98446756659147,0,NORMAL
2026-01-01 12:55:00,1501.6201828896524,45.54048851228446,42.95644473706145,81.32020644031802,4.93126350234757,471.0432810319408,8.675762137176713,2.7344383638214076,398.66084003908577,370.6765542190114,50.09502101504719,0,NORMAL
2026-01-01 12:56:00,1501.1971141016888,44.086214160634725,41.57765231686629,81.45106008573237,4.969568721580277,450.4140620579257,13.033937432026176,2.6235280239956746,402.6010629316339,350.96653910003704,49.9923561342349,0,NORMAL
2026-01-01 12:57:00,1497.1088093053515,43.59117688953172,41.66134258862803,80.46404441039822,4.800107824489797,439.95034467977615,9.13453682506046,2.3771737236611665,400.57631383247417,345.54813094132356,49.938423581892096,0,NORMAL
2026-01-01 12:58:00,1501.6325172416807,43.44231003133162,40.66452068378927,81.0128770318689,4.826724491045049,464.1177883559832,5.483597333061474,2.628860514276935,400.16164008317884,343.64554501659444,50.02858653145135,0,NORMAL
2026-01-01 12:59:00,1505.488331233508,44.68365422643298,43.109823821163225,81.95244285885576,4.756979307054989,457.75120727359655,3.511505435089635,2.3754805764165186,399.62515939628196,360.68955842624996,50.131781713281484,0,NORMAL
2026-01-01 13:00:00,1500.2721102168261,45.039056228299486,41.62410371407948,81.5273922729355,4.949578309144871,459.03020887803746,7.663710124799571,2.157088245333817,400.4382232631782,361.44776509211664,50.023072607695745,0,NORMAL
2026-01-01 13:01:00,1500.0701723021134,42.36836751087928,38.461838897791594,81.08123096703196,5.000899701437706,441.95598707277514,7.157970010051857,2.4279012022353283,400.42035391900373,338.5608315290421,49.86861072032941,0,NORMAL
2026-01-01 13:02:00,1502.1209444768447,43.128763212891215,40.48595482379427,81.43622734527683,4.811298016176312,444.78211791408347,9.987088466111798,2.130100833127555,400.43825324231096,351.50584842410643,49.983149370507896,0,NORMAL
2026-01-01 13:03:00,1501.7547694802415,44.34993470345886,40.643226292198605,80.91329702143847,4.845309927280803,463.6919948498144,10.189759559542185,2.601781008531601,400.17226763541663,356.82418439674757,50.04961772181934,0,NORMAL
2026-01-01 13:04:00,1503.2915672109687,45.46951559932094,42.00051534739514,81.84919578352584,4.830967077825617,468.9898625789994,11.170142928809748,2.6158711737945852,401.3031975074583,359.5628366069646,50.11384099536403,0,NORMAL
2026-01-01 13:05:00,1497.9580482780962,47.63107705043018,43.31956217117747,81.90396595168158,4.707198281638551,474.54700373397225,7.1580996519899704,2.3003167825982493,400.0346565190011,377.64407225776296,49.9134690040953,0,NORMAL
2026-01-01 13:06:00,1501.6029762332444,49.29892135952799,45.7767760155217,81.47536966947506,4.803110398834534,480.47584081280274,7.992058331709439,2.522108714960412,398.53309174667106,397.80133737249463,49.97446072617226,0,NORMAL
2026-01-01 13:07:00,1501.137387818906,50.217281517984866,45.825661637455305,81.60237788795222,4.945279063717316,481.4507806855446,11.05315810088569,2.529382662018137,399.0813656636487,406.9469164071519,49.99701833518994,0,NORMAL
2026-01-01 13:08:00,1499.7003169071054,50.07695009506757,45.30943554461594,81.05372428864226,4.7913836637826455,476.58455263351806,11.189899897874986,2.675162177304124,397.03147195976544,403.3740019218204,50.00957102993205,0,NORMAL
2026-01-01 13:09:00,1501.3263689902362,46.755028228035584,43.050071525488754,80.90679041635701,4.891162377893359,461.88880195491475,5.071131901485602,2.218536631483586,403.0402256740636,383.5246695636451,50.07330138820596,0,NORMAL
2026-01-01 13:10:00,1502.5360620299366,47.614264666300755,42.50970079092245,81.43059213340752,4.740586259885434,478.75316483146815,8.264498097432805,2.5960401513766436,401.29413188792904,389.08915315906313,50.08372424511809,0,NORMAL
2026-01-01 13:11:00,1502.1387027519315,48.02964004062698,41.63660878671051,81.6129711667079,4.8533404855529545,464.36653143729006,10.883622924681854,2.216942550205168,398.75489425730615,386.44229949926967,50.1291317807829,0,NORMAL
2026-01-01 13:12:00,1497.999401832849,48.57279771501773,44.25683864040342,82.22858239190548,4.799096236703289,473.70458414136954,5.455016362539778,2.6411657246847517,399.57723272590437,384.3894784227343,49.95318324560126,0,NORMAL
2026-01-01 13:13:00,1502.4364562608357,46.01930056337711,43.406221541599926,82.17174874053967,4.734397876810831,453.02742199227737,6.680770967726337,2.6727324859004002,399.04468528869035,361.60446694835804,50.043842425996615,0,NORMAL
2026-01-01 13:14:00,1501.0991852934228,43.85718748256058,41.20597860629176,81.7944379711619,4.943149850192274,446.9071658204575,7.344834249632652,2.3046535960976273,402.3138208170612,348.9205911354111,50.02261440711018,0,NORMAL
2026-01-01 13:15:00,1500.9530495581857,45.96349318922639,42.04324159074913,82.30971053216238,4.938468525476853,458.5106804837201,6.626759887682979,2.703460705200572,397.8701842535936,371.4740127458919,49.9616250107458,0,NORMAL
2026-01-01 13:16:00,1500.9695174057008,45.884382881513076,42.99513189412205,81.25355062103661,4.7779751163556705,452.55595631802413,4.510236574416805,2.144037236211373,400.17171408822816,376.2082984486643,50.026910297337125,0,NORMAL
2026-01-01 13:17:00,1500.2500371671517,47.24738427625833,43.26509836513065,82.28730498834072,4.832635553813813,473.34436322168716,8.763533165744743,2.692390531804693,399.8372082361527,380.06630938212066,50.06393960319946,0,NORMAL
2026-01-01 13:18:00,1502.9226107885102,47.30402102851925,45.068156809085515,81.37580713008012,4.876915725705643,452.0837310843671,9.227546636148304,2.7607314579177205,401.24025794606365,384.2757821993102,50.131684863852556,0,NORMAL
2026-01-01 13:19:00,1500.3598574187995,47.36353330751074,44.65084832657473,82.4123854302787,4.670276112681641,466.76466281009834,8.8229501706281,2.5427983719054135,399.843986158413,377.68172902914694,50.08209571358927,0,NORMAL
2026-01-01 13:20:00,1497.9128875593412,49.24010091946273,45.50356860870097,81.82415376980822,4.7238076519644325,473.66543418654135,13.676540963679233,2.453295852988755,397.36268668501685,397.0346529818396,49.915285323121424,0,NORMAL
2026-01-01 13:21:00,1499.571337995455,48.20801146302799,44.682540992026695,80.85751429084442,5.0114781578197904,450.6200443374011,4.659801301296455,2.5445640786502643,399.62332324803634,389.7808758516098,50.05301625624088,0,NORMAL
2026-01-01 13:22:00,1500.677338830239,48.40025301690996,42.74998439569451,82.24776074812407,4.748532095387262,464.99064735394876,5.794616246500253,2.3632508564228742,398.541756673085,377.30405275601703,50.01291274968557,0,NORMAL
2026-01-01 13:23:00,1502.963289080694,47.47570243949987,44.148415165752525,82.30285331681465,4.979761244488877,468.721953918731,11.430947227697459,2.9996823602275478,400.11936931983485,377.7384255041164,50.172355556818296,0,NORMAL
2026-01-01 13:24:00,1501.8848473729706,46.606709984635245,43.340351948427724,81.67578563953809,4.731942919770906,467.41076487916405,10.638621842906273,2.348760841759494,402.1512655547805,377.6021817984713,50.06173540839358,0,NORMAL
2026-01-01 13:25:00,1499.1012562949663,45.98836573769796,43.19944417100994,81.71807034170617,4.931521370879917,458.91620799594125,5.760756839133498,2.723363891308443,397.3908621336516,369.2792675797665,50.00540344518909,0,NORMAL
2026-01-01 13:26:00,1505.6838531771648,46.43263328096539,43.352189455392285,81.82787554652485,4.832312178318469,469.283098528186,5.482959568480036,2.3160808493248255,398.79966589690014,365.47849100696845,50.26321739078765,0,NORMAL
2026-01-01 13:27:00,1501.4345234144282,45.475136037638435,42.73784421043113,80.93949952010102,4.864133382682543,458.0698135593741,6.080664039336539,2.774113016277114,399.17096056932473,351.6504764224707,50.03814606571855,0,NORMAL
2026-01-01 13:28:00,1502.9534518182409,47.986648288785474,46.49285544282088,80.73880306998942,5.070817529953608,468.0897981314998,8.939824314802319,2.882332199238889,399.4275533568802,382.0642825837738,50.10936784331857,0,NORMAL
2026-01-01 13:29:00,1500.4570843959762,46.197433684346464,42.642274540655954,82.57252500115798,4.723130836544972,464.2075565850781,7.879190664471762,2.5391724990473334,401.1101884961579,369.2215410103023,50.07967931779285,0,NORMAL
2026-01-01 13:30:00,1501.9019804102063,45.82369039602375,43.43055161844357,81.50657134047205,4.929348392816666,469.65291267342485,10.669329129559177,2.5155683576736676,399.7396833736579,362.1699084190483,50.05674918881038,0,NORMAL
2026-01-01 13:31:00,1502.6900913531417,44.9442282794754,41.495547157421235,82.83481974946513,4.89865257136648,450.54761895400856,7.167864450167341,2.2581264778378385,400.62370408858067,360.26925092094314,50.02362509764608,0,NORMAL
2026-01-01 13:32:00,1502.868752613872,47.83818404818287,44.49355201279739,82.60971375089481,5.183263063898742,462.56542544345706,11.190007929895831,2.2632483185681718,399.0613404344023,385.23740612162743,50.20277543985831,0,NORMAL
2026-01-01 13:33:00,1502.4684778905153,48.23129360120601,44.87809605095606,82.72812219712831,4.737724474034245,462.1205626869289,11.229375904950281,2.5418958570451857,400.3448865181269,389.20378466327924,50.05879437313365,0,NORMAL
2026-01-01 13:34:00,1501.6853974641174,50.294982680143285,45.54141568522132,81.65806686131008,4.804240183423454,472.71046221908216,6.690607623168356,2.794588322237657,401.16669644631656,390.58026681648465,50.06411771801746,0,NORMAL
2026-01-01 13:35:00,1499.905054150798,47.32386193406934,45.063564102818106,81.1864585152117,4.957863058279021,479.8958593500403,10.056783927135474,2.3635981215108877,398.9015506753944,372.0194699835141,50.05463547183249,0,NORMAL
2026-01-01 13:36:00,1499.2849154229264,47.85796246580786,42.83050144312429,81.45934926255364,4.850786628828741,473.2301218236257,9.589493991801985,2.920165468216916,401.1720371797098,381.3405864846892,49.945739152244315,0,NORMAL
2026-01-01 13:37:00,1500.7377702092376,49.63722405705473,44.29511349256462,81.80813035502969,4.817532297226232,462.41938674800315,6.177850119327243,2.37434305264458,400.07855915309136,399.95865811162514,49.974198944646815,0,NORMAL
2026-01-01 13:38:00,1501.9058977375612,49.80179203560558,45.09345530738683,80.8730596964863,4.97828995490259,468.30180246873283,7.758461584152323,2.5438963085060498,401.5681903607234,400.8605063525948,50.076216789424116,0,NORMAL
2026-01-01 13:39:00,1499.1680080412996,51.932752785736284,47.04045852492599,81.8690738702817,4.8359616789639945,485.492306992841,7.584827074785679,2.565730821138094,399.6978701498845,417.82137202527366,49.88261311481437,0,NORMAL
2026-01-01 13:40:00,1501.9507087543218,50.89817588553554,45.718335052616254,82.0400083248293,4.770013926465272,469.07853779004665,8.581185961027247,2.488674883808252,400.57186698274313,405.2683173744396,50.050628321300664,0,NORMAL
2026-01-01 13:41:00,1502.161859337791,53.7168707659067,48.51588149605459,81.55277770932707,4.941565461289656,480.7556472725259,9.238137014445707,2.1284032043938206,399.9390906524822,428.09679894070376,50.08431391114214,0,NORMAL
2026-01-01 13:42:00,1496.504424759224,58.3146670131452,49.327110336920796,81.77956576579437,4.901937485486898,517.5509312077496,9.652947558021047,2.4593320500452727,399.85568160693913,462.8756897630529,49.86998323046621,0,NORMAL
2026-01-01 13:43:00,1496.8083606139542,57.58898989226588,48.41281544587097,82.27586648457995,4.823198010747803,495.42770833819867,8.079252220136379,2.6158177573832333,400.38839564233854,464.5528897786562,49.816439473305856,0,NORMAL
2026-01-01 13:44:00,1498.3796529122965,56.69798484946433,49.326919246215105,82.636472373019,4.8112404006636185,507.989615133419,8.991522268527298,2.5477828292986007,400.80521120383736,448.9814348570168,50.02569732822008,0,NORMAL
2026-01-01 13:45:00,1498.6942745756385,59.60475380369974,50.685672006106145,82.10855544045671,4.766338230696809,521.1698702082584,8.798540649219133,2.723288069917554,398.125652632114,481.08821240554573,49.96165272688541,0,NORMAL
2026-01-01 13:46:00,1496.3980863534337,62.76389809516116,53.201202577454914,82.82013294632998,4.9161070265849345,512.3390224213745,9.619815731453503,2.779006163349982,402.1504504132268,503.1504509519776,49.95149381766921,0,NORMAL
2026-01-01 13:47:00,1500.3607697495634,61.718178040854625,52.00350453364627,82.8446051335736,4.80709711560309,507.11399757741975,10.262372367490029,2.5691660881727643,397.2105054391753,493.5202019345612,49.99902384580975,0,NORMAL
2026-01-01 13:48:00,1498.6725728417043,60.87780440666291,51.18666285337429,82.88707593208368,4.76527389100096,510.3109945585086,8.652794961177378,2.41629196960354,398.97278183539163,483.7388832544209,49.91175182897227,0,NORMAL
2026-01-01 13:49:00,1498.0160470586932,60.31423518894189,51.11360354164141,82.61398092617954,4.719164864757224,500.2135459545604,9.368271530976244,2.9128058929661016,399.8585963938526,475.73617220571447,49.94732728130253,0,NORMAL
2026-01-01 13:50:00,1495.6031141188882,57.625334166873344,49.60404939491719,82.31870542473035,4.892841327296277,502.89900836908413,11.111015737009401,2.3051608755656035,400.6185339536289,457.7644095530965,49.84264778097987,0,NORMAL
2026-01-01 13:51:00,1496.210762312364,55.788030273904944,48.16783686449464,83.85831858807504,4.7719753303472,493.2015868401335,10.00931671606992,2.4388188580526196,402.3642587916121,444.6542078481151,49.81480400417923,0,NORMAL
2026-01-01 13:52:00,1499.8060687524835,53.77974874040081,47.06471719791706,83.32891457009114,4.63215417719927,491.8349207502659,9.511764519522279,2.3678055026092477,397.21256276766235,418.3928683653002,50.06702483802216,0,NORMAL
2026-01-01 13:53:00,1495.2859780256517,52.244153610192555,45.94289882912862,83.50519914353256,4.709569138164944,496.8239721980022,5.554301408554501,2.6717330604623473,399.23845880741544,416.9664531048671,49.811752423043686,0,NORMAL
2026-01-01 13:54:00,1501.5903180522043,52.17478383541899,47.1615354211208,82.94915616866732,4.8176571830607555,490.78659323166966,10.67639527178064,2.785152233250308,396.8097497683011,422.02005752348197,49.96099728250037,0,NORMAL
2026-01-01 13:55:00,1499.1550496511568,52.643213300492036,46.779948984801024,82.90286222440749,4.821388989020133,489.1436443058457,7.173455152267316,2.4916934579027314,400.04743296086536,423.9817959311056,50.03824329106976,0,NORMAL
2026-01-01 13:56:00,1505.3373430819654,55.74421428612018,50.703281043840875,83.25451170186028,4.810555540925729,475.4442658717415,8.245223588422537,2.6033974949281844,400.4075253767501,443.4726849102539,50.152696535274885,0,NORMAL
2026-01-01 13:57:00,1503.8663312603037,53.747506204642605,47.40920827406403,82.09525343267138,4.819819320189817,492.55003153727284,6.458969860747487,2.6232294262442557,402.38619361325686,430.214731129217,50.09848651404601,0,NORMAL
2026-01-01 13:58:00,1498.493871661186,55.716151001595776,47.878833130628806,82.47752265014621,4.702864174723434,512.2328051126307,3.912977864170725,2.91796232973373,400.1809521413402,442.94838516565613,49.86152634268803,0,NORMAL
2026-01-01 13:59:00,1498.7296913323084,55.28817331314475,50.843579362749914,82.65262672723756,4.759492613040344,463.40338143287147,11.334332514082904,2.1981670446888115,401.5660376941636,443.0491901718365,50.04470345207347,0,NORMAL
2026-01-01 14:00:00,1500.953313849236,55.18924589383989,48.52717391401827,82.8388679045179,4.961600340558052,500.05618605819586,7.625268005378912,2.7007368387637847,400.8757556223086,449.21450626943925,49.96730309894739,0,NORMAL
2026-01-01 14:01:00,1502.0985682442015,56.53888487817309,49.913455713796665,82.65305692869481,4.95056167411141,496.29251132604116,9.285187983365116,2.6406937983696315,399.34712770449227,457.15357303850914,50.072874748842,0,NORMAL
2026-01-01 14:02:00,1495.8652537181183,54.2934408350485,48.168167484231596,83.26260583794736,4.892543061475458,481.5290928924403,5.955741628894023,2.4687665033013206,397.88655887981196,436.9514982088518,49.9078061400643,0,NORMAL
2026-01-01 14:03:00,1495.4155970038073,55.0582603274166,48.657967225747704,83.14741213602377,4.886002017683591,500.7151969850776,5.530345334190277,2.6158279504182254,400.4125034474377,438.0016580574142,49.86827241344373,0,NORMAL
2026-01-01 14:04:00,1497.6776974401228,55.39116474384271,48.7703528976581,83.81615223094444,4.91415254618766,510.9661356095228,5.476835477586624,2.7020774426044105,397.761846974282,446.87900991546593,49.91960719907115,0,NORMAL
2026-01-01 14:05:00,1499.8902617119759,56.37606727185901,47.72355579833934,84.37832141331602,4.700354097984469,505.06854273988404,9.373567205219645,2.6803932152151506,401.9428106090045,442.5741534180068,49.91125876415149,0,NORMAL
2026-01-01 14:06:00,1499.60286626908,56.95440455967464,49.5401717833662,82.53593405979464,4.852574155479802,495.628496446246,10.31823294018755,3.001244166780006,399.7569068469448,454.37346906744267,49.94627596718097,0,NORMAL
2026-01-01 14:07:00,1499.7665419420684,61.865004839496436,50.79414159984762,83.3127789833728,4.7217177052678485,507.092818694156,8.49989643268807,2.6441463659537012,401.79276611726715,497.8385958150913,50.00160808163774,0,NORMAL
2026-01-01 14:08:00,1495.4826999690706,60.589524870993806,51.17935208618375,83.36668301576692,4.722374892708134,513.5096133863739,9.330718105555581,2.6112762853680036,399.2796783488014,488.4183050381892,49.810064628803,0,NORMAL
2026-01-01 14:09:00,1493.4622060818642,59.52753096099017,49.99090112003081,83.3278023041995,4.8702504476907045,517.0780512872815,11.685553165784208,2.559015552475947,400.4032761796015,479.56967013900004,49.79224150906208,0,NORMAL
2026-01-01 14:10:00,1500.0597784089762,58.28124990814064,50.326220130733105,82.81876557922097,4.938299732329169,500.11384441615496,3.572388958123045,2.693408266510584,400.31402328600205,467.72415271117364,50.036079784073294,0,NORMAL
2026-01-01 14:11:00,1496.9095483201056,57.17029566982013,49.63630364923031,82.91640923773852,4.8222869018029755,497.1922049278625,8.16447056276643,2.5652913044010117,399.9324338229836,456.38374046314163,49.945110088293525,0,NORMAL
2026-01-01 14:12:00,1494.7839199881814,55.89552141520709,49.01845873988944,83.49581207308053,4.994983801759339,523.8543274516088,9.052808708667913,2.5615970431650243,399.3510107299051,449.8540511707892,49.76482169838208,0,NORMAL
2026-01-01 14:13:00,1498.6354165964344,58.273554477422195,50.2514292592024,82.92650996624246,4.862648233379705,514.7439601305749,5.6009467036114025,2.5863015167754733,400.58868402770577,461.42413061644606,50.064346189296764,0,NORMAL
2026-01-01 14:14:00,1499.363438781757,61.11456297340191,51.061912442254744,83.52836934014823,4.751754059955384,525.402257190843,8.406733188309236,2.5842239158360005,398.6107551047752,484.69311747074903,50.017155259952936,0,NORMAL
2026-01-01 14:15:00,1497.7612716585768,59.97307038590296,50.72283874219009,83.36106344268357,4.724105875958961,495.30288729007225,5.652030081191603,2.4779961434285482,398.1858470065614,480.09323646952515,49.92529001426911,0,NORMAL
2026-01-01 14:16:00,1497.4226313796962,58.3083592396945,50.90541170507118,83.57178441883947,4.930377460041682,497.00737054599614,9.30041028848331,2.6667049000363274,401.86424033999026,467.3328621310997,49.96856454181037,0,NORMAL
2026-01-01 14:17:00,1497.8310374652146,59.251190352467304,51.618570888774784,83.04925510855136,4.851860809402954,508.125982628178,9.364528953371165,2.535502390521349,401.0907519833381,464.88144692691526,50.04597163744048,0,NORMAL
2026-01-01 14:18:00,1497.6294856224174,58.14674426390536,48.74126345971666,83.61729198402084,4.8952588981365315,493.5022293448173,11.002130779356484,2.704203343203142,400.0988374129034,467.4496860159905,49.84904684902774,0,NORMAL
2026-01-01 14:19:00,1495.4213841962362,59.412607899416386,49.11663710713719,83.12216712415135,4.5717603314716495,523.9481006368503,9.731236968094573,2.616279604779763,402.49771357381564,479.164505084928,49.836116341083304,0,NORMAL
2026-01-01 14:20:00,1496.6069478577954,59.81845394111898,50.16418298146667,83.66945087668765,4.85107818590094,523.4677118598229,11.016205377564829,2.5208695641453804,399.5983517219127,478.1612053416203,49.76797667893285,0,NORMAL
2026-01-01 14:21:00,1499.6851666678026,56.78696571112452,50.11738700870696,84.25421673256648,4.763738246499047,493.4189266150953,10.813706864372852,2.8808357381182583,401.98405482998345,466.16805710541615,49.999138132225816,0,NORMAL
2026-01-01 14:22:00,1498.666961859996,59.881976113784646,52.14406969845382,83.74067367672401,4.685810572873833,527.4261024643212,11.796561189636721,2.5783572440284517,400.26336112738875,475.64113337870117,49.97383510742946,0,NORMAL
2026-01-01 14:23:00,1497.6413733199383,63.47373145997569,52.159526995584244,83.82988326337721,4.817134100437613,522.1155391427155,6.318451486359266,2.759301917512118,398.4628738748854,505.9844158628712,49.91942100489247,0,NORMAL
2026-01-01 14:24:00,1495.560072220492,62.248154079006916,52.65620180114048,84.12066584962254,4.926768036372995,543.7624364504147,7.1486319567005205,2.482484959591649,402.7720602876563,496.00989810141925,49.819275728799816,0,NORMAL
2026-01-01 14:25:00,1497.3424434839017,61.47275095913495,53.71808190862106,83.04311245431434,5.065760579555685,516.6014896622227,8.500305498092574,2.209619643365113,401.48606626993615,491.4010696166245,49.8089390569873,0,NORMAL
2026-01-01 14:26:00,1493.2369735589973,62.04448174058476,52.64200052159119,84.64059632531806,4.83140331422589,522.9176135953309,11.749950027232611,2.507044983870438,399.81846845348565,494.7122298598466,49.7932424694705,0,NORMAL
2026-01-01 14:27:00,1497.814274263659,62.7133953205588,54.04954047756837,83.29371949438439,4.76321095111616,533.4959180336514,12.230942326888945,2.199644211925629,401.0907568893009,494.67310984144615,49.999914199651066,0,NORMAL
2026-01-01 14:28:00,1500.0516186424463,64.03048386590447,54.417016889625785,84.3118648660973,4.736812447026208,536.8830270287438,8.263063438048913,2.5929322652951954,399.39444484900315,509.5111294460534,49.97216969862821,0,NORMAL
2026-01-01 14:29:00,1493.4415571472284,68.05089294343716,54.92033705983439,84.33165707549922,4.909680094696535,543.2854459633891,7.681810983784012,2.9742383323421824,401.2437235525893,543.9190400686269,49.80338823469211,0,NORMAL
2026-01-01 14:30:00,1495.2887449556747,67.69699848844907,55.42821766957236,83.58430262314425,4.728626535621826,535.5280915151334,6.8398733953801285,2.49591298046916,396.41338215207406,547.7188483179025,49.76455094951816,0,NORMAL
2026-01-01 14:31:00,1497.4381327575459,66.10040399937216,54.69499687791514,84.59658208492577,4.8703110962542615,536.4927409977338,10.250544094675108,2.2397952684748836,398.4702979994581,539.8144483618419,49.937465078436155,0,NORMAL
2026-01-01 14:32:00,1499.8373321601862,63.34176554334311,53.1091927140272,84.36744061361738,4.842019306723614,513.5343376829397,9.403326115027427,2.9334690536359367,401.46888961643043,513.4114938359982,49.97490862378564,0,NORMAL
2026-01-01 14:33:00,1496.7275696747079,61.87990546345927,53.04427223151413,85.07406881642528,4.816828762859783,518.1010063107485,6.055397863628946,2.5237281019697426,399.6255166926716,491.16234855931106,49.85279809162678,0,NORMAL
2026-01-01 14:34:00,1496.2527690379259,61.81365151771167,52.496875672902405,84.23499262689047,4.6584882884741114,505.2547049870109,10.758756045324859,2.614988838743379,400.31131344233313,491.03016408856246,49.83707411920339,0,NORMAL
2026-01-01 14:35:00,1492.9816002662183,65.40276724474725,51.30545940307023,84.12739363936123,4.781756306990143,511.1008689558124,6.810947593696709,2.811683666273688,397.97982150682685,522.4254950704312,49.746372763105626,0,NORMAL
2026-01-01 14:36:00,1497.3333673292811,64.3675446466749,52.30768651491221,83.95483025999432,4.675087615664353,525.7906739047565,10.055943265239469,2.7483099994645785,402.77180049355314,523.8631516176671,49.930233910093996,0,NORMAL
2026-01-01 14:37:00,1501.121127970297,64.8151205499527,51.70169141499557,83.37344076302233,4.773706444607877,539.4757008315511,11.27602651364021,2.798253689421901,401.7857944655765,517.693844138712,49.97176277228346,0,NORMAL
2026-01-01 14:38:00,1497.598261972368,64.7822747578072,54.04473009533965,84.11647060438511,4.909384454064349,535.9960080682858,4.761254606779492,2.8279085454871566,399.698972172437,511.6206606097705,49.9000862991672,0,NORMAL
2026-01-01 14:39:00,1496.5236297806919,67.15906130470337,55.53592443228978,84.18913679020835,4.93932305453139,534.2375916092057,5.63958404550344,2.3223676865291427,399.392956214705,534.7666047528618,49.88204740378978,0,NORMAL
2026-01-01 14:40:00,1496.2015793902438,72.2129261564506,58.61098065248108,84.55520236481843,4.8302908176527195,570.215138529332,5.769076545613933,2.439259713536502,401.54440654212954,581.4886892607019,49.8184340184482,0,NORMAL
2026-01-01 14:41:00,1495.7475782699807,71.15118861060996,56.731784898651355,83.79317042894053,4.767102540177791,543.3385462286692,10.020712646792601,2.9457458186318677,402.97370567525337,572.6592102693602,49.94808586908311,0,NORMAL
2026-01-01 14:42:00,1494.339509310365,70.17230972557353,57.777529840464105,84.45109487714019,4.969788035693238,526.4247574215271,7.412648236206458,2.545375268637398,401.43064038371705,560.3773944721299,49.7686422030091,0,NORMAL
2026-01-01 14:43:00,1497.194433535413,72.26063147971166,59.07264138429553,84.94056498450104,4.742829636934362,531.0911972369812,3.699825489823558,2.5880771458044047,403.2577040010949,581.5021252054935,49.873009272165426,0,NORMAL
2026-01-01 14:44:00,1495.7266401544305,73.6244144589643,57.91949960817342,85.07995044109782,4.684832341997144,545.8735412004179,12.05890136669011,2.4836756401567794,398.61647300640715,577.6294546589802,49.80863927432323,0,NORMAL
2026-01-01 14:45:00,1494.57166068178,77.31782911043636,59.924659264812945,83.93199632258701,4.891008370339938,578.7786493191496,5.983405339059266,2.692188713234867,398.7709197542518,619.0617790586545,49.90897936041625,0,NORMAL
2026-01-01 14:46:00,1492.352130849226,78.4856854810883,62.09127960242604,85.33839424153116,4.8390055194263475,568.3518723491352,7.114123449472763,2.714993642073989,398.21658832291996,632.1889109555495,49.7727162897375,0,NORMAL
2026-01-01 14:47:00,1497.0535956039666,77.76710129951417,63.45204305332186,84.970282965013,4.746336749607155,576.7944409668727,6.216477639330542,2.5901788754581103,400.66264097447424,617.9724940203406,49.85495691982004,0,NORMAL
2026-01-01 14:48:00,1495.5397232984865,78.94841096089878,64.06878931873791,85.11388330363486,4.80774485688426,592.7822721989855,6.6061777615673485,2.578867560633839,400.2634053247066,627.4055950047089,49.90663568789255,0,NORMAL
2026-01-01 14:49:00,1492.6609947008524,81.16581812206461,64.26289523368682,84.15113002364495,4.861193398412278,573.079393801448,10.610130729590967,2.8753907996557873,399.772073314792,639.9943042126995,49.76540142474286,0,NORMAL
2026-01-01 14:50:00,1495.442293210472,82.80678248445933,63.95407281909552,86.2148590746322,4.796070702612537,594.6087360135666,8.363929426615138,2.6665339714669076,401.21388794218495,670.4037378497281,49.86093911140463,0,NORMAL
2026-01-01 14:51:00,1492.2405922138948,83.82133054667392,66.17964098749293,85.69228752222328,4.832048145051992,598.7642876399159,7.655559995576282,2.716950854071087,401.848492907822,666.9698744882835,49.72412921335887,0,NORMAL
2026-01-01 14:52:00,1491.2450570298074,85.95467992585223,66.1203836907023,84.985855538015,4.749711403083702,592.2339998557518,11.863014081151444,2.422291129903706,397.71150638606974,688.8426557961284,49.670697768312394,0,NORMAL
2026-01-01 14:53:00,1490.8219395436906,88.29327110674359,67.20845562737235,86.09998685581428,4.8306247673076745,622.5685581260534,10.453087986085036,3.270572759573641,399.10454195814833,709.3657540613656,49.71095295640908,0,NORMAL
2026-01-01 14:54:00,1488.4578628938239,90.0,66.856033168378,86.25156812307915,4.776724421296746,612.1229294445052,6.423415929850951,3.08836480589494,401.2302153911846,727.5603397457072,49.58800773496102,0,NORMAL
2026-01-01 14:55:00,1492.9430847608364,90.0,69.10238219834766,86.84677330798306,4.715883481686704,611.16247019087,12.170556561075047,2.8010387893346116,399.2983919742121,719.2305111300718,49.855607273506635,0,NORMAL
2026-01-01 14:56:00,1488.3377102433233,90.0,68.37013265086263,86.226753541612,4.750876452944433,636.1161321841797,8.823002640350877,2.7201838128684557,398.80269088546277,717.3028510311079,49.54779245284862,0,NORMAL
2026-01-01 14:57:00,1489.5431123374685,90.0,69.0964303795285,86.5242670622585,4.759724475162389,620.2276674236672,5.225165810032005,2.9021777594466247,401.5278061414756,720.8653382428528,49.72824491655837,0,NORMAL
2026-01-01 14:58:00,1487.848823981843,90.0,66.70064230376293,86.32471873878065,4.628967791518259,624.252905496855,11.470172198187878,2.896693282080469,398.06574989541406,726.4204013827115,49.58939485695488,0,NORMAL
2026-01-01 14:59:00,1491.8278606144181,90.0,69.16982667258368,87.0647019369347,4.695040036604313,628.5489293152184,12.568642856843436,2.6448066860970707,399.5476302883133,719.149137342996,49.742549640514994,0,NORMAL
2026-01-01 15:00:00,1491.6993590794561,90.0,66.56887883602838,86.48587099910479,4.776773131577182,608.4952600054079,10.548890324586644,2.389892754215528,400.4929660387072,715.2256545920796,49.764969857646676,0,NORMAL
2026-01-01 15:01:00,1491.3466075736274,90.0,70.08794025326856,86.53579083592206,4.634185079742673,627.4982109705368,9.76507278921376,2.794784818496666,399.13927012913484,712.2962109584232,49.680041121037355,0,NORMAL
2026-01-01 15:02:00,1489.9148446106587,90.0,69.52189123413508,87.04630435173594,4.697081546783823,609.9810588500233,11.900154872002123,2.5873250938200973,401.1747334840198,713.8935130769738,49.70704057292356,0,NORMAL
2026-01-01 15:03:00,1489.6555324931267,90.0,68.72133522857541,86.55887103364327,5.007287077164322,609.553766106617,10.360253733018855,2.9342759893447083,399.14668453720395,724.3219574870333,49.5198072236685,0,NORMAL
2026-01-01 15:04:00,1492.9287397270932,90.0,69.56271986008208,88.05855866280382,4.625902990261804,612.2800002769186,5.704875261768669,2.935616313332135,402.11292924016885,718.396877618466,49.72829184757534,0,NORMAL
2026-01-01 15:05:00,1490.898896136583,90.0,68.02192573733645,88.30128815588681,4.695592845617221,608.7793516505504,5.965780835823121,2.7053574603316184,399.81138055375635,716.9623954503965,49.65042673085238,0,NORMAL
2026-01-01 15:06:00,1492.6327166430724,90.0,69.0723755156149,87.18584976272331,4.672911276892661,623.2215643265716,8.269590363518493,2.793083146468909,401.00690520505805,716.4201638840802,49.69174858748383,0,NORMAL
2026-01-01 15:07:00,1490.2295026277516,90.0,69.79477403846033,86.78949925019212,4.752523014600824,617.6721065514506,7.142752940432292,3.252608338395617,401.11903592947425,720.4252293010009,49.663569012354436,0,NORMAL
2026-01-01 15:08:00,1492.3621254855423,90.0,65.90571075090861,87.71671878882687,4.664173789909965,610.0877558538289,10.635932096061675,3.0550257052541925,399.05868999588387,718.8027245311721,49.764691681260494,0,NORMAL
2026-01-01 15:09:00,1494.6065560746322,90.0,68.55277564032248,87.36876358978648,4.728300415875027,621.7450503315482,6.742600745788365,2.8095494458582193,396.9197701770162,718.6343392814038,49.85535153574604,0,NORMAL
2026-01-01 15:10:00,1493.1723316007856,90.0,68.97735586986363,88.25458671511424,4.663053562182726,612.2481756261366,8.594184851281149,3.358391865387196,400.54113363199576,726.7466196390537,49.78445489121954,0,NORMAL
2026-01-01 15:11:00,1491.175172363567,90.0,68.80370638225423,87.32739890599818,4.858964803517019,611.7192962963533,9.816055302805205,2.6606125176056707,400.1084325206873,727.6900814093082,49.672554405540886,0,NORMAL
2026-01-01 15:12:00,1492.514397940712,90.0,70.4571018262274,88.04348867279907,4.747293930315974,615.4868388490154,9.606954389974804,2.737461055036689,400.8337390413627,711.9498916354551,49.76893075324832,0,NORMAL
2026-01-01 15:13:00,1491.5186696509395,90.0,67.87609887507712,87.87524614263008,4.6421978114510765,619.6346035566622,7.250110358138536,2.8778971658584145,399.66020879142576,721.6379636557148,49.72350327310719,0,NORMAL
2026-01-01 15:14:00,1492.0157603693895,90.0,68.37884075655477,87.52410250566402,4.833597602269989,618.8984764937742,4.955209176106516,2.593798586924737,399.35435845179893,716.1156895068931,49.78066148737645,0,NORMAL
2026-01-01 15:15:00,1491.348777895703,90.0,67.08413097369156,88.0234044164444,4.643705250068101,611.3675081774717,9.598672522590517,3.258061832925569,403.01270951647257,718.7587444306945,49.750472765003344,0,NORMAL
2026-01-01 15:16:00,1491.6713295882291,90.0,70.51028665127315,88.38113742645531,4.5759692325797285,623.471112074394,10.261035341004415,2.936630407741856,397.7914689077338,721.5463919256334,49.723901473637,0,NORMAL
2026-01-01 15:17:00,1492.4241867061482,90.0,68.7537098573912,88.0213037198283,4.739269676860153,612.7760584892035,9.142209366763709,2.7420102286200407,401.1009257175464,718.9364004153454,49.70261023989688,0,NORMAL
2026-01-01 15:18:00,1490.0132826008362,90.0,68.5615911119633,88.06020698897338,4.92952230265453,608.4501551139128,7.052010679949251,2.989557390280952,399.1380972127249,721.1522994031382,49.63446191223627,0,NORMAL
2026-01-01 15:19:00,1489.9682423460201,90.0,68.94751731768929,87.60668490013435,4.565099889105724,600.3197835123265,5.684380346066353,2.9292111696595784,399.49633207338934,723.3648510301596,49.63811861021877,0,NORMAL
2026-01-01 15:20:00,1489.2229148923375,90.0,69.63623582843033,88.64465794113835,4.5940080490203234,624.8317848099903,12.48680385162561,2.8390697831748306,399.52434575113904,721.4728840027016,49.625000513048775,0,NORMAL
2026-01-01 15:21:00,1488.7994577909926,90.0,69.34736340351613,88.62240589305232,4.8028044484550385,615.12390076194,10.215449710661275,2.658296966635704,398.7948485887431,716.7658184791619,49.64005111441258,0,NORMAL
2026-01-01 15:22:00,1489.565434615559,90.0,71.64788421355709,87.92065090615485,4.677354841915707,617.1087235851052,9.013418517691312,2.6127576148941785,400.85683631535437,716.8540019651484,49.687939873358374,0,NORMAL
2026-01-01 15:23:00,1492.3189250136084,90.0,69.45393588840378,88.0879197868535,4.799436460987584,625.4580291569952,10.838282080578349,3.3373601994886455,402.08596539392494,712.8014735169098,49.7414082324695,0,NORMAL
2026-01-01 15:24:00,1490.2144249690161,90.0,68.53475457083091,88.87975086799855,4.638656091945834,610.2259376840218,9.442322926605284,2.6294530229780007,400.70502049187,715.7303985123964,49.6746204050289,0,NORMAL
2026-01-01 15:25:00,1493.0272289284621,90.0,68.43864326247605,87.62697508682945,4.761656716004329,601.2560075152587,11.652554620287669,3.239593103870275,400.1550729943181,729.8103418094927,49.7747396128654,0,NORMAL
2026-01-01 15:26:00,1492.069427497505,90.0,68.60724104758319,88.51566208030009,4.904134150932547,615.6978070221522,12.286787685102723,2.7310481704768086,398.5203392513511,716.0399821295238,49.70985231759355,0,NORMAL
2026-01-01 15:27:00,1488.0629915731238,90.0,67.49816307537016,87.95269371517638,4.621487160994285,618.0796155208029,6.509637343385936,3.0580065135080643,400.7752378987367,714.0331059377809,49.555830106221975,0,NORMAL
2026-01-01 15:28:00,1493.3099511684434,90.0,69.03986420749159,89.13832982387635,4.819609484536204,612.3715093383963,7.399851089881918,2.993086618016156,403.23452444759397,721.5996393092239,49.689226477415914,0,NORMAL
2026-01-01 15:29:00,1493.6215972911834,90.0,69.78346810620891,88.29718903141381,4.802026899034933,629.7373757807617,5.316119661187514,3.033083740059283,399.4289580643074,719.4481762035407,49.75262910846894,0,NORMAL
2026-01-01 15:30:00,1490.0122746503303,90.0,68.38663639937677,88.91078617343625,4.572859851421384,590.1383343227865,7.738831802835558,3.046402854448038,399.4360246309722,719.0220338157538,49.69073309434107,0,NORMAL
2026-01-01 15:31:00,1492.8403830857899,90.0,68.19261994371588,87.9140882779185,4.797608286815808,626.2005663789978,7.812925624576355,2.577686875532498,399.1583663035285,727.0452298320605,49.726200530957684,0,NORMAL
2026-01-01 15:32:00,1490.2870035251815,90.0,70.51594514629423,87.6837294205257,4.753606024475746,622.9115365036423,5.806038137649158,2.7647308015051646,399.26587864825837,722.7456333777918,49.66434309896809,0,NORMAL
2026-01-01 15:33:00,1492.1953407534966,90.0,67.57351684337884,88.20325153233321,4.745044370344709,619.5677077770046,7.021853802051128,2.626390408156457,395.88205066949143,717.3500353414826,49.76316625615384,0,NORMAL
2026-01-01 15:34:00,1489.47100318609,90.0,66.9321816235227,88.46331129565341,4.764385530732103,581.640984505309,8.136329061740863,2.9378602121695194,400.60755307878355,717.8776204120411,49.67506791435746,0,NORMAL
2026-01-01 15:35:00,1488.4137870949307,90.0,67.84709805635262,88.0874443987892,4.703214527582635,627.8388878327027,9.364690213722907,2.635331133575155,398.73167173546807,717.4870674304716,49.559816260556055,0,NORMAL
2026-01-01 15:36:00,1491.234365620774,90.0,67.45956728287571,88.73210522778668,4.732367791338506,604.7356588936411,6.117666408861569,2.5037905645853558,397.5846053218123,724.3736981079013,49.75766515518181,0,NORMAL
2026-01-01 15:37:00,1491.7525421074504,90.0,69.38622606410458,88.25746172979886,4.758996007908052,609.9230802161661,9.402308930292767,2.852504532691285,401.1297849245988,718.4592618527344,49.78145224138279,0,NORMAL
2026-01-01 15:38:00,1491.2046406127708,90.0,68.63929549955043,87.3305948674205,4.827993896540143,613.2940733520993,7.620951628118274,2.4581841895025107,398.3769733224371,711.0342324877292,49.6503288608981,0,NORMAL
2026-01-01 15:39:00,1489.631938883555,90.0,68.78031295497615,88.65602179607426,4.5741634607407065,619.0741803465197,13.033388109356721,2.951747638944191,399.49199641917437,719.7584016063283,49.61320611930311,0,NORMAL
2026-01-01 15:40:00,1491.2002018757378,90.0,70.15293417697477,87.94611399906691,4.8701663096677725,621.3942804219255,12.71434893776175,2.6484740953244517,402.1996635867829,712.3148699943604,49.76622793001523,0,NORMAL
2026-01-01 15:41:00,1492.5385895051616,90.0,68.30866513883723,88.21384948111574,4.620193976071764,623.928405543193,6.6316322771942176,2.7318840503839543,397.88617630296324,730.9211530087745,49.74394364077595,0,NORMAL
2026-01-01 15:42:00,1491.9102139397548,90.0,69.77508941174564,89.17801066585568,4.792602633097525,623.1585351007851,5.853145573812067,2.4439168053684597,397.70110264810336,715.1716604307638,49.619351567285904,0,NORMAL
2026-01-01 15:43:00,1492.3650020611985,90.0,70.5113227992032,89.29420930910874,4.7220603237451035,617.5292720421313,9.196688507571901,3.230020442761709,400.4039592843435,719.1906761732114,49.675515993469986,0,NORMAL
2026-01-01 15:44:00,1490.6597695990915,90.0,68.54433750198633,88.12600489420835,4.609364267835963,619.1592265905759,9.508701567298955,2.607417022604384,401.7242310460156,721.2910136735056,49.67619050537776,0,NORMAL
2026-01-01 15:45:00,1494.3434358294323,90.0,69.73702285555632,88.70820933921553,4.77865036018609,604.0924628417775,5.951140580285232,2.827199753090421,397.63848742340207,718.5567091966038,49.753295728466846,0,NORMAL
2026-01-01 15:46:00,1489.6476533268903,90.0,68.75818208747101,88.14838419650121,4.642491652150459,607.4897319318097,6.413827628992022,2.5416522815077505,400.61153460525577,718.549847992669,49.63425058903119,0,NORMAL
2026-01-01 15:47:00,1492.9751205941734,90.0,69.92409812884078,88.28595453666887,4.841160464782387,623.9546022367483,10.433881545161245,2.7328664383238452,400.8714993099425,722.1091364308044,49.76745716382329,0,NORMAL
2026-01-01 15:48:00,1494.36378218592,90.0,67.42851081242372,88.13105873633869,4.666295341423102,623.3720948672868,11.901671524009778,3.250364356204842,396.91125927446154,727.6310797939814,49.88523880306573,0,NORMAL
2026-01-01 15:49:00,1492.9618161854978,90.0,67.35448775487465,87.57603612334533,4.5989806677725555,622.2379941644442,11.373586552632444,2.9594953470530694,401.1977520068608,723.8375454090865,49.75087117703854,0,NORMAL
2026-01-01 15:50:00,1491.5949515458703,90.0,68.60873228509246,88.48972215840762,4.8835900673354775,609.8558323834347,5.298976414407102,2.755273800737884,401.3149088197633,727.3925693928677,49.77345880817432,0,NORMAL
2026-01-01 15:51:00,1490.9434059066741,90.0,68.11107519094023,88.59000662410799,4.746332234641532,624.1049213194369,7.213512244512826,2.893165304068907,399.532321640116,714.7669044595325,49.76955153832431,0,NORMAL
2026-01-01 15:52:00,1494.0721753020925,90.0,68.48329089057012,88.11391183664804,4.824440875843171,603.3875554751965,6.112471447190234,2.7878881886626776,401.878519543447,721.5868131662768,49.87412132687069,0,NORMAL
2026-01-01 15:53:00,1489.1540501494767,90.0,68.78047341755286,88.99657226119614,4.63492136690074,625.7735980986228,6.783076405626385,2.8815158840344823,401.70468336148724,720.7762302602914,49.652706067985164,0,NORMAL
2026-01-01 15:54:00,1490.0597514792407,90.0,69.72001353183626,88.23768943206044,4.546065157687971,612.3912919875411,11.377391521125237,3.048773743806592,400.1546768885758,721.7554564583837,49.570493925249416,0,NORMAL
2026-01-01 15:55:00,1491.2048844690166,90.0,68.59233942143406,88.139979786849,4.904720646671798,631.8417040634063,10.248665253544747,2.833780402018592,399.3228319145126,726.8811598531779,49.72987072557075,0,NORMAL
2026-01-01 15:56:00,1494.475307515024,90.0,68.17613868937691,88.72450914870169,4.724867135808072,599.7855790793451,7.67432036176812,2.943998294785021,398.54075816112555,718.8960542510397,49.86826357822481,0,NORMAL
2026-01-01 15:57:00,1492.7595352720818,90.0,68.6484866232411,87.69241610500669,4.795286867316221,632.6340404591853,4.572363546176061,2.947299099529651,399.9436547359507,717.9724831672296,49.75459782046429,0,NORMAL
2026-01-01 15:58:00,1490.0639084829795,90.0,68.23085472019338,88.9194348674577,4.787270880710673,611.3853567083654,8.343915611919352,2.834770870540451,400.85463837955626,722.6699039870933,49.75602614293641,0,NORMAL
2026-01-01 15:59:00,1491.37938458923,90.0,68.06599449793728,88.26719816957969,4.701116931306838,611.2052074398825,11.510072366017232,2.7528148020659886,399.513734708439,711.1089863621708,49.75563783104771,0,NORMAL
2026-01-01 16:00:00,1490.7713537118075,90.0,67.38698318642304,88.96497206077862,4.743323513545979,616.948388189856,8.196053118867823,2.7949633286791076,396.70374849210697,718.8157397543891,49.72079212591789,0,NORMAL
2026-01-01 16:01:00,1490.580422015533,90.0,69.06947811622108,89.1163085421038,4.877069088408469,608.0292108719931,5.975205498863165,3.0398370503070153,401.90307084186486,719.3290115535727,49.74033310274473,0,NORMAL
2026-01-01 16:02:00,1493.9577791171137,90.0,68.43129429340294,88.79411075654912,4.720873661981084,614.2767099869769,9.649626605179632,3.05648334099509,400.2853348327673,715.3982069184653,49.81526112980016,0,NORMAL
2026-01-01 16:03:00,1489.256513741473,90.0,69.96627873923467,88.06972261253088,4.83281567939134,607.6237373472915,10.042844364074154,2.6724411337463057,399.43056325498475,725.2852950567828,49.51724326641266,0,NORMAL
2026-01-01 16:04:00,1495.2175617114688,90.0,67.55260390794106,87.85186055024025,4.543838090992133,607.9893646902082,10.633559272204593,2.847802133122398,401.2857375826349,714.6887984132836,49.81562844280877,0,NORMAL
2026-01-01 16:05:00,1493.6564593803691,90.0,68.45791644495212,87.76170611029984,4.857141940825924,619.8688595030058,7.7229494991844305,2.749415626179533,402.28695789472414,719.320634758181,49.84840704737469,0,NORMAL
2026-01-01 16:06:00,1494.1817233412073,90.0,70.81290722065874,89.03156924817505,4.567168185235902,605.9843450469648,8.921691833535558,3.059990485943228,395.79713264576816,721.4657861266148,49.765677877702,0,NORMAL
2026-01-01 16:07:00,1491.0741209759494,90.0,68.06039048290215,88.41399681559047,4.832660946091541,607.3180576499452,8.756231467673084,2.8057593920440196,400.6513954748831,726.7672578073806,49.69129707393647,0,NORMAL
2026-01-01 16:08:00,1491.7001185618417,90.0,68.76346674790388,88.18298617625155,4.775403398520097,601.2720875025359,13.000432328041633,3.3401847635142734,397.8600261837845,719.9472178255958,49.671095469699566,0,NORMAL
2026-01-01 16:09:00,1489.1336963709505,90.0,67.78415601717464,88.41767876719804,4.722054357048651,609.9606932003866,9.081841692990864,2.9435794779794104,400.74866576019843,724.680767970641,49.72698600879177,0,NORMAL
2026-01-01 16:10:00,1490.9506751858664,90.0,67.65157248721901,89.02508078015636,4.70953956227608,628.1160202972392,11.15785277877225,3.1363992908446443,400.1918908035619,723.5029769863856,49.78243046239978,0,NORMAL
2026-01-01 16:11:00,1492.9873096952863,90.0,70.54731098308768,88.87512263767007,4.697224437910865,606.5406635989704,5.28474506221771,2.6970778346393267,400.95358978966084,720.6172877808457,49.72205021175251,0,NORMAL
2026-01-01 16:12:00,1494.5921261235628,90.0,69.17103949263715,88.70592500058729,4.643814548043898,607.6836673481276,10.972940230100704,2.902344429817173,399.25112857825803,714.5524329586327,49.827102437471545,0,NORMAL
2026-01-01 16:13:00,1489.785686366395,90.0,69.13367883823763,88.80647482739879,4.703272875589019,616.9392194648153,8.462183548755526,3.0232346196740445,397.19013983227126,712.8270956954783,49.62549817649163,0,NORMAL
2026-01-01 16:14:00,1491.2689881260294,90.0,67.30368376488377,88.57842237651886,4.949237460220531,611.2920356620048,4.176451396582198,2.69333995163564,399.324447713115,720.532527007096,49.739713502819214,0,NORMAL
2026-01-01 16:15:00,1491.697401559535,90.0,69.3587413881083,88.64014523072373,4.857427766463998,637.2815443334965,4.519466126568904,2.9040685423621153,400.6102714527097,717.286515630487,49.74873087251328,0,NORMAL
2026-01-01 16:16:00,1489.208421595615,90.0,70.15742194599383,88.60030527235587,4.640893576700639,613.3747203532374,10.256998641613487,3.1103718064401074,401.52308849301284,724.5963054584065,49.6808659984345,0,NORMAL
2026-01-01 16:17:00,1493.1826984835168,90.0,70.14947706082853,88.49042057223879,4.756960328787954,618.3521834621737,7.6274915987659195,2.8345099984153026,398.2422530492912,723.7292825904929,49.78935253850262,0,NORMAL
2026-01-01 16:18:00,1490.5520193365148,90.0,69.66833322960616,88.86775418890029,4.732242832545637,624.4376878479932,10.85718717183276,2.729649499085475,401.5405906403095,719.0769450278148,49.831837621536586,0,NORMAL
2026-01-01 16:19:00,1491.609219297646,90.0,67.8705144224046,88.67228460673101,4.712324963564412,624.2457786586285,10.797898766906037,3.2605918910945038,399.0281915655302,714.2114353802937,49.668911121670995,0,NORMAL
2026-01-01 16:20:00,1491.0961012561763,90.0,69.313123417193,88.05182516364954,4.638685741063261,617.3328758155737,5.883478557530864,2.66565093967074,400.5436748223918,722.5536777480364,49.61767320748405,0,NORMAL
2026-01-01 16:21:00,1490.4213229885606,90.0,69.6675849604766,88.75712421524156,4.769447314175833,613.38872513314,9.27858807015031,2.9311781256763174,399.23515907070157,714.9102527693243,49.661056256250276,0,NORMAL
2026-01-01 16:22:00,1491.985910029039,90.0,67.2055564149111,88.61678236067118,4.812271515778041,635.2402853637926,5.494414171483994,2.7583447323326387,400.27325594156815,716.2076803853457,49.65446425435662,0,NORMAL
2026-01-01 16:23:00,1491.568780842864,90.0,67.87872040851822,88.799306927908,4.640623992935162,614.0023972468573,6.696159004089743,2.7126331522284897,401.3378164518554,715.1029213089242,49.6443362479285,0,NORMAL
2026-01-01 16:24:00,1491.2562842354428,90.0,69.88815732174344,88.44190962738807,4.926715949181159,610.5830989557152,9.406600535062223,3.048331416540652,398.1594788840672,719.3074948903002,49.658477075138194,0,NORMAL
2026-01-01 16:25:00,1490.5430767566393,90.0,69.87604577667193,88.90026949371172,4.874194935049321,608.5415101170598,9.685864611921286,2.8588928176674924,398.98014115487973,725.8509616703528,49.63865977994973,0,NORMAL
2026-01-01 16:26:00,1492.6390493415659,90.0,67.4514169663786,88.46405639450292,4.7855354280050655,597.7319679729325,8.292113676972608,2.9811772930839395,400.27744388101314,719.9747956488824,49.70690407295469,0,NORMAL
2026-01-01 16:27:00,1495.3072345369847,90.0,69.79502145926918,88.85703853453073,4.599687259042504,623.2161575223716,11.876269970762381,2.448970855774961,403.6023754915455,717.7839065378615,49.869485432088425,0,NORMAL
2026-01-01 16:28:00,1492.2797744656782,90.0,69.09530339915362,88.2671791467242,4.7747972796639715,591.5193160289917,10.127299869318145,3.000623956392412,398.70521543174976,712.3719253497737,49.71734969580167,0,NORMAL
2026-01-01 16:29:00,1493.9922364298222,90.0,69.78100895460715,88.30208369025002,4.762156126351446,614.9427715909508,7.3655653094186455,2.7558808176367333,403.0602008289954,722.7606229236492,49.79076548558378,0,NORMAL
2026-01-01 16:30:00,1489.219556149693,90.0,68.36547867656606,88.7970137068207,4.775375253485436,612.9513936572862,10.504705917657466,2.524229609768346,403.00663495551277,716.0979769703569,49.685363510381485,0,NORMAL
2026-01-01 16:31:00,1492.3155228785874,90.0,69.6451834964809,88.33035962284549,4.892439234772064,637.3996519223144,11.413096889536337,3.276947910957435,399.8540332739476,720.5875880957905,49.705534636380506,0,NORMAL
2026-01-01 16:32:00,1489.8052633620578,90.0,69.84382877448563,89.59937984001338,4.6904149977380705,596.6834877128638,4.453441171973164,3.0202027052989253,399.55277121070014,718.2289069204168,49.64694815046669,0,NORMAL
2026-01-01 16:33:00,1489.0461501449363,90.0,68.64866506454429,88.7799375348908,4.929183907267758,605.9889671301564,11.374693077653696,2.9454554825359196,398.961902202003,724.1908860979972,49.65315967080252,0,NORMAL
2026-01-01 16:34:00,1490.5212571850818,90.0,69.01775254617328,88.50938871738477,4.770462660251679,613.6390354131835,10.717391358411938,3.149883769947973,399.897696204501,719.2138180398572,49.58696351613838,0,NORMAL
2026-01-01 16:35:00,1494.3837986688272,90.0,68.35147837049534,88.90707562240918,4.69281216998569,613.0247066253083,6.94957159254249,2.949513856277707,397.88992085116064,719.7053682273847,49.69354801351338,0,NORMAL
2026-01-01 16:36:00,1493.9000316573392,90.0,70.65163894868589,88.25697049781378,4.974798310714365,609.5045540918995,13.682933120035617,2.7402771979712788,399.8856414740191,722.4287357372773,49.81397358835119,0,NORMAL
2026-01-01 16:37:00,1492.4860094441087,90.0,68.87972806067424,88.95899161546357,4.803809357692738,614.1901209059783,6.3429623605467516,2.8650064779035245,402.2453204107763,730.5347009113159,49.774134362165306,0,NORMAL
2026-01-01 16:38:00,1488.9345988802202,90.0,68.07797567482282,88.94526412347902,4.675621328834673,602.4043727113026,11.63584159156183,2.7643267573615895,399.0833724062849,724.4422346517928,49.73436430274996,0,NORMAL
2026-01-01 16:39:00,1491.607438697224,90.0,68.28417408612525,89.12456538176946,4.7259303512592545,618.5719287899494,7.9599765034081935,2.799929421435058,399.6389135440164,719.556969468257,49.728152700367474,0,NORMAL
2026-01-01 16:40:00,1492.6034000178036,90.0,69.12677060114211,88.27753562895509,4.797972589606352,591.7851465792243,11.531946687196617,2.6484592668281515,397.44828928859914,720.0159899530764,49.79443365312303,0,NORMAL
2026-01-01 16:41:00,1492.3510724591572,90.0,69.75333117177821,87.88670664532636,4.727179764414939,614.7423064412275,9.131535347039721,2.705995884839936,400.56109313219656,717.3757026983778,49.735262116459275,0,NORMAL
2026-01-01 16:42:00,1488.3124128330385,90.0,67.66417315484948,88.19312025780071,4.749528381748481,608.9964330573642,10.693356498461654,3.078917106533735,400.3967225274271,715.2500214824015,49.62527512218054,0,NORMAL
2026-01-01 16:43:00,1490.2193643039602,90.0,70.84766000294245,88.35749860474452,4.651129667538838,625.1628794275664,4.5317815301816555,2.9664150877606494,400.0955535396487,717.2362460646684,49.75734165221948,0,NORMAL
2026-01-01 16:44:00,1491.8718444717026,90.0,69.30867529405562,89.33202844620638,4.544839977995082,632.5531107063331,6.398407484646954,2.799397389493698,399.6747594246668,716.1392551814403,49.622861841483804,0,NORMAL
2026-01-01 16:45:00,1493.0725818190344,90.0,69.46645597296941,89.59603042513274,4.718721323771817,611.6894783124965,6.51842597850945,2.694393627107373,399.5608631218413,723.2668419189795,49.78976687351306,0,NORMAL
2026-01-01 16:46:00,1487.6077443578001,90.0,68.90281045617657,88.67095076220899,4.740583766978409,628.9072592914143,11.306406567343927,2.8189206042384134,400.752850350551,714.6440257106551,49.69370414843054,0,NORMAL
2026-01-01 16:47:00,1491.6757520490403,90.0,69.01925896735112,88.50340397132295,4.782643879729326,611.8388371936959,7.900179548209447,2.5632300394065863,399.9567750976171,726.6660528069002,49.73662677926181,0,NORMAL
2026-01-01 16:48:00,1492.286097539758,90.0,68.85171686207259,88.32383806386275,4.6759042680121246,605.3387347687091,11.748499667587893,2.9253261198848706,400.472457807333,723.7602319180942,49.825398566153574,0,NORMAL
2026-01-01 16:49:00,1493.6992239770325,90.0,70.01779596903596,88.91121509103756,4.587720268725183,632.4590363218562,9.564585179131372,3.089094296398513,400.32247422618184,720.1025086468384,49.758513525091274,0,NORMAL
2026-01-01 16:50:00,1493.385715168475,90.0,68.99207141254664,89.59323352057743,4.611602882613716,620.2077644473401,12.447837829460004,3.3733945320118046,401.6851409306436,720.0015930573253,49.77792146424098,0,NORMAL
2026-01-01 16:51:00,1493.1651426376177,90.0,69.76705021849271,89.3919364750415,4.817724646183152,615.0443852260981,5.413716344688393,2.6793482554871764,401.0154911460626,717.2135934519272,49.77384765637335,0,NORMAL
2026-01-01 16:52:00,1490.4001189865962,90.0,68.56615247664743,89.06806314030207,4.651977605973202,621.8717747509864,12.18645435386302,3.080760489190122,400.2892927647253,721.3504220567388,49.56912441225193,0,NORMAL
2026-01-01 16:53:00,1488.1839957257534,90.0,69.19564052831231,89.06078578768518,4.67457618566592,617.7421503513017,6.339548700746919,2.758557710860425,402.2776330459783,725.440462316043,49.54772429946594,0,NORMAL
2026-01-01 16:54:00,1491.2138944858773,90.0,68.19607965576058,88.91534530253735,4.690451737566142,614.3078059205848,12.285318620029726,2.6743087419897975,400.63040279358484,716.484217688721,49.65228606222671,0,NORMAL
2026-01-01 16:55:00,1494.003263650417,90.0,70.21652823254954,88.47559727143278,4.6685604376426655,601.7356517269201,10.232030071814018,2.6742203742288044,401.95744403318565,712.3330395554063,49.84121209224886,0,NORMAL
2026-01-01 16:56:00,1494.786909055049,90.0,68.16625275928088,88.13101734790135,4.668058570288689,612.2946326283874,4.419007767830699,2.928147145285393,400.91041391257994,723.5160912742837,49.86983795711917,0,NORMAL
2026-01-01 16:57:00,1493.4210982045956,90.0,68.67502055573867,88.48893012681928,4.643109041000233,621.2325542345848,6.964241980963547,2.713841275261346,397.23712138160266,721.621829871219,49.79690509562185,0,NORMAL
2026-01-01 16:58:00,1492.8586816456034,90.0,68.68503958754526,88.71054973567904,4.865854662743239,613.7722857431319,8.767302383372341,2.778630845741303,401.957252144979,714.3990059927941,49.803161199696234,0,NORMAL
2026-01-01 16:59:00,1492.7592792967719,90.0,68.64604861232623,87.77260298947272,4.812558008544839,624.0232576113038,9.078340040753423,2.8119197338525477,400.202764362014,716.3330431454294,49.75043517258964,0,NORMAL
2026-01-01 17:00:00,1490.8877625064783,90.0,69.72249576944294,88.42298199744992,4.856322437366025,618.8365502386679,11.878067157797192,2.7520064320202176,399.92206784364885,715.7044786297492,49.75635533369292,0,NORMAL
2026-01-01 17:01:00,1491.7398794128928,90.0,68.68334223526335,88.08652619373203,4.883203451771443,606.2186368191459,9.993250725686966,2.737483089460171,400.42202252123434,716.3773386548288,49.725102069228036,0,NORMAL
2026-01-01 17:02:00,1495.3381390516527,90.0,70.39392453054107,89.00644570181802,4.484883106220341,601.8082804216788,11.447481868449463,2.4141680474963048,399.4825252570644,718.381586229794,49.84749783742643,0,NORMAL
2026-01-01 17:03:00,1490.1148839884163,90.0,68.18152491386984,88.2247015575421,4.769851433051966,613.4282150006983,8.116385278967245,2.9173906580223736,400.3405432905834,718.6672634785963,49.65721650128409,0,NORMAL
2026-01-01 17:04:00,1495.2295575814196,90.0,69.1693774699427,88.66369458534511,4.668108244903266,609.7577155189541,11.146584226428105,2.9135342979116903,399.1121859004854,716.7460317246577,49.87520777659581,0,NORMAL
2026-01-01 17:05:00,1491.355943691016,90.0,68.2242140106874,88.14960108454136,4.8486889427445075,618.3632180962169,10.247152008528206,2.7405310300528978,401.91140838810156,716.2091809025004,49.69080484886988,0,NORMAL
2026-01-01 17:06:00,1494.6508642181902,90.0,69.42097278253146,89.29848597585999,4.6398831601585435,607.8186234123727,11.036401262508045,2.9720768540776743,399.8296178295684,718.856078280403,49.87051704279958,0,NORMAL
2026-01-01 17:07:00,1489.1863699810049,90.0,68.98405027302323,87.64928130829743,4.64159939819768,608.8460767424513,6.0153487483988854,3.179381506413137,399.42612423591635,720.8384576742978,49.582938208997696,0,NORMAL
2026-01-01 17:08:00,1493.1718084023294,90.0,68.84493795530152,88.73760191488576,4.581843375636974,625.5306971759492,9.170177708190574,2.9047159665668567,398.6126112764211,718.4185173181758,49.71744780067457,0,NORMAL
2026-01-01 17:09:00,1490.5264597281048,90.0,70.18847496650352,87.86107342602033,4.712511040381713,616.482029686279,5.389081302078157,3.1660515558312454,400.40316368372294,725.7933351167065,49.71858666202649,0,NORMAL
2026-01-01 17:10:00,1489.1694656161517,90.0,68.34565812894489,88.24505514401463,4.826593423372539,607.9727293457271,6.201681886274463,3.347626384085424,400.28066065018766,722.5404385721039,49.63455497647591,0,NORMAL
2026-01-01 17:11:00,1492.437068084822,90.0,69.586515157618,88.60283279082465,4.753560065869639,615.1764180873502,8.98978411833532,3.406104937824055,400.5826369205163,712.0457707157066,49.725207698686404,0,NORMAL
2026-01-01 17:12:00,1494.018943577192,90.0,68.23104008732521,88.62743476502905,4.607186478185804,628.7891124300169,11.22511759309235,2.6623527826979996,398.4591221687423,722.6186388270693,49.84513433919684,0,NORMAL
2026-01-01 17:13:00,1490.310117122813,90.0,69.11268520016037,88.6144053957654,4.942977801120881,617.9378668827472,6.631086159570235,2.663387398716266,397.59822820178266,723.0277199129279,49.64664083338946,0,NORMAL
2026-01-01 17:14:00,1489.001968079083,90.0,67.80442467177656,88.57566125698173,4.793440638809522,620.9295080942513,8.639641581066117,2.811114000654858,400.93838695375985,717.826325159379,49.62338887325442,0,NORMAL
2026-01-01 17:15:00,1491.81631047133,90.0,68.33748285369326,88.17887831771893,4.81416344522139,607.4776546347256,8.015614937561779,2.925743040251968,402.2269627928148,712.5240120634842,49.79717174654789,0,NORMAL
2026-01-01 17:16:00,1491.8251293424457,90.0,68.91785695442714,88.41778666139153,4.860147149506934,625.264193771346,5.470622369454617,3.217330399968716,398.46046956641516,720.0403337970557,49.80446142870539,0,NORMAL
2026-01-01 17:17:00,1493.096639255109,90.0,70.81464916732308,88.51564237470694,4.565665593643283,638.181022604638,10.596481674675424,3.025448244218191,402.38416192534254,719.9614567425888,49.848507885683816,0,NORMAL
2026-01-01 17:18:00,1493.899189142729,90.0,69.10080387045977,88.59751683166677,4.636906249507877,607.0853235748715,10.995863795665406,2.6593425740655,400.42586658810455,714.3917688173341,49.78253334924427,0,NORMAL
2026-01-01 17:19:00,1491.881169637455,90.0,70.6546683158667,88.46700693667175,4.812960996958992,603.1810602562801,5.923333685661264,2.777668518305134,399.98940564317377,712.7439039187003,49.79090746649773,0,NORMAL
2026-01-01 17:20:00,1495.7110066295886,90.0,69.22032329169092,88.86465224336906,4.641633122330471,616.7554224383515,11.284559351320304,2.891599958406897,399.4036769551813,719.5622322677328,49.80958591293119,0,NORMAL
2026-01-01 17:21:00,1492.4484694890705,90.0,68.61291575552507,88.54655974163767,4.701567457941741,623.7550504984441,10.575552145670269,2.602168004370901,397.9232229708625,718.8346140397459,49.70293717256625,0,NORMAL
2026-01-01 17:22:00,1491.3071469879862,90.0,70.5393565226007,88.6005378689819,4.720215177337232,614.0861032794974,9.679724256355417,2.9027336915081827,401.4815927738869,717.913673173388,49.59271544030165,0,NORMAL
2026-01-01 17:23:00,1488.7768652817942,90.0,69.43701762207341,88.30855678293977,4.606088325478213,604.4679360395734,6.134398141281367,2.662312881788151,398.8365904578436,719.5829463262672,49.70953891948807,0,NORMAL
2026-01-01 17:24:00,1491.4746809593676,90.0,68.35727840611729,87.97366954494345,4.704444890887768,613.9141583821961,10.304194156655013,2.5698557732885257,398.8302899863936,714.4861181308984,49.672623706191786,0,NORMAL
2026-01-01 17:25:00,1491.3272261091777,90.0,69.4705714594003,88.57691203760072,4.819912080983169,620.9809227277746,6.249041223943259,2.710602944106077,401.48788946483046,717.8258969356694,49.70458090798524,0,NORMAL
2026-01-01 17:26:00,1493.9206095925629,90.0,68.70740525009239,89.1036272024589,4.790872844932607,610.9296817305394,7.986918765752296,2.982204210978467,397.1755248299924,722.6666251530718,49.75183743598902,0,NORMAL
2026-01-01 17:27:00,1492.9249672481337,90.0,67.01096580382871,88.72184097774732,4.836864646641801,621.0725501775493,7.152704831361947,2.9808231421973037,397.71460328399775,718.2501495982435,49.7989238373543,0,NORMAL
2026-01-01 17:28:00,1489.6412617567348,90.0,69.93597315926561,88.09116917484684,4.8391642038821425,626.6471078523991,10.625258476168897,2.9193307833374877,399.9727986347379,711.6401376410372,49.63592704218863,0,NORMAL
2026-01-01 17:29:00,1492.344508772822,90.0,70.09493405564193,88.90729156833423,4.762441561203574,617.4023062577045,11.306390764791573,3.0983227321081754,400.4399266435073,717.6365386113821,49.67957611457243,0,NORMAL
2026-01-01 17:30:00,1493.343062343458,90.0,70.83794202999228,88.33236808246829,4.766020488181605,614.720522287217,5.108198731975795,3.0771166468426867,400.7271019719534,714.6492076824657,49.80018520632457,0,NORMAL
2026-01-01 17:31:00,1495.0560627187756,90.0,69.42214369219526,88.85725834103346,4.748187909189992,623.2934392522628,5.761209041255876,2.9408762684140553,399.5473022599056,721.3356814823087,49.76351558938534,0,NORMAL
2026-01-01 17:32:00,1493.7750079348282,90.0,68.75127657591747,88.31553784732631,4.670984526328077,606.4389917256277,8.234151280294629,2.913276370005141,403.79555450296255,721.5941870169021,49.750629978228496,0,NORMAL
2026-01-01 17:33:00,1493.5216933086228,90.0,69.83498942737859,88.67659314292844,4.62347366476937,605.4529016630707,7.118106115458927,2.925909341044019,399.65816116185124,711.7061268745698,49.67871198788946,0,NORMAL
2026-01-01 17:34:00,1492.1201719892304,90.0,69.8498203653189,88.2406951306371,4.666226362775268,612.3342771507101,9.772959751323167,2.8704709640125836,399.6538207718459,723.795064852911,49.6661411606978,0,NORMAL
2026-01-01 17:35:00,1492.776624010847,90.0,70.63828118313643,88.25342117658835,4.702328644812486,610.0812054518553,10.465925443560463,2.4651314546744647,398.80451999677916,714.4390684936072,49.76814725884759,0,NORMAL
2026-01-01 17:36:00,1494.4990098014123,90.0,68.95537237693355,87.7168181332225,4.680081042861272,606.9665802470953,13.335316989601859,3.1270969689639636,400.1858602247816,727.7959114524117,49.718406858141925,0,NORMAL
2026-01-01 17:37:00,1489.3344452050408,90.0,68.8344210274324,88.75599139946254,4.766263345859141,633.3046847499877,12.177880705795582,2.9795045663787354,400.92244184807015,719.7561186774969,49.570424220603606,0,NORMAL
2026-01-01 17:38:00,1491.3011213455661,90.0,68.28445558024147,88.68504177568684,4.746488686092688,636.7199320949429,8.882630535817839,2.6567345108345877,401.80536708180017,713.7680325073042,49.7099189323789,0,NORMAL
2026-01-01 17:39:00,1490.4548625024875,90.0,69.5374620867252,88.71318109329252,4.756668728006171,611.4629495774442,5.622776520932846,3.1855633238544874,397.7660736033397,714.2900696465366,49.65464840527826,0,NORMAL
2026-01-01 17:40:00,1492.7583062374522,90.0,67.45173833176916,88.63762761345944,4.7623882543223885,615.9171894974836,7.47570419796771,2.7820040263574457,399.63100699246644,721.7404764589368,49.85821203971304,0,NORMAL
2026-01-01 17:41:00,1494.4604443513015,90.0,69.77608737286256,88.11883974636777,4.857189598851098,613.1215717993621,6.243989458326519,2.8784461994682755,400.6700554162137,718.0435005505082,49.9070429723446,0,NORMAL
2026-01-01 17:42:00,1490.8060514265578,90.0,69.5878351218658,88.98291666862914,4.7194843773887065,626.0749924011816,8.956256319262353,3.1047151191136506,400.8805863018918,719.5167304519093,49.65013892441437,0,NORMAL
2026-01-01 17:43:00,1487.2193912650612,90.0,69.58507020245837,88.9963588131135,4.820909767121191,628.0564556184005,9.340035056531194,2.9440278716779176,400.0098229867068,728.0639011634852,49.60183658975555,0,NORMAL
2026-01-01 17:44:00,1491.175558509951,90.0,69.13822523650184,88.1058524199616,4.789541487398685,597.2273620131035,12.88027815113076,3.16707516838318,400.81363595429815,716.5037796788546,49.74331607817568,0,NORMAL
2026-01-01 17:45:00,1493.826947464035,90.0,70.53297824753109,88.76603500934787,4.837642653476552,619.7601080006563,10.44625518619777,2.829579700191442,398.7865541606113,720.2998142884785,49.764357639233275,0,NORMAL
2026-01-01 17:46:00,1493.0752598058998,90.0,69.87199346542687,88.93747034741025,4.882713576490452,601.9317865883885,4.256646571774111,3.2382346422560673,402.3368581484775,727.0992224368653,49.69439825003842,0,NORMAL
2026-01-01 17:47:00,1492.8563724956211,90.0,68.3929228086243,88.26492724678174,4.792366413062272,632.5827215787527,7.030543599164262,2.7444394200334954,401.48894215446916,721.352567377332,49.76126416072197,0,NORMAL
2026-01-01 17:48:00,1491.440013396251,90.0,68.41082095030235,88.35196006247958,4.743337623717609,619.402480302104,11.2119433095429,3.1635244658619235,397.98260831940223,711.96698632321,49.706024829467665,0,NORMAL
2026-01-01 17:49:00,1489.4419385275605,90.0,68.12032618658536,88.76703603655592,4.734390061013213,606.7665046163736,10.863981307120019,2.4469781562201205,398.38734542782487,722.5269450586607,49.62627639273682,0,NORMAL
2026-01-01 17:50:00,1493.0305886432488,90.0,69.55128333277558,87.74481578113318,4.698087076421152,612.5867861206215,6.9483037525371,2.67996158973317,398.42961737483967,714.1849857110827,49.78980213151652,0,NORMAL
2026-01-01 17:51:00,1490.3314363799307,90.0,67.99986107876005,87.95572330243847,4.690508319293625,612.1102274173384,9.045389260596512,2.9595932276978636,401.0169549563448,727.0340376436649,49.640178065647405,0,NORMAL
2026-01-01 17:52:00,1496.3681934667609,90.0,70.08339214358335,88.00509557616066,4.8301098048079405,620.2511294288581,9.565344514050077,2.8199109147713783,398.0729083503738,715.8856619750101,49.82133990484641,0,NORMAL
2026-01-01 17:53:00,1493.1410144167091,90.0,70.32297330834554,87.60182598928944,4.651596450969455,625.4191260417748,7.966261925285316,2.8850502760194874,399.5034634986879,734.8475475387283,49.77682129574113,0,NORMAL
2026-01-01 17:54:00,1490.838703394892,90.0,68.12098373104955,89.04245507997643,4.880628161956694,603.5179270802829,7.482893409520645,2.9083301840321423,400.6820565946252,727.3368799416384,49.713921951124846,0,NORMAL
2026-01-01 17:55:00,1490.7772295052227,90.0,68.81445146540715,87.50592024108475,4.734709269887903,633.3875450091211,11.599827630289216,2.661819478374589,399.90075109818036,716.0169371518601,49.633742069645756,0,NORMAL
2026-01-01 17:56:00,1491.814111586773,90.0,69.01662098136241,88.67154237356203,5.01277694184104,631.0569010782084,9.466961168402648,2.6768140770254867,400.38833127356907,720.100069025008,49.77354158344198,0,NORMAL
2026-01-01 17:57:00,1491.5209961559565,90.0,69.88398316046967,88.90582957523388,4.6525718658123605,606.2467643240896,7.906835350571388,2.946424409761684,398.40129593297684,723.7682214081673,49.62884248164308,0,NORMAL
2026-01-01 17:58:00,1494.2336675510599,90.0,70.60934337560988,88.35319068272342,4.757955078343565,615.7280179436231,9.664708737671015,2.766733409635644,400.89228156009585,723.9183023711336,49.77888324543288,0,NORMAL
2026-01-01 17:59:00,1492.372832339488,90.0,67.31450760713142,88.16580557918185,4.701498961391521,632.1080854411432,10.747822760925022,3.1682067717922338,399.080182161286,722.211681299881,49.732860651173056,0,NORMAL
2026-01-01 18:00:00,1490.536736522183,90.0,68.68181928247331,88.61641130133208,4.648363364819031,627.3291858667749,11.041240662258001,2.861610568913443,399.5130704884031,726.2607951848305,49.65274669844017,0,NORMAL
2026-01-01 18:01:00,1495.7808813703116,90.0,68.73398330443965,88.5009072165214,4.836361890757444,611.632569699521,8.19102730172155,3.043750248621366,400.356597591859,719.3851552668282,49.83110968866616,0,NORMAL
2026-01-01 18:02:00,1492.0986166630405,90.0,67.59933014511346,89.00174374638564,4.6094097056325065,623.1433981456787,12.008138513707458,2.9885703338614213,400.15461733229625,718.1664116571199,49.830174279550086,0,NORMAL
2026-01-01 18:03:00,1493.5376793519379,90.0,68.51488998069594,87.18573130528958,4.688677923196785,644.9719829171914,6.190168185579122,2.779767788565463,400.03597002852337,718.2656800603769,49.74204510727932,0,NORMAL
2026-01-01 18:04:00,1490.7835469851104,90.0,69.42776894435062,88.04063866157654,4.79781919765996,616.0515998185122,9.064951884244367,2.5039342426095255,398.87405976703485,724.2918661598607,49.81484598562727,0,NORMAL
2026-01-01 18:05:00,1492.726231255489,90.0,68.72132109716044,88.78078133195373,4.798880454455865,608.6735174855999,9.796747462915564,3.136988273524209,399.5506758832012,721.8259052015133,49.77939738083619,0,NORMAL
2026-01-01 18:06:00,1492.6222199822864,90.0,67.45537883139258,88.52521707009289,4.59030711647539,616.724198520914,9.132208105508933,2.7042181846605713,400.00327538625555,721.4564183284513,49.75867675627515,0,NORMAL
2026-01-01 18:07:00,1488.2207014158078,90.0,71.87408269800991,88.87601085741986,4.780647471373141,617.4655209549732,9.171107806077394,2.819248388904251,397.93737215024936,723.976171246286,49.63116873152964,0,NORMAL
2026-01-01 18:08:00,1496.0305502209212,90.0,69.26617786520418,88.63100416737213,4.7402699079941915,609.754632609999,11.264446858171132,2.869831511686685,399.3062005505299,709.7447379607307,49.99418139482663,0,NORMAL
2026-01-01 18:09:00,1494.581288921845,90.0,69.11169413010667,88.43262602316375,4.639575143750572,619.4162506781422,11.218244714114887,2.889797686379264,400.5815198185493,721.5503441193757,49.76969664719826,0,NORMAL
2026-01-01 18:10:00,1491.2056093677081,90.0,67.90207363693295,88.34885068454187,4.654134832775607,602.455989402725,9.351992348985371,3.0923917325078034,398.083845094232,721.0928444443686,49.65083274964345,0,NORMAL
2026-01-01 18:11:00,1489.7954605190882,90.0,69.26070616197127,89.66252274266587,4.503404402351842,608.3446613299132,5.460265817837324,2.901164811584655,401.7348724773914,728.3440404065035,49.62210537414101,0,NORMAL
2026-01-01 18:12:00,1492.6951232276072,90.0,68.8357862159585,89.26746867918072,4.886395069196143,622.582447761548,3.671015022828005,2.874529181948134,401.9044198938998,712.3570600886817,49.75811126493513,0,NORMAL
2026-01-01 18:13:00,1492.1733953988287,90.0,67.1114765872846,88.74774837881483,4.826587073921404,597.4512914845775,5.4597665252662635,3.1036911913090024,398.1322741360599,727.7859331618838,49.65282462372033,0,NORMAL
2026-01-01 18:14:00,1492.7113378971264,90.0,67.92974455998558,88.5392280455387,4.600300938071404,624.0316759199478,12.10664075088579,3.020130474377357,402.0364294495752,720.3770456446233,49.758161558536806,0,NORMAL
2026-01-01 18:15:00,1492.3831547923883,90.0,69.79492601767394,88.76906262518061,4.804509514775567,594.8801863429429,10.945807851570741,2.752885910803869,399.7846276169318,722.4449476533002,49.83078251641696,0,NORMAL
2026-01-01 18:16:00,1493.012481978612,90.0,70.94401765000045,88.9134139448917,4.664329486707199,597.6867542112368,13.128951975873754,2.6705689245042334,400.62777183873555,728.3795939380469,49.77465310215164,0,NORMAL
2026-01-01 18:17:00,1494.8946113987836,90.0,69.36716540504304,88.70941014906845,4.817292850653601,610.0102125694411,4.155414992838203,2.735260044960016,399.2550234218076,722.8038063400279,49.81518610701069,0,NORMAL
2026-01-01 18:18:00,1493.1362064102573,90.0,70.10308327829337,88.12430695057348,4.687906504072622,617.8686384281935,9.322387493063664,2.890156049962357,401.38456724084017,722.0018414473128,49.740298857907725,0,NORMAL
2026-01-01 18:19:00,1489.9006890021801,90.0,68.84424469141679,89.392252588886,4.675819538711484,628.2526360312739,4.132412014949413,2.6507892449659156,400.609141028273,721.2114559290115,49.70828188530025,0,NORMAL
2026-01-01 18:20:00,1494.725125705425,90.0,68.9134538393194,88.62310149922179,4.698703243239798,615.576227631596,9.135596070502316,2.9181506094324936,398.7787701151036,717.5826093250281,49.78287921818559,0,NORMAL
2026-01-01 18:21:00,1495.2812291269765,90.0,70.09097902761947,89.50696256922713,4.644125214449327,612.5344639242401,7.0388324631930415,2.8741603380419316,398.2521970000521,719.8575543774481,49.93502743359585,0,NORMAL
2026-01-01 18:22:00,1498.304113469024,90.0,70.66277728917947,88.59357145527525,4.868055708417826,620.795812479848,6.036969765039485,2.3914961935378876,397.80954634718614,716.4224361693863,50.04013843635318,0,NORMAL
2026-01-01 18:23:00,1489.7530119335208,90.0,70.30109669346562,88.37717118339727,4.822309275640203,606.2910117953206,9.747720927402924,2.618764962746541,400.28191266464916,719.7771655028725,49.67127127105045,0,NORMAL
2026-01-01 18:24:00,1492.4857640263006,90.0,67.93363692461519,89.19206805958262,4.727153492641675,616.394151593464,6.012487269588042,2.3228499512631693,400.8587071176696,708.3203465147245,49.74894971313952,0,NORMAL
2026-01-01 18:25:00,1487.835802593622,90.0,68.93304110968475,88.650591605788,4.829444984282821,603.0055374204464,8.80774167371549,2.8312193877911382,400.97644851816915,722.1451978378377,49.64605974353281,0,NORMAL
2026-01-01 18:26:00,1493.1062983127583,90.0,69.27752468447629,88.56670956485864,4.565958637178281,615.8259051687542,7.827400141273097,3.1148027290692,399.82302835808895,719.3913137310818,49.82494986886997,0,NORMAL
2026-01-01 18:27:00,1490.9035994036665,90.0,68.74032203649247,87.89981625784051,4.619157796988087,613.7016367415059,10.149404527122265,2.521868408914399,398.26450531650346,718.3189813166662,49.65648706023591,0,NORMAL
2026-01-01 18:28:00,1495.8468915896499,90.0,69.38785754341559,88.83010736899347,4.770853328855926,606.9573207855058,11.215116649473575,2.635542636041327,398.9768878029643,721.0987904197007,49.8352352963315,0,NORMAL
2026-01-01 18:29:00,1490.450770059963,90.0,69.82057681166894,88.25334337388789,4.808486788103031,616.6504063653774,9.369915347843685,2.8672524265453636,401.7285229584429,712.8321803851728,49.61557496359793,0,NORMAL
2026-01-01 18:30:00,1488.6216339240655,90.0,70.00280975195514,88.2761030533859,4.762418693557858,616.5854965315964,8.667017121045301,2.6872493942293145,399.2730571530999,729.6463499831065,49.64117437771888,0,NORMAL
2026-01-01 18:31:00,1491.057472518595,90.0,70.68587015222153,88.25472432180592,4.54663604605605,626.7545401233914,10.46083616372061,2.6862654465866416,400.2151264460222,719.486162692562,49.73524714479268,0,NORMAL
2026-01-01 18:32:00,1488.0490244575658,90.0,68.67055889527516,88.7195157428556,4.619376232709113,598.9436659693721,8.407477733608744,3.008318821234632,398.3865242746377,719.270777835139,49.53413786669246,0,NORMAL
2026-01-01 18:33:00,1493.5021989090146,90.0,67.63596683516069,87.7323107644938,4.787012971360541,614.2395109230296,3.766130254620368,2.801020911085416,400.50487456818854,715.1730189493354,49.76064668505968,0,NORMAL
2026-01-01 18:34:00,1487.8698339074874,90.0,69.35823459401445,88.3945763008038,4.974755702908051,607.3973760029652,9.533677864873564,2.6026550225204037,399.3134731574814,720.1197319122463,49.52829843437051,0,NORMAL
2026-01-01 18:35:00,1492.0569151623663,90.0,70.8838110311848,88.99013853403322,4.841988495825179,623.6976205817629,4.738349818994152,2.48245682198858,401.57006907066364,726.9347994513664,49.69029051490002,0,NORMAL
2026-01-01 18:36:00,1487.8443763602877,90.0,68.52302414004595,87.87716466584217,4.900187136530233,622.5391206519213,5.496838073418186,3.3416815540127462,401.1603365593102,725.1795810471601,49.62236339835424,0,NORMAL
2026-01-01 18:37:00,1491.3594043909268,90.0,69.68684697706372,88.58643863901094,4.762243769438811,620.0787984506862,4.715387925973316,3.125661810912534,399.2564410801377,724.2721887557028,49.67530604303031,0,NORMAL
2026-01-01 18:38:00,1495.286756311609,90.0,69.69574579247265,88.18429950269572,4.769563108025023,607.9616674193054,5.9225846576101855,2.8096733307875965,399.8100039589785,722.7319947583363,49.827850579252015,0,NORMAL
2026-01-01 18:39:00,1492.7212957828715,90.0,69.19144204734461,88.29815270388342,4.630688399196724,623.8547058294009,5.69405971954783,2.9175716023327873,399.17332563993904,718.207287362187,49.67601093969835,0,NORMAL
2026-01-01 18:40:00,1490.2730127900702,90.0,69.00692472104372,89.32757544131982,4.808630696478765,599.6986907125666,4.926561600504844,2.802293787580602,397.8708502051825,712.7491841648165,49.685116603488574,0,NORMAL
2026-01-01 18:41:00,1491.9375930221217,90.0,68.07657079427861,87.67475476379592,4.739186734469981,597.6468929640723,10.032226592516988,3.00209134615825,398.7138363556792,718.9948061406668,49.72903943474516,0,NORMAL
2026-01-01 18:42:00,1492.0360337440889,90.0,66.71833792757943,88.88281456623045,4.791616946221763,602.2412900009807,5.023236523362205,2.729157126456424,400.2973259915812,718.8206426773316,49.698086495634634,0,NORMAL
2026-01-01 18:43:00,1492.9452606916868,90.0,67.88814929333597,88.26103530164994,4.737847929255095,614.665251896731,5.9439220829039945,2.791365356704635,400.48788924734436,725.2439721983562,49.7553913081721,0,NORMAL
2026-01-01 18:44:00,1489.2662832734384,90.0,68.6096958508883,88.23616747985032,4.763188492878068,621.751644009883,9.392358594997757,2.9910801680388994,400.222821855389,721.5469522122991,49.651224186473115,0,NORMAL
2026-01-01 18:45:00,1493.1851345476946,90.0,70.0974226874227,87.94421833521623,4.732342821665813,585.2396752599047,6.032082492472553,3.1907718208892812,399.54740041906206,728.0615576395178,49.732094410811015,0,NORMAL
2026-01-01 18:46:00,1486.5912167367944,90.0,68.89687193764863,88.87694935693845,4.744923482643521,628.2274283187978,4.434981241400607,3.048283018932421,401.3995999085815,725.9874427001909,49.47922743069306,0,NORMAL
2026-01-01 18:47:00,1490.7402308952724,90.0,68.48097428108186,88.40429725994662,4.831921710555591,616.3111219617844,7.9219786034589355,3.1467827755181856,400.0953128568414,717.7175219524795,49.781619751476754,0,NORMAL
2026-01-01 18:48:00,1491.0234523150968,90.0,68.10901455804657,88.34116488905654,4.606553749311947,599.3222765241022,6.9475031165264065,2.837516532497764,401.0548807421439,711.0243540169007,49.669118108601054,0,NORMAL
2026-01-01 18:49:00,1493.2666536521424,90.0,69.65680582850948,88.5549180866234,4.57960939563602,616.0094697028958,6.83835449231289,2.7753979185246114,397.3393373016962,726.9278761697074,49.77071711657874,0,NORMAL
2026-01-01 18:50:00,1492.0452617053538,90.0,70.35835716643061,88.41485608353618,4.774289336093166,625.9252541467841,6.818170562281555,2.512323772183615,394.1163996225725,726.7969261161537,49.78538404359614,0,NORMAL
2026-01-01 18:51:00,1489.1888738922873,90.0,70.06343572186746,87.49965572934276,4.894064315203906,620.9944101530626,8.064285672829444,2.9144396714682568,400.4256820417571,713.1689420454888,49.81608188912144,0,NORMAL
2026-01-01 18:52:00,1490.030013748366,90.0,69.60614969975848,88.25458759907153,4.904182709698677,625.9907306255396,9.026837365070392,2.975809406271288,397.86285151941775,727.5462000991375,49.60544280245109,0,NORMAL
2026-01-01 18:53:00,1492.3973600190948,90.0,67.52438725361706,88.94772015599823,4.598604575109028,601.3375337060289,11.158735164025599,2.839998920854559,399.6813224459304,721.9105858529626,49.769070027989486,0,NORMAL
2026-01-01 18:54:00,1491.841865316271,90.0,68.64832575715623,87.74669149714377,4.704778786516887,610.859947648616,8.426979803840823,2.744659734780053,399.5468544384631,720.8034274906282,49.69268456294433,0,NORMAL
2026-01-01 18:55:00,1490.8417517807286,90.0,70.94730422888968,87.95503079674272,4.592977858620655,605.7530776947647,8.199367570185997,3.148680687968626,402.3811009036233,728.0739162712366,49.66778554412879,0,NORMAL
2026-01-01 18:56:00,1491.038332420976,90.0,70.12195049191523,88.28660406531544,4.679206756054979,632.1758020504432,5.97139870463546,3.026360855439331,400.59999482941544,726.7234258661531,49.66526714631553,0,NORMAL
2026-01-01 18:57:00,1493.3923359943185,90.0,67.46249678176528,88.13718806898551,4.849541048125226,621.3936284348663,10.075261598118892,3.162565090103802,400.248788540198,723.2566547599761,49.723461784753916,0,NORMAL
2026-01-01 18:58:00,1490.9646148542615,90.0,68.94440947680073,88.48605705153624,4.728989680613435,643.4700958895764,5.131902125396499,2.709284180996759,401.2554867319505,722.36608532906,49.69675592705282,0,NORMAL
2026-01-01 18:59:00,1491.8238175119418,90.0,69.36309843266103,87.95346143014785,4.703543363434664,610.3239046658277,9.961876037906672,2.758353174690395,400.55274638025855,723.0819714526518,49.65373544937898,0,NORMAL
2026-01-01 19:00:00,1496.339873176161,90.0,68.23784153697378,88.30607255659949,4.788387124509131,607.753257883177,7.149515240562143,3.140635448650319,399.31348451051736,717.9997128305873,49.9253361508643,0,NORMAL
2026-01-01 19:01:00,1489.1526347262322,90.0,66.69079597859115,88.47600256441393,4.650974739730774,613.5717336140485,9.237125439365482,2.8905305840488418,401.60721389538185,719.7244927513384,49.64117130434274,0,NORMAL
2026-01-01 19:02:00,1488.2963145368508,90.0,69.09882404501643,88.82447004927155,4.882808435502755,628.7835722142255,10.69956150058273,2.786179177664289,398.3353748081676,715.4884142270273,49.63099889987343,0,NORMAL
2026-01-01 19:03:00,1493.5671793295971,90.0,68.21224174237956,89.12239454446463,4.718280606334855,611.3388031062465,10.885587600282655,2.800096995247432,400.48487078130034,718.3348011213054,49.7622632137226,0,NORMAL
2026-01-01 19:04:00,1490.6427138774118,90.0,68.21615826091532,88.36922628407426,4.6924360500225255,616.2443759790694,6.199236436780055,2.897783894773139,397.6786453087955,718.1668306066554,49.6697302658698,0,NORMAL
2026-01-01 19:05:00,1491.3635249445147,90.0,68.64531964006925,89.44402999059156,4.76980432366773,615.9669070288681,6.730486317987235,3.1005903631670817,400.305915786274,716.8234731518917,49.72649569340886,0,NORMAL
2026-01-01 19:06:00,1490.4376872437379,90.0,68.86632408534518,88.40804758808551,4.825767664259394,615.3949676120219,10.221986849377737,2.8678974295816824,400.2894844626594,720.6837325132423,49.62305370983764,0,NORMAL
2026-01-01 19:07:00,1491.480399718465,90.0,68.99091720590431,88.91443746033393,4.881308774808247,608.4760153953753,8.344482345590038,3.0581065660355553,402.514682442872,718.3800957464971,49.698113802228164,0,NORMAL
2026-01-01 19:08:00,1495.1970762241926,90.0,68.116010101078,89.46575376091062,4.689688034155972,613.6270893208963,7.451428427496852,2.9934755553692094,397.6525391598373,722.5111736017599,49.796921865112495,0,NORMAL
2026-01-01 19:09:00,1493.6042569172362,90.0,68.77979047036592,88.56965410503311,4.83721257016871,613.1989739864864,10.376103804391102,2.7243321919638053,399.0986692362193,711.8883969335312,49.74228012337832,0,NORMAL
2026-01-01 19:10:00,1493.724447023774,90.0,67.24257662959724,87.81323659605121,4.753856429268976,614.9243534032535,11.268667410839518,2.724174126402575,401.2340236398612,719.4332260294635,49.685322988761186,0,NORMAL
2026-01-01 19:11:00,1489.1675458884147,90.0,69.31103906536808,88.54545184145411,4.667952961073548,624.435168181527,10.920157103716125,2.809946681613704,400.50297588459597,720.6577582008874,49.70588452575449,0,NORMAL
2026-01-01 19:12:00,1489.6976925268943,90.0,66.14372458665885,88.19417847437042,4.658435277612169,632.606280346245,9.481785789752474,2.632632469067546,400.27045757700625,718.4468538008156,49.62226281323879,0,NORMAL
2026-01-01 19:13:00,1486.3218426810292,90.0,68.71050991956638,88.36278391024645,4.6230459774317705,606.595652373303,8.306765741451482,2.7971722288401213,398.56579644556217,719.1380365009538,49.60223022545915,0,NORMAL
2026-01-01 19:14:00,1490.3812383578345,90.0,69.91918615367695,89.49248836990076,4.635980832713074,611.0800637521229,9.46835129267982,3.202686683346277,399.1137724778629,712.0737699463507,49.73281422799754,0,NORMAL
2026-01-01 19:15:00,1493.9134063727713,90.0,67.94065931272517,87.88861822164424,4.853798297743124,606.7498810159382,11.356571677374886,2.893721932834526,401.8675615123349,721.7823855233474,49.73281356043322,0,NORMAL
2026-01-01 19:16:00,1493.0338930314967,90.0,69.7164302036574,88.65023334871516,4.7976662932043,616.8710153722227,9.494138094715206,2.746709466782509,399.92273620936913,723.2380299128354,49.71337587259958,0,NORMAL
2026-01-01 19:17:00,1491.5569734740957,90.0,70.1557327121209,88.0611393014296,4.6146560483772125,609.6165054248902,9.489516063591925,3.2831489303640957,400.56303954421674,722.4676864710189,49.84659093043764,0,NORMAL
2026-01-01 19:18:00,1491.9553994325638,90.0,65.6921000475026,88.34617097475838,4.558437488483339,617.3979683374199,11.365621960607696,2.713876536054759,399.82721750683527,725.1936352972109,49.81939294484849,0,NORMAL
2026-01-01 19:19:00,1490.6222289148493,90.0,68.84863709642426,88.87242111648632,4.611322262090632,626.0362691044479,8.563808037869565,2.7076234066389224,398.2253717271254,721.0076480289125,49.685831704828566,0,NORMAL
2026-01-01 19:20:00,1492.4095177648035,90.0,66.12422657237173,88.6590819239184,4.649144740696917,589.7416831419539,7.565151077389994,3.1458971363613397,401.4007156391125,722.3934059032547,49.75985258081431,0,NORMAL
2026-01-01 19:21:00,1493.5317565589612,90.0,68.88179155442906,88.38748382078612,4.701923752526577,619.917798896007,8.554693357671896,3.032263611920064,400.75484857679874,720.7804536922843,49.75284956515135,0,NORMAL
2026-01-01 19:22:00,1488.7682264251791,90.0,68.99282878901867,88.1750997955206,4.8537843563904595,610.3981295110212,9.022359788723712,2.8739882294947225,403.4584552560508,723.4377535979625,49.64722518321599,0,NORMAL
2026-01-01 19:23:00,1492.5992953756747,90.0,66.51745601408916,88.65803905692952,4.672067532971443,619.6042226798439,6.203787073017242,3.0663817799978323,398.47662793052416,712.1138518193394,49.7174507508197,0,NORMAL
2026-01-01 19:24:00,1493.8648697419094,90.0,70.92483836207987,89.35384332195503,4.880973129578627,606.035305622498,8.369817298580523,2.9601200002458334,401.2338593818007,715.53209516011,49.69387796984872,0,NORMAL
2026-01-01 19:25:00,1491.1697994220733,90.0,69.28601580763463,88.04932399442923,4.570993530879278,626.9626098830688,11.092989639112345,2.662761516852235,398.0326840509445,727.9344982851654,49.63958219141022,0,NORMAL
2026-01-01 19:26:00,1493.4014012242412,90.0,68.15097656791797,89.45583191068019,4.676020109710166,624.1328061804029,9.962934090706327,2.4204830585971386,400.23601985150964,707.697820889519,49.78110134486724,0,NORMAL
2026-01-01 19:27:00,1497.6293088889452,90.0,70.46537942749852,89.09974869538154,4.796559893006009,620.6835214854265,10.280318495632907,2.786530969658542,401.46475988359475,719.2991103508733,49.864423601189706,0,NORMAL
2026-01-01 19:28:00,1491.7913144140261,90.0,67.20438677935768,89.1846766557421,4.801026992121802,622.9322571781009,8.363511709186943,3.116984967179656,396.8917973258553,725.8613747980403,49.72301327388853,0,NORMAL
2026-01-01 19:29:00,1492.7866141000106,90.0,67.77082896648169,88.65421616422749,4.693344281076611,607.5437953282783,11.581405289307895,2.814305982330677,399.6926012886376,719.5336966722912,49.70582075136205,0,NORMAL
2026-01-01 19:30:00,1490.5238858326773,90.0,66.7005444763301,89.08556486321037,4.8184640461142125,608.8037624531071,6.237635363951614,2.992019439669849,399.15518539893606,717.9749446427466,49.64501183163081,0,NORMAL
2026-01-01 19:31:00,1492.362502325204,90.0,70.80104519653933,87.99558433581363,4.821307957534415,622.5243620081748,4.69188999769011,2.936897089689013,398.9470640525573,720.6471083840765,49.78807500949413,0,NORMAL
2026-01-01 19:32:00,1492.9205432499646,90.0,69.332346371472,88.16597802459606,4.668468973576828,607.3227085723139,8.853232980675173,2.5612999410771202,400.577818978389,718.2343990999877,49.776392135714154,0,NORMAL
2026-01-01 19:33:00,1492.3896846805403,90.0,69.65940178984849,88.8829068868663,4.7538347091071165,629.4563504665808,9.000590454603083,2.8187208612587367,401.6810285596339,720.1542474637847,49.74583960161901,0,NORMAL
2026-01-01 19:34:00,1489.9606093605823,90.0,69.30100123391847,88.64792250881439,4.797402878231397,611.7640892871897,9.290259193858283,2.9717758660893154,399.80008192715627,716.5830948173993,49.709301844006276,0,NORMAL
2026-01-01 19:35:00,1492.4127235426508,90.0,69.57376776114458,88.42581035316636,4.67043031617939,620.0189438986063,7.668020133749604,2.7425707488991264,400.30822964134,725.5433720997786,49.7711212144224,0,NORMAL
2026-01-01 19:36:00,1494.9243918774353,90.0,69.078077713896,87.24869553824601,4.924458634261996,635.9924951925509,8.973197850162054,2.8274923685944096,400.17146312958886,727.1163246053283,49.90314122714375,0,NORMAL
2026-01-01 19:37:00,1492.897271529029,90.0,69.27092134270744,88.28226296059195,4.650818546126397,607.9377664593193,8.480217879220536,2.9783494184194224,400.0027052595346,719.3330483894418,49.74024942118521,0,NORMAL
2026-01-01 19:38:00,1493.9239743781436,90.0,69.10760343622294,87.91297309545475,4.756149826420357,615.6876175084478,9.114504164602202,2.9145259998285957,398.36598604343186,713.0675528965438,49.77598406367841,0,NORMAL
2026-01-01 19:39:00,1491.5259760599747,90.0,68.39140819443072,88.7467671421884,4.600086925514281,625.5418316463731,11.670359849320432,3.109381948184943,401.66266690258436,717.380784148433,49.65247707201292,0,NORMAL
2026-01-01 19:40:00,1493.4998004788474,90.0,68.95337523478533,88.4044157231179,4.742247705403898,624.5127738887653,9.840684517077147,2.9767341826326956,400.44279305223824,719.0800566994852,49.76187764675963,0,NORMAL
2026-01-01 19:41:00,1492.558535676433,90.0,69.27359457326168,88.18584971613107,4.629575684070296,611.7218468976064,6.574739214207167,2.7088300003195966,400.59232223500385,722.527694384516,49.80018968392955,0,NORMAL
2026-01-01 19:42:00,1490.0981785406254,90.0,69.11054911955213,89.82145523028684,4.674157981261336,609.8326956247814,8.179532525589813,2.804490657214093,398.79023555646165,714.9599338841466,49.734938653300624,0,NORMAL
2026-01-01 19:43:00,1492.6370420095977,90.0,67.52222789224669,89.01908722803311,4.560958499307228,612.6686406745495,7.402942668684283,2.9040592568452555,399.31116940301615,716.1541884067892,49.80258332539093,0,NORMAL
2026-01-01 19:44:00,1490.0166066731194,90.0,67.65501333139159,89.02793606102945,4.799422618811983,629.4785776615137,10.255385004348959,3.167683015302808,399.73579870343383,722.553380689294,49.577510629109845,0,NORMAL
2026-01-01 19:45:00,1490.7342394502305,90.0,70.08284143391639,89.601107563315,4.7436058537078605,612.2089414364006,10.578701082994888,2.805294873943539,397.69881295982674,724.6945441601978,49.74529857564072,0,NORMAL
2026-01-01 19:46:00,1492.3786566145848,90.0,68.6930059541166,88.90109588289779,4.830719137705715,615.7811569248347,8.262882950541496,2.553486239520394,397.46794851220346,716.8920297741466,49.65402928932256,0,NORMAL
2026-01-01 19:47:00,1492.5944885467602,90.0,69.58472534703594,88.11452298736457,4.702929023788726,610.7321352907658,7.438206343417299,2.9881133806982376,399.09887810404217,713.333914730245,49.79805548443146,0,NORMAL
2026-01-01 19:48:00,1489.6215350698458,90.0,67.9078800902776,88.05605181676475,4.852263700352805,622.0554856479598,4.842887867714633,2.7488803503312003,400.7837811496636,736.4205910064394,49.63566194266631,0,NORMAL
2026-01-01 19:49:00,1494.1079715423657,90.0,67.52685412335347,88.98245137246445,4.724278937090195,616.5552503758365,8.832525237749335,2.6429397360850064,399.02029391510507,723.9165211854436,49.838725717108886,0,NORMAL
2026-01-01 19:50:00,1493.144012556601,90.0,68.15640338746829,87.47032285364574,4.7619102888699585,604.9656618924178,8.472045967366507,2.9037606025651677,398.4717922036139,718.6649811911649,49.704844667825306,0,NORMAL
2026-01-01 19:51:00,1490.5905431287783,90.0,68.77743492922859,88.46111017844574,4.942183128966279,605.31175885965,9.94539160795324,3.0945735283616607,398.77797152014347,724.3451563776542,49.74490981926125,0,NORMAL
2026-01-01 19:52:00,1488.9248304071016,90.0,68.33485970071558,87.41443780556259,4.703243647394888,595.0139443344449,5.6654512934287045,2.7852238920677963,399.31698636528205,719.3777168514279,49.55757894293148,0,NORMAL
2026-01-01 19:53:00,1491.7101908418372,90.0,70.29393352310571,88.54942174890067,4.851757468137471,606.6867859087438,10.196528854712756,2.999314777436526,399.46921155576985,724.335784445501,49.69025028251858,0,NORMAL
2026-01-01 19:54:00,1491.1081125722776,90.0,69.17952330153746,88.92703512040343,4.7694277916466925,622.9394580363218,9.55886748890023,3.0363827326084865,403.2482821783098,720.7969659888811,49.6536990210208,0,NORMAL
2026-01-01 19:55:00,1492.2262809141062,90.0,70.84893861856186,88.63970776266879,4.670015355522076,628.2376053801227,9.878033962492818,3.0583592987333255,401.581930942731,720.4563594908378,49.65316178782908,0,NORMAL
2026-01-01 19:56:00,1491.2737666776889,90.0,69.40440815407142,88.96905467515117,4.58904981745063,621.8555836321718,6.367212653139795,2.7535455380762794,401.5371611684226,719.432090658846,49.71385193430238,0,NORMAL
2026-01-01 19:57:00,1487.98508627851,90.0,66.58744918208019,89.48241346677545,4.607043225618942,620.5463220064069,9.24869002513886,2.675783588413323,401.75287054641007,712.7630933326845,49.689807331842175,0,NORMAL
2026-01-01 19:58:00,1491.2233061233976,90.0,70.05604160645855,88.42823077757608,4.84450286423393,613.7347395047135,8.05835846673595,2.703049379008281,398.5017686959989,729.6904744969657,49.840788798562585,0,NORMAL
2026-01-01 19:59:00,1491.3887617778635,90.0,67.49044837753004,89.90382538809122,4.875363444921871,622.7491455491398,11.644427450718588,3.0581949344244936,398.1664530775191,715.2923303986613,49.71781651528309,0,NORMAL
2026-01-01 20:00:00,1493.267322049548,90.0,69.23053366721133,88.60633497476577,4.737017290825707,617.8627822308189,7.843202895907537,3.0334786309341624,398.3396945626989,713.199882118447,49.831411465404976,0,NORMAL
2026-01-01 20:01:00,1490.603600650778,90.0,68.22531594233615,88.97458252824003,4.734896525697312,633.0444897198712,7.75066648675564,2.708569879859933,402.00175920000675,718.9357005862182,49.69839142025569,0,NORMAL
2026-01-01 20:02:00,1495.3573493467452,90.0,71.14271103446418,88.19446863981265,4.813755970519395,614.0155468582325,9.86246369558065,3.326528805268727,399.1792123166763,715.1926409324475,49.87018913796325,0,NORMAL
2026-01-01 20:03:00,1488.1767188986964,90.0,70.43959792743013,89.30965698709792,4.7211370631933605,628.4300808373613,8.575373035628674,2.6847272066825667,398.12296572664104,719.7414360471986,49.58878319740018,0,NORMAL
2026-01-01 20:04:00,1494.6223349956053,90.0,68.25817935829824,89.02085509672922,4.829552901862448,623.7411408181786,10.56189330574498,3.099892816940145,399.3535056996703,723.4388192428088,49.83049834612464,0,NORMAL
2026-01-01 20:05:00,1491.5513620582437,90.0,68.8726423318789,89.23572564890591,4.744447712088201,622.3544328620416,5.1568436089933805,3.203933087841042,399.64209170242805,724.9765145026461,49.74525267050511,0,NORMAL
2026-01-01 20:06:00,1493.7191697446872,90.0,69.24459806964921,88.5272522086623,4.743009087191998,594.8850867453818,9.161314125558258,2.9219515211986726,400.40261991054183,724.0736536081084,49.761716005045756,0,NORMAL
2026-01-01 20:07:00,1492.1596029681175,90.0,69.8634140715616,87.87229121572722,4.672632890936044,624.2918956154771,6.426426192102388,2.7460552312838336,400.3764265310681,718.4718397260716,49.73477871727593,0,NORMAL
2026-01-01 20:08:00,1494.279111072051,90.0,69.02915191232502,88.73019871786583,4.630869317695355,613.7249202109085,6.808550374020015,2.750424394510331,398.75772915418975,720.2479591383079,49.80638219645183,0,NORMAL
2026-01-01 20:09:00,1491.2252760708943,90.0,67.97510510061913,87.65149009151698,4.431061396815136,610.5607350556511,8.397551444472537,2.847581959927425,401.02848458877054,722.0393952544874,49.748829368229664,0,NORMAL
2026-01-01 20:10:00,1489.8027591496443,90.0,68.28244136079995,88.33190709648525,4.856773538064482,600.1708695882209,6.377978409693398,3.1161741556136064,399.04120969937475,711.2110628802897,49.60679036307342,0,NORMAL
2026-01-01 20:11:00,1494.8410085745422,90.0,68.9955182036232,88.59554021672228,4.713428490143322,614.9441286603181,8.351284227145332,2.66002483746003,399.76558549494246,722.8529235005993,49.825456508721025,0,NORMAL
2026-01-01 20:12:00,1491.7730387082356,90.0,70.2344569787647,89.68861214476436,4.666188022631134,615.3355159681824,10.22019635280463,2.532246793517445,401.03016110575504,712.7135035620809,49.82136823039382,0,NORMAL
2026-01-01 20:13:00,1492.4431169472484,90.0,69.42783786053604,88.65927430457614,4.531643784269933,601.969980781852,9.87377901238421,2.9724109981138604,399.03726789408347,730.2017329945324,49.80630690587091,0,NORMAL
2026-01-01 20:14:00,1494.4695038280895,90.0,68.22658507338498,88.5697687332367,4.6645933487580304,600.2671982710631,5.595101577971526,3.016322550251816,399.1459728646283,717.9774245767916,49.88310908004742,0,NORMAL
2026-01-01 20:15:00,1489.936089515811,90.0,69.6483727777098,88.46848378676171,4.653461678436476,619.8661948012812,9.779998107219468,3.2935938893598538,400.88750207453967,719.075624114027,49.665757909202604,0,NORMAL
2026-01-01 20:16:00,1493.1909817952785,90.0,68.61301516112184,87.8289545464756,4.663943600347411,623.7170513106138,5.844845817292539,2.623536204946654,398.7134002350925,716.1514645038108,49.78908260469359,0,NORMAL
2026-01-01 20:17:00,1490.8202104870743,90.0,69.89040800518684,88.54291291893828,4.762425355936497,616.9028290992242,6.312000869874588,2.873038677607552,399.4228119645939,716.8501498407215,49.744118824570954,0,NORMAL
2026-01-01 20:18:00,1491.7356612887113,90.0,71.5270104183286,88.5514413370691,4.741196028578218,626.5083464968436,9.319777203325316,3.1323674864240956,400.8336132670643,731.3704678457162,49.80253481943359,0,NORMAL
2026-01-01 20:19:00,1492.1445579307685,90.0,68.64117362905645,88.01569575133831,4.603556491611263,614.136150156485,5.234889444794642,2.924172433520546,403.081138662154,724.7018484431164,49.640571785381475,0,NORMAL
2026-01-01 20:20:00,1488.9995562771062,90.0,69.80160515972636,87.9066271919113,4.612083346171041,614.456487255998,12.844999721881717,2.860912162187695,400.90810675714414,712.2539877742608,49.56754647721772,0,NORMAL
2026-01-01 20:21:00,1490.4423259143591,90.0,68.25460666796226,88.25921465779803,4.6048478516110025,605.8297197125921,7.263522389335717,3.0579810993859082,400.708959644485,727.5210645034261,49.7468830688821,0,NORMAL
2026-01-01 20:22:00,1494.7021457848264,90.0,68.8877362328087,88.53246648852102,4.910403278986298,599.3975802244628,11.036005331062292,2.7801222071586804,400.7962023755091,725.9662113757072,49.80956039170577,0,NORMAL
2026-01-01 20:23:00,1493.7723823771696,90.0,69.0295622868721,88.27122290859333,4.883847804697296,633.5466213385959,9.559636395589942,3.0702821683908295,398.3902145888994,718.5939376885585,49.75882670644275,0,NORMAL
2026-01-01 20:24:00,1491.8747208453456,90.0,68.80631633995561,87.97456227450448,4.655278854599951,626.3129905024974,11.988402698494507,2.649287361561945,400.17339510801986,721.5334847101492,49.66644931216174,0,NORMAL
2026-01-01 20:25:00,1492.4862469170257,90.0,71.46301368877502,88.6446361253756,4.529447845492915,601.0748743286152,7.798572527907261,2.5961136593434206,399.9553502674954,719.9252796028946,49.72179072882365,0,NORMAL
2026-01-01 20:26:00,1491.411514988727,90.0,68.69340692532161,88.76943341149847,4.737415756071282,616.5575190783128,10.622662385640067,2.845282396217534,400.4823768105591,729.8628995222347,49.643598702119704,0,NORMAL
2026-01-01 20:27:00,1494.713166771656,90.0,69.58685153878487,88.56064885406279,4.733481034542511,613.9995368889633,11.845527660464384,2.3873420426206864,400.1747620787138,716.0185490550396,49.92832693935849,0,NORMAL
2026-01-01 20:28:00,1491.5992948444116,90.0,67.06991313067657,88.21850864254858,4.767321525847868,612.2600752683695,6.979465361760218,2.9169399273425807,400.5695495161257,720.7300530488786,49.71885469221469,0,NORMAL
2026-01-01 20:29:00,1492.4636841842696,90.0,69.43199656336961,88.79742051013628,4.798188979045007,610.9098215218506,7.897499963285529,2.5534877314590574,399.5327992076512,717.859273345036,49.74589194572085,0,NORMAL
2026-01-01 20:30:00,1494.2920602882841,90.0,70.14205459235225,88.40473135468761,4.777075768245842,618.8126914696797,5.248693057718939,2.9564841041132754,400.0879133760577,712.8347979769107,49.839139176701195,0,NORMAL
2026-01-01 20:31:00,1490.445257030308,90.0,68.47240265742094,87.90545814590749,4.630246883931825,623.1817552547147,9.104009150337424,2.937091887623389,398.1582571509145,730.9581912752749,49.729625826140264,0,NORMAL
2026-01-01 20:32:00,1495.1175783689937,90.0,66.48977785895958,89.01812217710786,4.749041665174245,619.023911690282,10.233714143540276,2.8864075227670365,399.5201390829956,714.0921671044879,49.88454702012753,0,NORMAL
2026-01-01 20:33:00,1488.9390771805133,90.0,68.96134823117268,88.67675400926575,4.81184727734825,613.794816256208,6.171783374831794,2.9872817335076185,402.08625032226496,721.1006459374389,49.68498366987916,0,NORMAL
2026-01-01 20:34:00,1495.2592842622255,90.0,69.01718385038552,88.44035484680835,4.658792730763495,613.4277328310887,9.350913654497136,2.9408394937228173,400.47821250944236,711.2964969680983,49.81043386453464,0,NORMAL
2026-01-01 20:35:00,1491.254648832096,90.0,69.7240750507443,87.71447389726103,4.775706168930365,624.3681431692266,3.687446220354265,2.8413998793337454,399.9686184439254,718.0046473037845,49.69359495415536,0,NORMAL
2026-01-01 20:36:00,1491.5146025043493,90.0,71.01090303541343,88.12756986013153,4.682170531050589,619.6344493811606,11.006320835458869,3.2662013960954264,402.8441849143815,722.1098441071673,49.75560499958376,0,NORMAL
2026-01-01 20:37:00,1488.2199796576342,90.0,68.6199463493997,89.50928285591002,4.909431314975923,615.7268946303543,4.42583529826117,2.9786621387104883,397.9587475325484,715.8763301024882,49.58096320217249,0,NORMAL
2026-01-01 20:38:00,1491.0904105652446,90.0,68.14371187633972,87.74582896879636,4.612400706737371,614.640987023999,10.26652619022693,3.0543816174621754,398.3358166668307,722.9340092536783,49.702758353906795,0,NORMAL
2026-01-01 20:39:00,1489.9203869379462,90.0,67.83308219862856,88.37432535993285,4.848108386454203,618.4527050961229,4.220166608897178,3.114615948794518,402.5690671169144,718.6547945405596,49.68395108615278,0,NORMAL
2026-01-01 20:40:00,1490.784707309253,90.0,69.1980786170316,88.49183211859278,4.563082081485617,610.3165131144056,6.219666468575653,3.0336298758084177,400.0689414040734,725.8004125619931,49.73208283109062,0,NORMAL
2026-01-01 20:41:00,1491.7253780684223,90.0,69.4793542588185,88.66023839449022,4.906100500631856,623.2153881730821,8.722824595662702,3.312566583784961,399.6361254455653,726.8088045667012,49.6352952208289,0,NORMAL
2026-01-01 20:42:00,1493.9155832289457,90.0,68.45434460563742,87.75141453188516,4.630816802619855,604.2414143816213,7.397444312926631,2.9332013769642393,398.20119351235655,717.0662761963499,49.83292339012597,0,NORMAL
2026-01-01 20:43:00,1492.4152067028012,90.0,69.77868274572579,88.58708812801366,4.74722539183866,610.8854349023352,9.227064481648794,2.8986077308327878,400.6715443995925,720.3836642969648,49.735487353867455,0,NORMAL
2026-01-01 20:44:00,1492.6153533068023,90.0,69.46538407681918,87.65694726858769,4.5839417359585655,621.1110609544602,11.745363044277402,2.7700855824386768,400.8166898042912,720.9172711323612,49.78921799576996,0,NORMAL
2026-01-01 20:45:00,1489.8089612223089,90.0,69.04323168964488,88.54871439793267,4.594027600339175,603.6711718664573,4.261504157852206,2.8487452126880037,398.3582584587476,723.0967464771735,49.69914529202804,0,NORMAL
2026-01-01 20:46:00,1490.2384918207945,90.0,68.09758527925588,88.17380104034076,4.826298683955646,599.269914573505,9.931794812039048,2.7537550861897673,399.78958662167435,720.0719099812213,49.75501214708244,0,NORMAL
2026-01-01 20:47:00,1495.5974500367026,90.0,68.51813568451527,88.06706536639662,4.841474923819014,615.6307767542924,5.691217978590981,3.0354423826003076,399.4967262519504,720.9510547967142,49.92092101693781,0,NORMAL
2026-01-01 20:48:00,1490.5295979304735,90.0,66.57024470231745,88.91740857919864,4.745587721652791,598.0354184555353,4.199822502232372,2.717536750536272,400.3839657196282,718.7829676260244,49.751648514146304,0,NORMAL
2026-01-01 20:49:00,1495.3124165041145,90.0,69.23578706419804,88.38219687819162,4.806464228985192,602.0119644594814,5.594098782836573,2.9147584339796255,398.321124636669,720.5761993348601,49.91593073276213,0,NORMAL
2026-01-01 20:50:00,1491.5138776022382,90.0,69.02634128874743,88.73685540233551,4.829750766218687,622.5659411850643,13.475621335810965,3.011909386860475,401.87792118176975,726.4897009676756,49.73169820264874,0,NORMAL
2026-01-01 20:51:00,1492.004575872287,90.0,69.18847899108948,88.75341345557827,4.656514044508503,612.9521474239426,6.081348686140359,2.930064777319044,401.3737356723964,723.2304162060593,49.73509511676141,0,NORMAL
2026-01-01 20:52:00,1494.1407303204599,90.0,69.50431901556456,89.13497674437404,4.577404321680837,627.8548694970899,9.788788284761926,2.7208170248860144,399.45523666190076,723.5062781972168,49.84833186484091,0,NORMAL
2026-01-01 20:53:00,1494.5437848438773,90.0,69.38582148643222,87.89587112909265,4.740712238797868,602.9518565906254,11.329115892949742,3.039788982801197,399.6753719325424,723.6153516206779,49.85473020903423,0,NORMAL
2026-01-01 20:54:00,1491.7783748794418,90.0,68.88961681935396,88.9595078311693,4.663089724786893,614.0604763436771,7.0558010672085105,2.8829320582928104,399.79536677458356,719.2309561105948,49.71049251747781,0,NORMAL
2026-01-01 20:55:00,1491.2235138929568,90.0,69.04866804316275,88.5082308111343,4.768697531797414,618.9958455320776,11.55764858453736,2.3254575567107096,398.83253717049024,721.5941352178977,49.727691633538974,0,NORMAL
2026-01-01 20:56:00,1491.8881591029556,90.0,67.59568358330382,88.31093770973595,4.788584107014073,603.2948506987109,12.119317856859183,2.7033296618833225,399.33485587264744,714.5741316083213,49.72785048009262,0,NORMAL
2026-01-01 20:57:00,1492.6759150564642,90.0,68.41627935431057,87.92537474033072,4.673327426136458,625.3176190449963,8.479451006955037,3.1802264472805466,399.59459444848807,726.3440382815847,49.71316718979247,0,NORMAL
2026-01-01 20:58:00,1493.7826073737394,90.0,69.05047105368347,88.80329543070206,4.794344945682603,620.1067888316604,5.789623052743253,3.1968643683029367,402.4193025560607,706.0851978382839,49.85727661619347,0,NORMAL
2026-01-01 20:59:00,1492.0084597179882,90.0,68.26414642408764,88.03888773926818,4.804636082809767,598.9071291331256,9.236968867527652,3.0052222420130397,401.41992746249565,719.5642580383229,49.73637528605944,0,NORMAL
2026-01-01 21:00:00,1493.2377725960464,90.0,69.86015079587254,88.75890329342788,4.797153692020345,614.622582037914,9.269753875970153,3.056813795391666,401.40198206100496,725.7044798857514,49.87702783275316,0,NORMAL
2026-01-01 21:01:00,1495.2767194645419,90.0,68.34136791904497,89.46391538642678,4.669942454570405,618.8595673625863,11.54191465448308,2.744341203748427,400.5548884195066,713.1806603318533,49.76128270197474,0,NORMAL
2026-01-01 21:02:00,1492.7626192245295,90.0,69.21630541124831,88.98998852012654,4.798192446080327,609.0994332647194,7.541745082616437,2.847971116252188,398.32400948660313,721.9988995880842,49.730915035508815,0,NORMAL
2026-01-01 21:03:00,1492.6233057120096,90.0,69.11656565681534,89.19571716252563,4.7680858848170065,600.2013509449118,6.073413744585945,3.1470733200919274,399.93776334313395,716.5961677671048,49.755742132234865,0,NORMAL
2026-01-01 21:04:00,1488.9621783498199,90.0,69.74627759361042,88.140497611341,4.801208512248836,617.7845878944742,12.58311122805322,2.9851830485124147,401.4557326894201,718.1559836740556,49.68894166654211,0,NORMAL
2026-01-01 21:05:00,1486.738539726342,90.0,69.9007911740283,88.8813665230225,4.8901515258484025,637.1124295028256,4.860772084444323,2.91298967677741,398.1126030559491,724.7297048031971,49.577924792841515,0,NORMAL
2026-01-01 21:06:00,1492.7767514584602,90.0,69.69403261096794,87.92789252239113,4.774219568544718,611.1301590084231,8.878083732257375,2.862638291421396,400.9548298103099,720.9902846294258,49.77474868632438,0,NORMAL
2026-01-01 21:07:00,1491.8103515374382,90.0,66.89399379861686,88.38325854867463,4.671638606626761,630.6924118128471,6.302914711127199,3.1348944002469414,403.48391383789414,709.8282206605782,49.6706485282869,0,NORMAL
2026-01-01 21:08:00,1490.9704346501705,90.0,70.19414814801313,89.37063602807396,4.601541826338574,607.4771117823854,10.780057426887454,3.124406430710029,401.5927249689846,715.117872301342,49.64116741847754,0,NORMAL
2026-01-01 21:09:00,1492.4870604083726,90.0,70.5273082241946,88.19607889675346,4.848872038064313,617.1554563500995,11.939684296651382,3.029934350153752,402.121043703343,724.8766786744438,49.76569391329358,0,NORMAL
2026-01-01 21:10:00,1491.8791925416062,90.0,68.51787571567853,89.05567809205542,4.754617205762437,622.7152253087612,8.902820461163099,2.9132550132165123,400.32750812566326,722.244713590965,49.66110111836262,0,NORMAL
2026-01-01 21:11:00,1494.2555605012678,90.0,69.23664691267285,89.00782336647073,4.886845731502607,614.9158633402864,4.795295432220587,2.8286487028466425,401.4518979231475,728.7406778626214,49.78192479586113,0,NORMAL
2026-01-01 21:12:00,1492.172221736518,90.0,68.10916831986921,89.03737062508316,4.51629736837829,612.0226435111877,8.221412249592024,3.0386027439369423,398.92322017846897,728.4132379700665,49.764119924338225,0,NORMAL
2026-01-01 21:13:00,1490.5061534298598,90.0,67.05162149326785,87.86649901191387,4.833736728540367,622.2612752135037,8.658875761796052,2.679618031005104,401.19379571851186,718.2887743492661,49.63442223404816,0,NORMAL
2026-01-01 21:14:00,1493.9803324779186,90.0,68.26128473445762,88.762600482984,4.698634256798257,633.9145511526922,8.588684730527937,2.7210860304826916,400.98158220109116,732.5161890253474,49.87961221404871,0,NORMAL
2026-01-01 21:15:00,1491.5657378501076,90.0,68.45986096053639,88.42170071701926,4.696213886171498,618.0058692463913,8.955115430216166,2.609781727843012,400.43486676105647,720.1223983492596,49.78005474554881,0,NORMAL
2026-01-01 21:16:00,1493.0530733673447,90.0,68.64514926864818,89.04424842874369,4.642634247410267,609.8393982346965,5.513764548101539,3.147045955598625,401.9740111295778,715.1866573279549,49.689864778994576,0,NORMAL
2026-01-01 21:17:00,1491.0451785876144,90.0,68.04108590999401,87.67249980011705,4.836507105386174,613.1024844274032,6.970580346495259,2.755866675174131,399.1918227432289,716.8318006704471,49.65488739076138,0,NORMAL
2026-01-01 21:18:00,1490.7003462290052,90.0,68.26657483318276,88.68389394451454,4.787675738838032,640.1970764564537,9.739522727245838,2.980801557350325,399.7194137252895,708.716374473553,49.57572267874209,0,NORMAL
2026-01-01 21:19:00,1492.1683364603714,90.0,68.98899367837159,88.61318760140294,4.613498045467997,616.3490711633813,9.743681769159283,2.8748884958580945,400.1431930620374,728.0350950412464,49.699814980551636,0,NORMAL
2026-01-01 21:20:00,1492.0256572870874,90.0,68.22977301688985,87.50494163135954,4.7663933111653165,609.0558630142202,7.362362945256271,3.479507798024387,398.4555835433659,727.9738099452193,49.77250800006486,0,NORMAL
2026-01-01 21:21:00,1492.9596540707337,90.0,69.54352433255002,88.05728982193754,4.809465636629296,603.5493208351746,9.92934895609485,2.988381090807167,400.34039791570035,714.9224628059334,49.744627055244045,0,NORMAL
2026-01-01 21:22:00,1491.4627084933804,90.0,69.68166065139744,87.58492389342757,4.766102574724039,596.740989058874,9.516377658683984,2.5275718481509313,397.42160438056925,718.8605785580904,49.73846347862681,0,NORMAL
2026-01-01 21:23:00,1488.3272804324592,90.0,71.38038774616449,88.13682234902545,4.8480475830221845,618.6358427384619,9.076565159144257,3.1350871513193166,401.5704318016423,720.4780377205628,49.53479263183455,0,NORMAL
2026-01-01 21:24:00,1491.1344522328232,90.0,70.12567993212346,88.77460854232031,4.695503974764676,621.5464199282451,4.620778053550843,2.822569807278863,400.06995604984894,715.1982347392894,49.7443805038232,0,NORMAL
2026-01-01 21:25:00,1493.5876369342877,90.0,69.24310305832842,88.59768278781283,4.5026105769332965,611.033038200348,5.146723350945318,2.859814439610189,399.21866064414434,711.2244898436442,49.75849910307984,0,NORMAL
2026-01-01 21:26:00,1491.4052478415138,90.0,68.37973570333232,88.58470004028605,4.746977755271103,614.8502958196905,11.795384393873833,2.7654975473979913,398.7484395815573,718.9482119811155,49.71411674549794,0,NORMAL
2026-01-01 21:27:00,1491.507233194971,90.0,69.293747351674,87.98012594552428,4.758460058030023,603.2953829071138,9.333688977866972,2.9391225037276922,399.6481314555712,718.3946028527038,49.71226404809604,0,NORMAL
2026-01-01 21:28:00,1493.9727530118118,90.0,69.32659595991636,89.06022524574587,4.749914144755518,616.329284648275,10.366659740407997,2.9365026275349644,401.0323895661586,718.0579437950561,49.73551434101578,0,NORMAL
2026-01-01 21:29:00,1490.5760535454822,90.0,68.48668691099434,88.49059016081054,4.84088610658056,619.8149532056713,4.9250521678127335,2.7709045644702743,400.8216084681063,721.1135803130048,49.62821423492908,0,NORMAL
2026-01-01 21:30:00,1488.9143935635143,90.0,69.78373139675288,88.51685190612054,4.534416636548259,609.6483573283236,9.899057166249692,2.798371095902714,398.9416930790823,727.1475982926299,49.67886950890065,0,NORMAL
2026-01-01 21:31:00,1491.678737760949,90.0,67.60190198531812,88.97019978446538,4.696747673877427,631.9045266958584,10.90579215011353,2.920257226617663,398.73094049105856,718.4845364015414,49.74257419990671,0,NORMAL
2026-01-01 21:32:00,1491.0316520975025,90.0,68.75560016446249,88.00432712614653,4.647647676676914,606.6289367325309,8.1323823534176,2.431453702697987,400.98534805947946,720.8522149936068,49.753557521994416,0,NORMAL
2026-01-01 21:33:00,1490.0675073604934,90.0,69.5558584593174,88.61427388492922,4.606911483489567,617.8347660401898,6.450829038297219,2.6117005058992593,398.91647889307745,723.6343526187247,49.685149823791576,0,NORMAL
2026-01-01 21:34:00,1491.6492430882026,90.0,68.7124158524079,88.7117312457944,4.718535475127823,623.4831721970461,10.441722887074649,3.2339984192196036,400.08986466111924,722.7707146325638,49.72879096801388,0,NORMAL
2026-01-01 21:35:00,1492.9830112944935,90.0,68.79324559657073,88.22721592484717,4.805637884531124,614.2271049985062,11.131556868801248,2.965564188864048,400.1856319637864,716.9278823777607,49.67979984554978,0,NORMAL
2026-01-01 21:36:00,1491.9814228768644,90.0,68.86221413880772,88.82618669037437,4.753570926678428,613.1152318110551,4.636665996947007,2.795018202651844,400.4680931975901,720.4818856155701,49.71919576105742,0,NORMAL
2026-01-01 21:37:00,1492.6139621453724,90.0,68.16439875931225,88.73856158530963,4.656476526044232,600.7113384955034,9.277373572446153,2.5607834336926327,401.2874056452728,722.7376991008452,49.75242952215889,0,NORMAL
2026-01-01 21:38:00,1495.626815397031,90.0,70.17390093157421,88.44941164385645,4.716464607168499,628.5734149571629,9.133335524409345,2.8887367670107045,398.105555594699,714.3582433124461,49.95188253981466,0,NORMAL
2026-01-01 21:39:00,1491.314242276885,90.0,67.98196232807719,88.43392455492805,4.8243111533644,613.3010679833241,9.378969181957547,3.097038418356221,397.13326101210924,726.3176950539826,49.74482257416776,0,NORMAL
2026-01-01 21:40:00,1492.5566972692893,90.0,69.31815932740989,88.76177382893144,4.793077447927374,620.3736542493482,9.130466077292526,3.427841220929988,399.14882907815746,727.1579445260705,49.82869296806179,0,NORMAL
2026-01-01 21:41:00,1490.9815732748018,90.0,69.41364789828238,88.89423552000264,4.666838288277284,621.7272048786014,8.742816417682766,3.2784112849991396,402.7022926117483,716.3860987227775,49.72926266112146,0,NORMAL
2026-01-01 21:42:00,1490.307280560226,90.0,68.05137809879103,88.53144995869962,4.6676213632596095,608.7170150798224,6.11209940761089,2.7226123959742927,403.03326115013107,720.9683500917408,49.641344190660064,0,NORMAL
2026-01-01 21:43:00,1490.8301846931645,90.0,69.07310425438074,89.06009473019995,4.547149689336101,613.0247139570879,6.700347067258961,2.8008400937231417,402.74676570334884,723.2113912833552,49.70019570057964,0,NORMAL
2026-01-01 21:44:00,1491.0424828569567,90.0,68.09036782725529,88.82926298121205,4.680473607017523,628.3448235074351,10.396913882068919,2.6057001539526654,399.71052794835896,717.2719292183563,49.7132272775451,0,NORMAL
2026-01-01 21:45:00,1492.7189515950943,90.0,70.39104247505594,87.60576802513356,4.5743057464534775,603.8280233425955,4.7088962488245825,2.7316689866752095,397.32682737702277,722.4080692284405,49.71034060801461,0,NORMAL
2026-01-01 21:46:00,1496.6981515734014,90.0,67.86121706302379,87.79755165122609,4.95075593571409,636.2791807475726,7.462357783567404,2.8574313673750495,396.4854413475222,720.8162781314609,49.8707190169504,0,NORMAL
2026-01-01 21:47:00,1490.5679131274483,90.0,68.34610290576803,89.09111760950817,4.632665832123165,607.5512721472372,9.29383556803191,2.8265726006747713,399.07894275767586,712.660409111806,49.67530875456441,0,NORMAL
2026-01-01 21:48:00,1491.1667493887692,90.0,67.77577499164443,88.37661343426208,4.843365816846081,603.2048254335949,5.047792560115033,3.310913461315886,399.70288955477594,722.2958065798928,49.78583930458723,0,NORMAL
2026-01-01 21:49:00,1491.8737539737774,90.0,67.64230127313245,88.58208791139641,4.910168862561271,616.3230902068854,9.602601782368552,2.6369286115047568,401.9509381015839,714.4992879186448,49.62508810618969,0,NORMAL
2026-01-01 21:50:00,1492.7915976974195,90.0,70.59121529088229,89.06964525882739,4.740227235676251,637.0834826433987,7.064732496717563,2.8909811101624205,401.3017081893137,724.6960142583102,49.82001084428312,0,NORMAL
2026-01-01 21:51:00,1492.5271016239096,90.0,69.54277467391256,88.49679439131205,4.720062686535068,595.8903406440779,5.8364697746576955,2.487308047540671,400.34110761848746,716.6439446243305,49.70406362571568,0,NORMAL
2026-01-01 21:52:00,1494.5681915878963,90.0,69.14029342570055,88.51863380479277,4.597390798298636,613.5898428151031,7.87848362484842,2.9661781560975466,398.6652328435883,719.1935728316943,49.750335760233064,0,NORMAL
2026-01-01 21:53:00,1487.1472158589295,90.0,68.34342303665308,88.06563538360236,4.688227280163075,619.7626501725656,12.911322310646415,2.63165893186481,398.55883066263266,726.8613945672329,49.63057096846624,0,NORMAL
2026-01-01 21:54:00,1487.2261402596087,90.0,69.90761181104676,88.6849972536121,4.886696559714661,615.3364995853553,6.913329347504263,3.1205252616765584,400.38119153060717,722.4819082326442,49.61079957878201,0,NORMAL
2026-01-01 21:55:00,1491.0082436559796,90.0,68.17577756063255,88.79325610948186,4.759260140772589,618.8192167000301,9.421314221303097,2.8417948213969417,401.0455764682596,714.6026304021273,49.763000723651714,0,NORMAL
2026-01-01 21:56:00,1494.1946003750875,90.0,69.7936392943301,88.21105908149713,4.7386136391159415,607.8196691782773,5.827432324242118,2.6196031463434215,400.58782189336836,714.9254171460046,49.84652177654686,0,NORMAL
2026-01-01 21:57:00,1488.8687039367887,90.0,68.12748872339436,88.03898931084572,4.870432534700652,609.0027815406862,7.028661346475388,2.4794596492884082,398.44810306059003,717.0034860568813,49.73194904797983,0,NORMAL
2026-01-01 21:58:00,1485.9847353206126,90.0,68.35549229812433,89.81314462759634,4.7733661622936445,613.515773528408,6.3469512648446385,2.704272502278066,400.9760014431881,721.9732204167833,49.56076070253431,0,NORMAL
2026-01-01 21:59:00,1493.1423588124385,90.0,69.75828238611793,88.45354576507467,4.71614176992053,603.7011191209725,11.541592297017583,2.9478761781485674,400.63886645065213,721.7914990746639,49.76358809160846,0,NORMAL
2026-01-01 22:00:00,1492.4873144474054,90.0,69.86382734415577,88.15815383019425,4.758462506963475,614.5531359855981,8.31610532247571,2.9843027294312923,398.3940003907147,715.7844884766856,49.76672346711292,0,NORMAL
2026-01-01 22:01:00,1489.8195831864011,90.0,69.59747293389677,88.85329322264509,4.646127631803967,611.112547063285,5.384158847164555,2.800312403765345,398.82351854454964,714.1639525719282,49.72282622929733,0,NORMAL
2026-01-01 22:02:00,1490.0289207985581,90.0,67.9503258842432,88.4746029823851,4.67440387571594,610.2995481484513,10.590964083479106,3.085159408686594,401.03274396184236,721.4079170254291,49.628661927022264,0,NORMAL
2026-01-01 22:03:00,1490.0605125607306,90.0,68.55327313427718,87.95711683836804,4.720227800306774,618.2050641259864,7.038381390065444,2.6728514214209858,399.64823869728116,719.0906996710492,49.63608932289778,0,NORMAL
2026-01-01 22:04:00,1492.2210706349479,90.0,69.15689874119852,88.74152678582487,4.780916570520872,596.7934050680069,5.7689473858179445,2.3145880314982863,402.38372095245467,730.7860794372386,49.725254353768364,0,NORMAL
2026-01-01 22:05:00,1490.747369447634,90.0,68.1507190380899,88.07343951546129,4.61379491242177,612.7090989661684,7.436760226166124,2.9565107301484996,400.75169391409685,720.1830182828154,49.58634984164953,0,NORMAL
2026-01-01 22:06:00,1492.988127837951,90.0,70.37096276012929,89.28822900107707,4.721859453020731,638.1735376561486,6.516874187975237,3.1580191625366765,399.2700532177161,729.0712641385014,49.773174848352575,0,NORMAL
2026-01-01 22:07:00,1486.2907466741913,90.0,66.59805305604945,88.7472523148755,4.686068737696184,604.1389031367437,9.870368463224542,3.1598667347315486,399.9846915994136,714.1480820094783,49.448718453942156,0,NORMAL
2026-01-01 22:08:00,1490.2862962697443,90.0,68.22126048463085,88.3615597877363,4.642675882398653,627.8550049648442,7.295603213194802,2.640038151876933,400.0950750889566,712.1339353021915,49.67886284130478,0,NORMAL
2026-01-01 22:09:00,1489.747892078178,90.0,68.49043349713017,88.55467350901044,4.6904573748706255,615.5465612091269,7.429815556677147,2.791061362535688,398.90741453013743,714.3995743373723,49.70152755707936,0,NORMAL
2026-01-01 22:10:00,1491.487318643255,90.0,66.15605633522823,88.95164406054853,4.488826792484007,608.9704219111858,9.758536341093414,3.0447640031481016,398.63111770273355,725.9456489072674,49.69240013174298,0,NORMAL
2026-01-01 22:11:00,1490.9239044830197,90.0,67.6037708697638,88.59298062677988,4.652381520061565,601.793583404702,11.124325824202224,2.774578778408246,401.05208484071426,728.7805079484676,49.78131927627667,0,NORMAL
2026-01-01 22:12:00,1493.5956875597915,90.0,69.62528951254207,89.56105472861627,4.598830217220079,616.3968196528523,10.226389980709103,2.9210769721216985,401.26790994556313,716.0891027302368,49.71349787368879,0,NORMAL
2026-01-01 22:13:00,1488.2813264566798,90.0,69.03028363655297,89.0679337581973,4.690649720575977,629.5339710581468,11.297156094196591,2.7567120208379436,400.90567220432945,717.6971698512023,49.66894058263759,0,NORMAL
2026-01-01 22:14:00,1492.0909829526615,90.0,70.5731360220429,88.74380368378011,4.497144944028005,611.1078885480324,7.845133486728368,2.682122248507725,402.2729771414857,714.1550954489375,49.7701229512424,0,NORMAL
2026-01-01 22:15:00,1493.1166728464234,90.0,70.54522644588482,88.03150706324534,4.758459133086039,614.1903857526322,9.701538762765887,2.7207252697186486,399.1873401459826,710.9418007644081,49.684754099131915,0,NORMAL
2026-01-01 22:16:00,1495.713294873124,90.0,69.43304637860395,88.42655594804862,4.822411210679714,625.1037085019033,8.461261395385764,3.091145038590246,402.5114061491067,723.5920584888831,49.99264954405616,0,NORMAL
2026-01-01 22:17:00,1491.036468057813,90.0,69.3132382490007,88.73943748502587,4.7134816130764925,618.4087079134628,9.249819662635295,2.9027565529261747,398.6486183221688,721.1151015148108,49.6980283376519,0,NORMAL
2026-01-01 22:18:00,1492.6489172087051,90.0,69.0659311085789,88.0885692921206,4.788107801498026,599.2772422027542,7.529719362451963,3.1543763276811116,398.48097165494727,720.0524399133694,49.711089705849055,0,NORMAL
2026-01-01 22:19:00,1488.3922744148754,90.0,66.3449179821205,89.14671343748115,4.665792675610252,615.9888721585519,4.600518363832769,3.004084138990884,397.3600616767761,712.999717314183,49.54272145408998,0,NORMAL
2026-01-01 22:20:00,1487.216087591374,90.0,67.60544048667393,88.01292132911067,4.584279461040199,630.122349106656,10.460661785757477,3.2212930462961884,399.3313070292598,728.1997834091433,49.56286868499615,0,NORMAL
2026-01-01 22:21:00,1493.6895487515635,90.0,69.10067550309894,88.18138715097675,4.73654138910903,614.6305881353251,10.445091629106255,3.063613638591747,399.2444164947558,717.4832163097526,49.783281281432615,0,NORMAL
2026-01-01 22:22:00,1491.988879412704,90.0,69.61602570874767,88.21885040755228,4.803660829547476,587.5851057052263,11.011927799355558,3.0518681660493407,400.788905920382,722.6681321240824,49.73809492351712,0,NORMAL
2026-01-01 22:23:00,1494.3570253795967,90.0,69.28966981213814,88.8719122303163,4.590122942832908,618.8821499159108,6.64055916145678,2.8759024202728636,400.36583641243067,712.7271929737764,49.797011038175356,0,NORMAL
2026-01-01 22:24:00,1489.2531942220605,90.0,68.10753503228435,88.09753181641436,4.691526636039529,613.0154356045597,6.142796108025569,3.50184131529933,398.2105399434713,719.0473740518999,49.67343440624111,0,NORMAL
2026-01-01 22:25:00,1493.0398042790575,90.0,69.9374062824695,87.60001171479023,4.723288125613753,596.7090558607879,8.128664788939885,2.9225396439789066,399.4109106423613,721.4568722811929,49.748611984335426,0,NORMAL
2026-01-01 22:26:00,1495.7376356810878,90.0,70.48244402875464,89.04401941788065,5.004260376170882,598.2079190994622,8.114338227291562,2.505315326174824,399.4428069683685,721.6353760902665,49.76117298350757,0,NORMAL
2026-01-01 22:27:00,1492.8394112167146,90.0,69.93798960029135,88.27780685744702,4.756780982323049,624.7510714328881,6.38728934920395,2.9536067079227935,397.3360266295572,720.7732427161832,49.75384563244134,0,NORMAL
2026-01-01 22:28:00,1492.553163011182,90.0,69.98959932959048,87.96574618392384,4.550127718435146,607.6761725440492,7.533516839430255,2.703541551352514,398.52857990947996,722.4726124602439,49.63339821770407,0,NORMAL
2026-01-01 22:29:00,1492.0171121616488,90.0,68.44077420204479,88.12257072339855,4.522263495347808,605.92503619264,6.650728359256249,3.103404304320323,398.8437795540789,714.3473977198352,49.7515922702662,0,NORMAL
2026-01-01 22:30:00,1488.8582370857482,90.0,70.0759341227008,89.35838137459201,4.785882255534535,614.6436143906833,6.639010925084241,3.045163351636188,402.15043752973145,720.9868630271983,49.579642891344136,0,NORMAL
2026-01-01 22:31:00,1494.7111458714207,90.0,69.14575863932765,88.1714781513634,4.985073634572385,608.5579700168006,10.338348318483558,2.8616972700134697,400.28717607393605,720.5687884174014,49.83187288012648,0,NORMAL
2026-01-01 22:32:00,1490.7782847203898,90.0,69.51155552852201,88.43831594731142,4.7031362325937,616.0004862777774,10.976289224340645,2.7224213973113676,400.99325313092123,721.1583634209753,49.758313239755886,0,NORMAL
2026-01-01 22:33:00,1493.008966512766,90.0,69.3654318428247,88.27654081885687,4.700387224417011,612.9727997056333,5.974181636830976,2.929285145344161,397.7520467542762,720.3617260865959,49.71952811566213,0,NORMAL
2026-01-01 22:34:00,1488.8739313868575,90.0,68.87851289455959,87.88366872828303,4.785404043054099,603.0000441990636,8.142593700273805,2.771753238428589,401.79132172452097,713.633936130433,49.68219385915419,0,NORMAL
2026-01-01 22:35:00,1489.6410806709844,90.0,68.1399975248777,88.12864071887644,4.6575975447879605,609.8880220143861,3.4825269985452914,3.0575607985567674,401.95165309453614,713.4110012394551,49.6330332106985,0,NORMAL
2026-01-01 22:36:00,1494.8701747984444,90.0,68.91786333644595,87.84944579649668,4.4885956220272,619.427533213091,4.623387295646756,3.0112031428516093,397.00248254928306,708.9286590705773,49.91666556671809,0,NORMAL
2026-01-01 22:37:00,1491.3053954220843,90.0,69.98676161748283,88.97794063784029,4.824167626170763,615.4191804023862,11.004506657536798,3.487193318498687,398.94202491412625,724.0876725492265,49.6919222167429,0,NORMAL
2026-01-01 22:38:00,1494.9065509520851,90.0,68.5585241946871,88.55043953230673,4.667672996513683,614.1805751760817,9.994697925627076,2.8109770922698147,400.74364835952326,724.138287548676,49.78819371579417,0,NORMAL
2026-01-01 22:39:00,1491.843538681883,90.0,69.89334726260815,89.74133888108709,4.810185008960396,634.3738424117938,10.789927007756154,2.839314874303071,400.9665826803073,724.2177514561106,49.76247987858253,0,NORMAL
2026-01-01 22:40:00,1488.3162044540843,90.0,69.73707067061767,88.14554463750463,4.66099042821884,622.3103752538553,7.266053968345747,2.8690448652126452,398.98225790426915,721.5339498123072,49.58875066198829,0,NORMAL
2026-01-01 22:41:00,1493.7841351994634,90.0,68.70106260298017,88.07056987692712,4.750766515207512,623.5244126482135,11.084206099263596,2.8778028931457835,399.5417508054195,709.3344039114095,49.75073203094233,0,NORMAL
2026-01-01 22:42:00,1490.8202153644888,90.0,70.38880010361957,89.2668798841776,4.800145597065318,613.3403159220508,5.145055397418674,3.105415787592296,399.1039284084323,714.8664475410736,49.6701151862811,0,NORMAL
2026-01-01 22:43:00,1493.397377627034,90.0,68.64445332880929,89.02898851603399,4.826455324786507,617.2014519035127,5.872233620392264,2.8447308709875734,400.1656270704192,720.8520770879655,49.77768226095865,0,NORMAL
2026-01-01 22:44:00,1492.0504217350801,90.0,70.50954686261264,88.69238251088544,4.749451216530433,610.6890001047431,5.539031350389919,3.294476343228699,401.79576779719287,720.6775900139589,49.802123064398245,0,NORMAL
2026-01-01 22:45:00,1488.9137635441143,90.0,69.43412698154097,87.94315424245579,4.759460824730784,622.7754976552413,11.027858081915284,3.0164550219451405,398.8434367642882,718.8862589342399,49.533754397530835,0,NORMAL
2026-01-01 22:46:00,1492.328589530741,90.0,68.98413408154649,89.3724981338639,4.774520655340633,613.8960009590096,7.152573409348843,2.802852790402395,401.5012307466526,721.8445860145413,49.74544035063889,0,NORMAL
2026-01-01 22:47:00,1496.3924462843056,90.0,68.11219861966235,88.46394842011476,4.77713798503712,617.2237774893056,6.667623597245906,2.7517508630038656,398.82749189147967,720.0582585384262,49.91099338920955,0,NORMAL
2026-01-01 22:48:00,1492.985972917029,90.0,68.91173976986497,88.28466243575241,4.6051886978678205,616.6061130215517,7.77369069807202,3.1081744386816914,398.7285591812547,720.6038523277568,49.77587152598389,0,NORMAL
2026-01-01 22:49:00,1491.8849644939892,90.0,68.79624048650558,89.07147986845906,4.591362167200435,614.8183311859455,5.532909684134459,2.905704030377362,401.2278919275148,716.8046733358399,49.79499207493798,0,NORMAL
2026-01-01 22:50:00,1494.1506868039137,90.0,67.7417036147491,88.48885243937306,4.51931704091045,644.3818806715577,5.117520107158472,2.901812010751351,401.38290456701145,724.910054930608,49.80130562697587,0,NORMAL
2026-01-01 22:51:00,1492.4213369304061,90.0,68.78238457728233,87.91716495718399,4.818307500940285,608.3338072250527,4.2148411237857575,2.780303954715176,401.277114905144,717.8461419565981,49.738150325570906,0,NORMAL
2026-01-01 22:52:00,1492.4190684605255,90.0,68.19619681990291,88.52015129974922,4.690023996633916,608.242884698413,5.017669954632371,2.8877108638158986,398.0263038876728,713.3467545848969,49.77691875936818,0,NORMAL
2026-01-01 22:53:00,1489.8167496556819,90.0,69.58599176897879,88.10932559921454,4.819833212553339,621.9409674681176,9.628503862115785,2.7722090298394457,399.3010735328919,716.1450049359064,49.66552401260363,0,NORMAL
2026-01-01 22:54:00,1492.4676960515792,90.0,70.3062804757282,86.99532942865834,4.800464468772282,609.0483100092482,9.447172924119238,3.1723422912451995,401.234482888005,718.25766904319,49.729402764805286,0,NORMAL
2026-01-01 22:55:00,1494.0708868328338,90.0,67.77308432370477,88.05914490392486,4.638574433764405,612.0859363865111,6.550372839503869,3.0434120304510794,400.0623127608458,724.9700139418443,49.82817009640711,0,NORMAL
2026-01-01 22:56:00,1490.3278756958,90.0,70.71230772836692,88.236132214566,4.7232551123552025,604.1358904664438,6.081714105559918,2.865046232139845,398.38946073070383,719.788660007826,49.64496944186583,0,NORMAL
2026-01-01 22:57:00,1494.848991642494,90.0,68.87144896561487,87.9221774453534,4.696074245926523,619.9155791940259,11.602542639747254,2.862106383389454,400.68747690868815,719.0692589051718,49.7977408638155,0,NORMAL
2026-01-01 22:58:00,1491.8165879517098,90.0,68.02497861506149,88.78762326605695,4.663325186652505,620.0425724448415,6.291507310246978,2.918434833647843,398.92778911151277,713.7566828761869,49.70081989730205,0,NORMAL
2026-01-01 22:59:00,1490.224460976923,90.0,69.75775478020819,88.11127612133554,4.829303210122617,611.8480794007655,9.825433371142566,2.8988919522255734,402.69178727258833,723.9274129491479,49.741802157239086,0,NORMAL
2026-01-01 23:00:00,1493.9952641538405,90.0,68.55354552174495,88.73921310041716,4.976290085046424,622.1481668848007,6.406037226932474,2.7086127641381665,402.3172621936274,716.7402392298831,49.638791320662065,0,NORMAL
2026-01-01 23:01:00,1491.4264115285234,90.0,68.9182633239685,87.88334013181577,4.85395356153804,596.4187498626641,5.751832910939426,2.5198451743230033,400.90614613953335,719.4998607052934,49.7339936593556,0,NORMAL
2026-01-01 23:02:00,1493.5190297749723,90.0,68.59572175578792,88.95460946054119,4.718212174053435,607.9314659848566,12.317633307789698,2.7404598667117943,402.04151005715465,727.4009153844094,49.78568124987576,0,NORMAL
2026-01-01 23:03:00,1491.416482735483,90.0,68.1832620681351,87.86175873666669,4.868715601262278,613.3002081378906,7.685335463186979,2.874296501866994,400.09718702518506,722.5438166552465,49.62983923488753,0,NORMAL
2026-01-01 23:04:00,1491.8803477129402,90.0,69.7239970324019,87.32923479530439,4.924705569124993,603.2771750309705,4.493155507671452,2.752433360456502,401.1481562415625,711.8587297614241,49.74483126272147,0,NORMAL
2026-01-01 23:05:00,1492.9871204086685,90.0,68.71369859710582,89.11863129258154,4.578390295917339,597.5128696258128,10.224575278702972,3.0638676060791137,402.2165804429531,711.1524488182376,49.79002494654719,0,NORMAL
2026-01-01 23:06:00,1492.58179411518,90.0,67.56334820782075,88.07205309813435,4.861044414173566,611.9210403496155,5.94607283220814,2.854169372819849,400.3682480226915,719.6784477494037,49.782208432073865,0,NORMAL
2026-01-01 23:07:00,1488.0089364390965,90.0,69.55106012421594,89.37846452909963,4.789398911292328,621.9402008706074,8.149133183207622,3.274714715005724,399.6172192427286,713.9362969256259,49.467706478150966,0,NORMAL
2026-01-01 23:08:00,1489.7575125198111,90.0,67.79441764897625,88.78229595060397,4.84316598665357,627.8210839142652,11.361877760102555,2.78770114835417,397.4430670627343,723.242733738165,49.72690322125309,0,NORMAL
2026-01-01 23:09:00,1493.8588199695816,90.0,67.84673982732474,88.89513165919055,4.8034261124178785,609.5271211679462,10.641610846779292,2.9281433597403113,399.87529971141777,720.2113153248249,49.75840716375181,0,NORMAL
2026-01-01 23:10:00,1491.735726822197,90.0,70.19260620497731,89.02273625023297,4.6967723742419265,622.332158376216,6.96081620622902,2.842227648766043,401.2351347768435,720.8269238451193,49.75885261474423,0,NORMAL
2026-01-01 23:11:00,1490.952537394457,90.0,67.80366010078978,88.55633967312447,4.932160270955787,621.3654203807566,8.801629298933117,2.9879556115469645,401.41845014135146,716.4662840917882,49.735471602182685,0,NORMAL
2026-01-01 23:12:00,1489.2828519694851,90.0,66.68355514307251,88.5620277089192,4.7627193066798315,627.186081743345,9.190139799587424,3.1131502257994086,400.75654759857764,728.7069182764335,49.59892687803521,0,NORMAL
2026-01-01 23:13:00,1489.8405273574483,90.0,69.62286148496149,89.14067001209709,4.673753897688633,611.4980896964599,5.94929254725298,3.021656191785419,399.1880513575566,734.2129686400523,49.69437390953252,0,NORMAL
2026-01-01 23:14:00,1487.956402720076,90.0,68.69613657051887,88.55567924784897,4.779484216547058,597.0149950481533,9.987823772913965,2.4938407461067884,397.0347676465786,718.6070763812164,49.57927209529025,0,NORMAL
2026-01-01 23:15:00,1491.7974385625969,90.0,68.78234487886188,88.13591157660163,4.834521358640754,615.7018585242274,10.186551907300714,2.9999723220945733,399.25717735299287,721.765196242075,49.62301242645299,0,NORMAL
2026-01-01 23:16:00,1490.803124838838,90.0,68.6854996066498,88.79287928008104,4.733618521984579,604.8620625903028,10.679724110616746,2.697824371543792,399.5434826934191,720.4870867153215,49.75182459090432,0,NORMAL
2026-01-01 23:17:00,1490.0668242180293,90.0,69.23166993901873,87.44317829280746,4.790450072496073,607.7649489093799,10.459972436360284,2.8380461643167445,399.53060654921495,718.7015656827947,49.63014189245016,0,NORMAL
2026-01-01 23:18:00,1491.863753149664,90.0,68.24728075809693,89.15977940078004,4.725641120194765,611.9878085594681,11.755121132350489,3.0378658373674674,400.9278345354669,715.839647661336,49.68606709851856,0,NORMAL
2026-01-01 23:19:00,1492.7279412617054,90.0,70.47611487456577,89.17021956798247,4.650588035330286,611.6107236865085,11.932230037776149,2.676047818316992,402.97851461652226,714.5751600625977,49.737444748655015,0,NORMAL
2026-01-01 23:20:00,1496.1863958644199,90.0,67.5237695196906,89.09908333406146,4.635835887455993,616.415592668958,7.647303374973199,3.13118960149701,400.18529380276163,714.3220136723723,49.8864916984137,0,NORMAL
2026-01-01 23:21:00,1488.9762331608736,90.0,69.44487491667712,89.07988598118878,4.578120651719066,622.0315631641962,11.471854342646676,2.8293228200897533,399.67490231626533,722.0262001277457,49.629677584821344,0,NORMAL
2026-01-01 23:22:00,1494.318762086601,90.0,69.64212100387658,88.45791233732936,4.882643756658087,611.3226441672404,5.0101605858791896,3.334187474583623,399.6111672804939,717.4016276089818,49.83802874912206,0,NORMAL
2026-01-01 23:23:00,1493.94620312203,90.0,68.24034823916662,88.44665880775342,4.708725099031965,618.9569750660801,7.865507902063907,2.913735565158752,400.1865771503616,707.1085357492974,49.731232302407896,0,NORMAL
2026-01-01 23:24:00,1490.4418145212467,90.0,67.97626555472218,87.8851799551145,4.399538890722181,615.1481600993051,5.577631697856948,3.241068548530354,398.7575593594774,722.2242911029916,49.644274498853356,0,NORMAL
2026-01-01 23:25:00,1492.406471909172,90.0,70.01717421417015,89.37402062585545,4.752172895410842,624.3549439587845,10.346607728836027,3.139535844906702,400.1802978381191,719.8086935876793,49.74108254335633,0,NORMAL
2026-01-01 23:26:00,1491.0847335013248,90.0,68.00913924598329,88.25749091348679,4.772432892180995,613.1140814889368,6.650032448745497,2.7777789835891005,400.6762185044977,726.7333650070058,49.7977188146771,0,NORMAL
2026-01-01 23:27:00,1492.3713771608375,90.0,68.39333605924944,88.66994265487587,4.5399443786194436,614.2107332422545,11.34840272712465,2.6396618544732955,400.3145290953617,721.8656119854551,49.74002194510723,0,NORMAL
2026-01-01 23:28:00,1495.018262026809,90.0,69.88730896245974,88.62702264147732,4.6442199263371275,611.255995520011,10.027858110766015,2.922725472247509,400.68631290100717,712.6066320184485,49.88820318074338,0,NORMAL
2026-01-01 23:29:00,1493.2112124652626,90.0,69.03474123353902,87.82979040919786,4.65577528835995,613.377514600415,4.191378019778705,2.783471376295565,400.6506214140228,708.8516167963501,49.775634840614636,0,NORMAL
2026-01-01 23:30:00,1493.0172167464668,90.0,67.2028563323709,87.62766248793832,4.673219981162006,607.1651187165412,9.45308797022254,3.2159437560174013,397.34215497663035,716.4026380783104,49.743057626343685,0,NORMAL
2026-01-01 23:31:00,1491.1393813600907,90.0,70.74705914455352,88.5027933104336,4.851221719961685,606.1740271385648,11.87762808378946,2.8506281656654755,400.9553052375931,716.8744628965318,49.69230982413064,0,NORMAL
2026-01-01 23:32:00,1489.0318866701514,90.0,68.46998924122003,88.27312194119418,4.719649806369433,622.7576538528273,11.051478235453558,2.8399192082962452,398.99347773150635,724.7157960050008,49.625975236736934,0,NORMAL
2026-01-01 23:33:00,1491.583063578919,90.0,68.59724271009358,88.45528157037826,4.68817088011082,604.167983168154,3.2732392860368646,2.620820307852596,398.35624125549407,719.9556453385521,49.749617739578675,0,NORMAL
2026-01-01 23:34:00,1494.4132163097279,90.0,69.25578425232636,89.03270781510155,4.831584837920028,611.8088191030209,10.43757369197143,2.9838434026159537,398.3433222582175,725.6684424904926,49.88250444036976,0,NORMAL
2026-01-01 23:35:00,1488.9456642868206,90.0,69.62507679700407,88.61247207526844,4.777285333013002,625.1534278627099,10.150867992952895,2.6651555436106333,400.6503124157088,713.3758347214869,49.649506185278334,0,NORMAL
2026-01-01 23:36:00,1489.8898212636466,90.0,70.96110429129146,88.8792612703823,4.5483169487946995,611.472992049964,6.769884725307211,2.988487382576143,399.6661376091627,724.8263219219023,49.72234792605864,0,NORMAL
2026-01-01 23:37:00,1492.252535472468,90.0,67.3399318505943,88.72266408108771,4.663884354461455,623.2874045368558,6.477892164026835,3.0160183452996003,397.4770468240219,723.6049457671546,49.69351169553411,0,NORMAL
2026-01-01 23:38:00,1490.0306904303054,90.0,69.82595220892594,88.34183290338001,4.765359550645795,609.0895427927315,8.833661143645886,2.750064977605127,400.7170567227884,709.908829442844,49.64695815556948,0,NORMAL
2026-01-01 23:39:00,1490.4149531057697,90.0,69.74300969405007,87.9990984164034,4.646629018270729,604.4883639364981,12.651088225736531,3.0913159862035426,397.8405878038018,726.6130892063038,49.64428331014861,0,NORMAL
2026-01-01 23:40:00,1491.1528028365437,90.0,68.86283508912588,88.63235893405667,4.93030830016098,599.0517414509918,4.732591906764762,2.8450249121417523,400.2097320377773,720.4672924588317,49.72081565742853,0,NORMAL
2026-01-01 23:41:00,1489.2687651916197,90.0,69.78727369481622,88.54194630967298,4.740448950171799,628.1272406927266,5.536270529706711,2.6057512608191558,400.3577483885096,721.9602225193426,49.624344253795016,0,NORMAL
2026-01-01 23:42:00,1490.0517563075673,90.0,69.93427401763655,88.9575781687523,4.645510802667202,603.6312881836559,11.515734952517736,3.2090574680627384,401.32836562254255,715.6755194378579,49.70488052377062,0,NORMAL
2026-01-01 23:43:00,1493.4068558335746,90.0,67.61803721501299,88.42454996513868,4.619214636363621,622.4718659012509,5.964242914365302,2.715305885185136,402.6725271797003,726.3762350646099,49.733678442204194,0,NORMAL
2026-01-01 23:44:00,1489.3852604355382,90.0,70.74976650588083,88.35132922744216,4.825726174254727,605.0005297320662,11.696106498777489,3.0014141082532957,397.95298551114917,714.0707383538056,49.64832689651733,0,NORMAL
2026-01-01 23:45:00,1488.8042557310102,90.0,67.44123774686186,88.38525030810914,4.667508800138421,628.1738391793982,8.90161891004592,2.985158894809449,399.9212892159054,724.1604600918697,49.66115141991762,0,NORMAL
2026-01-01 23:46:00,1490.7399500409322,90.0,67.86468371876123,88.04063668249721,4.7771796841792264,637.067827246151,8.58646550514367,2.977836934784869,399.58549705743366,724.1030373795434,49.58806652927905,0,NORMAL
2026-01-01 23:47:00,1493.4639110050198,90.0,68.7382123263759,89.22345497241015,4.600378964864354,598.1346994030966,7.238061463657694,2.974372383186027,400.6506245289414,715.1291628591389,49.8882119322005,0,NORMAL
2026-01-01 23:48:00,1491.6061563840062,90.0,70.92494051318705,89.06981437730781,4.725623491606295,604.1524356584118,10.669417115290829,2.7059624726879994,400.3235031564004,729.9168679971128,49.70604761855621,0,NORMAL
2026-01-01 23:49:00,1491.0708378437687,90.0,68.69174337024661,87.89348508552091,4.6785417085012355,622.7313186380322,10.306836510279682,3.238269920300544,399.47118063589505,721.1576424010876,49.60110926577514,0,NORMAL
2026-01-01 23:50:00,1492.0887175950313,90.0,68.96806610994919,88.9019740709862,4.69042107723277,620.1304292336581,10.256374030457389,3.0912498300401277,399.3386467170837,723.2694630513552,49.74419528142988,0,NORMAL
2026-01-01 23:51:00,1488.5085851342808,90.0,70.43207860390456,87.57749746803374,4.668821970600779,622.7692185476019,10.683467798376132,2.99501134625008,398.3253237172239,712.3643960233212,49.61862501120802,0,NORMAL
2026-01-01 23:52:00,1492.98941130755,90.0,68.69968185743453,88.99264461655544,4.822709735449719,609.2624444959563,6.172413574555107,2.6334047528968743,401.4817923736098,730.5886500150428,49.76221899127304,0,NORMAL
2026-01-01 23:53:00,1492.7668700628074,90.0,67.82156328706932,88.1518247744461,4.687863106998645,634.8753416102337,7.515690083423643,2.7043264248689134,400.6888062723993,713.8772152988746,49.80845522440658,0,NORMAL
2026-01-01 23:54:00,1491.1813830518086,90.0,68.58276516476168,88.67995027883906,4.712055274931249,616.1804946668977,8.094571394439239,3.0314913253378326,401.3766522966927,725.1244321638296,49.743418350298306,0,NORMAL
2026-01-01 23:55:00,1494.0118490235927,90.0,70.37079183380578,87.53524515522909,4.739780868815544,602.8303742315647,9.837235939180465,2.4992631776606364,399.5344057952867,715.0261414103416,49.815288777004284,0,NORMAL
2026-01-01 23:56:00,1489.7450078020938,90.0,69.07086499705514,87.90064788416096,4.903214054480144,612.4685149995705,11.88265003520967,2.967740771988074,399.0147467969584,716.9050559857616,49.6806747084338,0,NORMAL
2026-01-01 23:57:00,1494.255817986507,90.0,70.93065825905626,88.73435148362464,4.8143438290666465,602.9643310377116,6.693008830552767,2.633764640522876,398.3825274000562,723.9437702194273,49.80330934374499,0,NORMAL
2026-01-01 23:58:00,1492.3089873311906,90.0,69.73793492626216,88.14954590830854,4.816077157661625,630.9094135855411,8.98473672076701,2.7263936444980774,400.538376375611,725.1377635683758,49.83240745350169,0,NORMAL
2026-01-01 23:59:00,1491.3268948202438,90.0,68.35519106360651,88.08001856481383,4.5806109664010926,608.3966873719988,11.6992932120344,2.617786478466481,398.44031016320764,713.6435787544295,49.636936693090234,0,NORMAL
2026-01-02 00:00:00,1491.9602527292634,90.0,69.05107630446508,89.19793084872597,4.650402144265226,619.9248348474463,6.726192401314828,2.9492212831564606,402.77299460344983,725.4523608452849,49.738991008019575,1,COMBUSTION_IMBALANCE
2026-01-02 00:01:00,1491.7854704683782,90.0,68.16949747581873,89.60547960563636,4.826752279470165,610.2932685501783,13.026862674570685,3.1357722903668597,398.03853612835985,725.224902475666,49.72943358050538,1,COMBUSTION_IMBALANCE
2026-01-02 00:02:00,1494.4405657928355,90.0,68.37712134733079,88.96850696840967,4.603536779089642,608.8461269023749,8.497933349418119,2.994603504762537,400.41049017881875,715.3102329557755,49.855349546731084,1,COMBUSTION_IMBALANCE
2026-01-02 00:03:00,1489.846641745058,90.0,73.55256333527677,87.9540597141324,4.749320160529525,595.8974581871895,11.509483833993897,3.0290666097844494,402.3502820608207,727.9932379679556,49.61936203096402,1,COMBUSTION_IMBALANCE
2026-01-02 00:04:00,1490.4749615217067,90.0,70.1119826760472,89.38175966640878,4.605838656245745,620.9817460299057,5.941917436395418,2.9835917792309763,400.8986346388957,712.7157118587598,49.5953150872704,1,COMBUSTION_IMBALANCE
2026-01-02 00:05:00,1494.072605784145,90.0,69.9775331523217,87.71928387017574,4.649123597055545,627.9918125262918,9.975845377295993,3.099038702174128,400.2635105687377,716.876137086112,49.81026134360974,1,COMBUSTION_IMBALANCE
2026-01-02 00:06:00,1490.8089301296322,90.0,68.51357332406133,88.34775427296226,4.9011234798271754,605.8403241863485,6.545618785205655,3.068417122850003,398.54727452955717,722.3950131204599,49.70769252893201,1,COMBUSTION_IMBALANCE
2026-01-02 00:07:00,1493.8010661546632,90.0,70.7342464291024,88.52738888349361,4.801379286487767,599.5477088500132,12.625224561009937,2.4444803612005637,397.92734621714845,715.732168576487,49.867848842294485,1,COMBUSTION_IMBALANCE
2026-01-02 00:08:00,1495.3988719660174,90.0,70.28634737673104,89.46201892191931,4.809073644341073,623.0331604273783,11.529471979157565,3.181261347532329,401.15507516337635,721.3190954283967,49.78311096321766,1,COMBUSTION_IMBALANCE
2026-01-02 00:09:00,1491.1964099461168,90.0,71.09426615322583,88.95632956877579,4.7992475566408626,598.5375865089375,5.6752259076245455,3.17273039239218,402.2592208611624,721.2053803940165,49.764281686539725,1,COMBUSTION_IMBALANCE
2026-01-02 00:10:00,1493.3627246531505,90.0,71.06922452889312,88.26812115260017,4.720708740725046,627.1953293594826,12.42527477392625,2.9525374338683186,399.34172501428276,719.0646286503865,49.89712820663971,1,COMBUSTION_IMBALANCE
2026-01-02 00:11:00,1489.6926154373202,90.0,67.76848738451278,88.02752186461005,4.67028989191741,605.9560487704538,12.520607812554005,2.6426586544534616,398.29140773857546,724.1620026929528,49.63753227020122,1,COMBUSTION_IMBALANCE
2026-01-02 00:12:00,1493.5094665961356,90.0,68.16172115277301,89.00109632690156,4.67976904752022,603.9670725717538,11.487096027464668,3.0984948051268812,396.31274585417646,718.8581960367118,49.719101775563196,1,COMBUSTION_IMBALANCE
2026-01-02 00:13:00,1492.3988479719735,90.0,68.29086243733602,88.23332052138976,4.71615094413353,617.484624211313,6.083357585078738,3.1278321608272996,398.5288527345062,721.157705344069,49.72627954741378,1,COMBUSTION_IMBALANCE
2026-01-02 00:14:00,1492.9460765643205,90.0,68.373654300332,88.60837004393241,4.905461206054143,604.6186071498856,8.773937763367886,2.9869033034878307,399.82951473625144,725.7323593874395,49.76556946717925,1,COMBUSTION_IMBALANCE
2026-01-02 00:15:00,1490.7088558559292,90.0,69.67006962608168,87.81511175537037,4.61006212178964,607.9288891870679,10.364377103163998,3.124839944869338,402.3986848612551,723.9534310501292,49.71848458894799,1,COMBUSTION_IMBALANCE
2026-01-02 00:16:00,1488.6778331688656,90.0,68.79817359615969,88.78462892761203,4.66894127658588,618.53981932671,7.76034260574342,3.3143680515940743,401.0097005383495,723.930086454071,49.59302470247029,1,COMBUSTION_IMBALANCE
2026-01-02 00:17:00,1493.006504129499,90.0,71.47534326582684,88.74434757287366,4.633816711911988,590.7088766283335,11.636230383243243,3.5920043436590334,400.45762810706015,714.2541019889161,49.84464339769067,1,COMBUSTION_IMBALANCE
2026-01-02 00:18:00,1487.873193695041,90.0,71.33010796137413,87.87918996917084,4.848078520368631,631.4241924592832,9.738252795536958,3.154380734583173,399.3998205080483,722.6239628775066,49.54004650741763,1,COMBUSTION_IMBALANCE
2026-01-02 00:19:00,1491.365299015515,90.0,69.43049748249179,89.01581155643575,4.9050625948051945,615.4364013246574,7.513957291554236,3.204282736270648,399.1252514241161,715.6075060451525,49.62521637624186,1,COMBUSTION_IMBALANCE
2026-01-02 00:20:00,1493.8823637328398,90.0,71.42836172425744,88.77737290412132,4.755331177900213,602.0703398759647,9.89375016397727,2.985242224962921,402.10847139626196,713.5929251011098,49.85141431230903,1,COMBUSTION_IMBALANCE
2026-01-02 00:21:00,1492.383795471746,90.0,70.98155156963088,88.87001212638998,4.7617013409565585,604.8275463071316,14.339054143785065,3.0622215908046844,400.30110781113757,719.6414682685752,49.63239546416456,1,COMBUSTION_IMBALANCE
2026-01-02 00:22:00,1495.8966852895796,90.0,69.05198825938878,88.31066065362486,4.742918879231697,624.916463782608,10.773263952151177,3.147791473925704,396.84609896211845,715.478524066742,49.853016354542355,1,COMBUSTION_IMBALANCE
2026-01-02 00:23:00,1494.0502183051635,90.0,67.50438067167025,88.58947820564315,4.771958334815249,621.0105293507411,8.914474638476607,3.4230436070781196,398.98969052815414,723.9530885941999,49.95755799996585,1,COMBUSTION_IMBALANCE
2026-01-02 00:24:00,1490.6922032233488,90.0,69.3322878679596,88.5316894344326,4.806681727547111,628.8678065728521,11.493307417851659,3.3637915512056114,398.7126759523426,724.0726772984766,49.68913792979696,1,COMBUSTION_IMBALANCE
2026-01-02 00:25:00,1492.0546267597028,90.0,68.9250060178292,88.42591479762281,4.774045755336226,608.1725715519576,12.672175873948817,3.5983706688015924,399.1806039862338,710.4868688178428,49.67911584278861,1,COMBUSTION_IMBALANCE
2026-01-02 00:26:00,1491.9052585949112,90.0,69.80629534056376,88.58525163908286,4.778178400046172,617.9658383715081,13.414655888040436,2.9269547648679577,400.8443659904276,715.8584873021156,49.7273054133077,1,COMBUSTION_IMBALANCE
2026-01-02 00:27:00,1488.8356464733076,90.0,69.7110313414566,89.12822148689813,4.7949770066114255,619.2656791178367,13.262168614120824,2.972753005870205,399.83883267730863,712.70106664041,49.62531484301261,1,COMBUSTION_IMBALANCE
2026-01-02 00:28:00,1490.1192021670313,90.0,69.70760582371562,89.0374753193519,4.541422683487455,621.9526750025224,8.203183332557263,3.4704165870471866,399.8847018894945,717.6868536170356,49.678672569252036,1,COMBUSTION_IMBALANCE
2026-01-02 00:29:00,1490.8784781860402,90.0,70.1957470272125,87.9090696612655,4.742019499789262,626.2728112343207,9.5309451177751,3.5522720752628976,401.97020974198784,722.2758783493441,49.72906242197599,1,COMBUSTION_IMBALANCE
2026-01-02 00:30:00,1487.9275589942881,90.0,68.4653528334455,88.9927009084534,4.750666886039383,607.8273609415565,13.602319349361515,3.2816256243341866,398.95530836532,718.788559509108,49.54562974139122,1,COMBUSTION_IMBALANCE
2026-01-02 00:31:00,1492.0949869365033,90.0,70.12861100043793,89.09557168637394,4.7597033843244505,613.8582973223952,15.924187980682659,2.3943792272942246,402.79629928883105,717.0512037966644,49.820876967311946,1,COMBUSTION_IMBALANCE
2026-01-02 00:32:00,1491.501856310694,90.0,69.29169460801748,88.42441116332374,4.714423150555129,608.8985025441985,14.065646382698368,3.15129416762025,398.9930386129434,726.5008826340656,49.72898425790843,1,COMBUSTION_IMBALANCE
2026-01-02 00:33:00,1488.6542121973769,90.0,69.96118200406218,88.75422355189882,4.740990678941739,614.4738812664363,9.020034950976498,3.379598730429878,400.13379729491885,708.4757141370186,49.65814677556599,1,COMBUSTION_IMBALANCE
2026-01-02 00:34:00,1492.8084257305547,90.0,70.75026049014483,88.74700083365144,4.6530693428588945,621.9843278206298,13.32600663916768,3.1451174026844533,399.57819460689586,726.1843594675911,49.72887338769738,1,COMBUSTION_IMBALANCE
2026-01-02 00:35:00,1493.431745489382,90.0,68.56631556275806,88.07501669166278,4.561015192596971,598.459644997393,9.865885739378829,3.374525231387543,400.1851287002514,717.2785585342226,49.84537728982918,1,COMBUSTION_IMBALANCE
2026-01-02 00:36:00,1492.4540689577298,90.0,69.5433308234984,88.30902185623576,4.832133273005851,626.0937156945929,13.401918666976144,3.7297110897743955,400.6668879926097,719.6094549494361,49.735616344817004,1,COMBUSTION_IMBALANCE
2026-01-02 00:37:00,1491.3518636495821,90.0,69.73100384375145,88.87540511942574,4.609054737279535,603.6081787573625,8.4171542285174,3.647726563919,400.6507528601333,717.3631833113994,49.72560641399408,1,COMBUSTION_IMBALANCE
2026-01-02 00:38:00,1493.1828843035037,90.0,69.35321695478946,88.2520888815842,4.718912836056941,611.9262968030276,12.268375389765968,3.5367784490740277,398.8703240040691,727.7144405276956,49.726107506257435,1,COMBUSTION_IMBALANCE
2026-01-02 00:39:00,1493.3604407209534,90.0,70.80852727958268,88.98774977963109,4.645332041117177,627.4394192496612,12.420705242492346,3.374610144232369,398.3156279838286,713.8451075159737,49.72883477604501,1,COMBUSTION_IMBALANCE
2026-01-02 00:40:00,1492.6148071394393,90.0,69.19000646308218,89.1524862204248,4.875651203579112,618.280097179834,12.024474046731525,3.3010663884199216,403.7547576863586,720.0586818486097,49.78823716997062,1,COMBUSTION_IMBALANCE
2026-01-02 00:41:00,1490.3507754991306,90.0,69.38000912843195,89.07183592099017,4.7105988101293255,618.3952994826366,10.71109573076955,3.5640502630554947,399.2740234905992,722.6371932593,49.65617884179398,1,COMBUSTION_IMBALANCE
2026-01-02 00:42:00,1492.5532015310223,90.0,69.2461419991866,89.48990230158466,4.6791563076801,603.1937395470488,13.098060415366856,3.4300789305000454,401.048818658008,711.9449861605742,49.70908222999219,1,COMBUSTION_IMBALANCE
2026-01-02 00:43:00,1494.390961301651,90.0,71.09670820566943,88.45463385885438,4.805693909695511,604.5591406417616,15.772424923137761,3.449440887874474,397.5885380342152,715.4005091477692,49.78087287628701,1,COMBUSTION_IMBALANCE
2026-01-02 00:44:00,1490.8067418827766,90.0,69.51233337393907,88.58860053698446,4.943875406021129,624.4125639666892,12.387190616642586,3.1397568774237943,399.580580920143,719.2591073325088,49.72850571634509,1,COMBUSTION_IMBALANCE
2026-01-02 00:45:00,1496.1958786782648,90.0,70.5019460717468,88.66033152388125,4.767362322228184,609.1085645451561,13.406008053920463,3.3195939235548213,399.80920092402636,715.5666748265782,49.84174406288198,1,COMBUSTION_IMBALANCE
2026-01-02 00:46:00,1490.9487381320291,90.0,72.06399924611561,88.46980103750455,4.692862033086725,610.0508812670015,12.324209034094398,3.625372093463363,400.70922260489175,715.9220411439043,49.69240852448753,1,COMBUSTION_IMBALANCE
2026-01-02 00:47:00,1492.0648140266803,90.0,70.00500942439726,88.77108948705074,4.794237608394455,624.6395125105471,14.593584484778233,3.2672866318502822,395.9163187885121,718.2506866846178,49.7362451884037,1,COMBUSTION_IMBALANCE
2026-01-02 00:48:00,1490.6550288079873,90.0,71.23385365091369,87.64439798549394,4.589844133431964,604.5008645463047,13.903611095619375,3.5531414197204914,400.2492109196175,723.2479066582308,49.59263351596572,1,COMBUSTION_IMBALANCE
2026-01-02 00:49:00,1492.4465416718406,90.0,71.82565286746664,88.60245269434618,4.732593872119517,617.6923513288626,13.916761531036624,3.5950007189728277,398.2753878169482,718.2864111156093,49.67466173545934,1,COMBUSTION_IMBALANCE
2026-01-02 00:50:00,1488.5155566147293,90.0,71.19431141937442,87.81128167505848,4.943170131994472,615.4290732616769,17.52201180363256,3.619177563150804,400.48651856679237,725.3921309723647,49.63399911495336,1,COMBUSTION_IMBALANCE
2026-01-02 00:51:00,1490.9079164023665,90.0,70.15591306165062,88.01868836119614,4.755400972444654,614.9731427413676,15.792946405786003,3.649552843271538,398.44550620474274,715.0112110867033,49.660079078687914,1,COMBUSTION_IMBALANCE
2026-01-02 00:52:00,1489.815757599303,90.0,70.84923762682126,88.86644490551488,4.733448867505467,609.815643681225,17.304146411466064,3.675545210628013,398.71677595611163,713.7403886976327,49.71336149887412,1,COMBUSTION_IMBALANCE
2026-01-02 00:53:00,1492.2706766957847,90.0,68.90887771838594,88.40044188077542,4.734054816420242,609.2014481853668,14.080411355546767,3.4377413815914943,399.5895585844101,729.6317270286057,49.79069624507201,1,COMBUSTION_IMBALANCE
2026-01-02 00:54:00,1493.9888947510178,90.0,69.44791606500335,88.84880723735783,4.683476227210223,604.2163583620513,15.21774015356804,3.281469087267765,398.4215057955952,716.7102093616725,49.8355882583517,1,COMBUSTION_IMBALANCE
2026-01-02 00:55:00,1493.2920123742292,90.0,69.64923910670483,88.38961169819936,4.7636568332725,619.8266502604131,16.026970373853278,3.41279291752333,399.286698329897,713.4454399646391,49.86738900183994,1,COMBUSTION_IMBALANCE
2026-01-02 00:56:00,1487.2566812782823,90.0,72.57043687975086,89.0532031581955,4.79646323800212,608.3185080848326,12.689321479813591,3.7459842393809826,398.209936347185,711.2897302911408,49.57106824288892,1,COMBUSTION_IMBALANCE
2026-01-02 00:57:00,1496.0841393058558,90.0,69.48297637997388,88.38045964718928,4.699208801807137,624.6874462116725,13.746449283217085,3.372330681240861,397.2502443224519,725.3755172690447,49.90191540649039,1,COMBUSTION_IMBALANCE
2026-01-02 00:58:00,1492.5905598812417,90.0,69.49052536488045,87.52254075521837,4.50047401106555,612.7544495840934,17.407984304454455,3.416877864023099,401.52693557864404,718.2934774266997,49.72379861387826,1,COMBUSTION_IMBALANCE
2026-01-02 00:59:00,1490.447001719014,90.0,69.29254857380613,88.61269629100556,4.774307824707764,604.4154951057897,12.51672775264402,3.4282711998484654,398.0559269607641,718.731451324668,49.80418521961057,1,COMBUSTION_IMBALANCE
2026-01-02 01:00:00,1492.3142558379818,90.0,70.95100799716937,87.41557007714866,4.965001206109037,612.6218611785158,15.873313779240288,3.280805109051348,399.731978668588,719.2039914420668,49.84299021055453,1,COMBUSTION_IMBALANCE
2026-01-02 01:01:00,1492.3523796450054,90.0,70.54852136098648,87.77363954873373,4.706901068219713,610.8914280086352,16.968622739944223,3.4330991267736404,401.12933662224066,725.064714423349,49.745673343226066,1,COMBUSTION_IMBALANCE
2026-01-02 01:02:00,1490.6663025660969,90.0,71.53521866255177,88.05852673550065,4.5917131270143265,625.0910341172805,19.962547551655746,3.8750793826647336,399.07758384622593,719.1023508301204,49.70820606369849,1,COMBUSTION_IMBALANCE
2026-01-02 01:03:00,1492.395833334684,90.0,71.13435611906498,87.99614526111483,4.807818393250951,611.3099981074847,18.759397141337804,3.544147069456888,398.7622511503817,731.7202688941632,49.81449265779104,1,COMBUSTION_IMBALANCE
2026-01-02 01:04:00,1490.7850554247593,90.0,69.06216183654583,88.22747459779178,4.909833734462564,612.2378961879967,14.483536219544032,3.3502123686891307,400.33935713300116,720.6688028702712,49.68547820558461,1,COMBUSTION_IMBALANCE
2026-01-02 01:05:00,1491.19127601462,90.0,69.6702312116394,87.97896608823437,4.793358035206836,629.1154670549244,15.860190398811351,3.6101712290170833,401.67690073409074,725.3089238347916,49.67354466361401,1,COMBUSTION_IMBALANCE
2026-01-02 01:06:00,1490.6274417284899,90.0,71.91336598073788,87.79702366820709,4.916529532052509,620.0826732146335,12.230931475213525,3.827109443178733,398.2460271023703,724.0261992895221,49.7312808785,1,COMBUSTION_IMBALANCE
2026-01-02 01:07:00,1489.1346574205206,90.0,70.33316142796099,89.27091787242031,4.793948497114165,631.627060160035,13.938247733101733,3.371345447023267,399.7747782519738,719.8177633987098,49.641743876321534,1,COMBUSTION_IMBALANCE
2026-01-02 01:08:00,1492.2916729404308,90.0,71.77851056589307,88.16092772680398,4.80746654403169,627.5904500406391,18.55857335537641,3.9406620619532022,397.401258107549,717.0651450698977,49.75220548716329,1,COMBUSTION_IMBALANCE
2026-01-02 01:09:00,1493.1705988730328,90.0,70.43387639028263,87.38461617342622,4.700507608257264,606.1283741163714,12.885158601491934,3.4743038369281845,399.41019849447673,721.6598196428328,49.730639728614356,1,COMBUSTION_IMBALANCE
2026-01-02 01:10:00,1493.0297671921528,90.0,69.61976492171809,88.3195408134953,4.7621498728054155,624.899508544001,14.171547769701665,3.6959032722026626,400.05130702680714,722.5504936560363,49.68177529898693,1,COMBUSTION_IMBALANCE
2026-01-02 01:11:00,1493.6398505052705,90.0,70.32256205059518,87.93763447098615,4.738300214908499,630.2530329207459,21.525437404785833,3.705846978000876,398.7180630373674,717.1370697593674,49.79980213733631,1,COMBUSTION_IMBALANCE
2026-01-02 01:12:00,1492.6486804200297,90.0,69.66471700935712,88.05751618635352,4.732476104216264,630.3281313232342,19.991170088300997,3.6877119786488946,399.3145122492622,720.8316943297533,49.8002041160757,1,COMBUSTION_IMBALANCE
2026-01-02 01:13:00,1490.9345490035662,90.0,70.09968545371245,88.85517124067617,4.69751006239137,624.8809598357668,19.145957260338864,3.7995396603036955,397.8876598475388,726.181024891298,49.686527962665075,1,COMBUSTION_IMBALANCE
2026-01-02 01:14:00,1493.6793277288623,90.0,70.90788187399384,88.27592119060732,4.757042922933709,624.6752299490918,22.57347689101966,3.9807120707953394,400.11561791707226,730.3497386953484,49.86113240027335,1,COMBUSTION_IMBALANCE
2026-01-02 01:15:00,1489.284964920316,90.0,71.24939521762823,87.92370169939099,4.611891467598507,611.9733895632445,17.973990087363447,3.829339683739358,401.58354137332475,724.2718466017471,49.607636347739756,1,COMBUSTION_IMBALANCE
2026-01-02 01:16:00,1490.1986572349751,90.0,69.11752382988993,88.72312675497855,4.806709304828587,606.6261791565042,16.319714789289467,3.728865267981347,398.3542841953443,729.3137984319014,49.62055335175088,1,COMBUSTION_IMBALANCE
2026-01-02 01:17:00,1490.0715998571536,90.0,70.75318621363151,89.07497041530448,4.630726062415891,611.4778268110255,18.129463202617202,3.953969736952179,399.0659923501714,716.8531289439677,49.66569181321198,1,COMBUSTION_IMBALANCE
2026-01-02 01:18:00,1494.1601121182787,90.0,70.1921322553157,88.76843608131985,4.699604155873132,598.3521099856723,18.644754468529065,3.9164527457245013,400.75381936968125,723.5094112602965,49.801207441841726,1,COMBUSTION_IMBALANCE
2026-01-02 01:19:00,1493.88557702828,90.0,70.1515102677386,87.27322221417472,4.787591545020022,628.4279531542171,17.162014765163466,3.7535992880146347,401.8181360789841,726.6925975429064,49.83468433750943,1,COMBUSTION_IMBALANCE
2026-01-02 01:20:00,1492.97461047409,90.0,70.97622287564329,87.94250524880142,4.64842255318442,612.1670704058229,18.96603780579198,3.908460284416873,397.7602152816866,715.51833333514,49.72707220793313,1,COMBUSTION_IMBALANCE
2026-01-02 01:21:00,1494.1438597304236,90.0,70.29768592674817,88.52372426531804,4.532879208463114,627.9133072906496,18.46943488417846,3.762031499358482,399.7468228938761,717.5720494397749,49.873200036188194,1,COMBUSTION_IMBALANCE
2026-01-02 01:22:00,1490.241434435176,90.0,72.30591643337249,88.37785029736793,4.694138326282891,602.685004227784,16.007639064142445,3.751852254320611,400.42469623347927,728.6895238091763,49.77306032929794,1,COMBUSTION_IMBALANCE
2026-01-02 01:23:00,1492.697190239722,90.0,72.12993158816067,88.33636242303034,4.590163002281023,625.8262492100221,15.107773787517463,4.098660242829981,399.84691541405675,715.1245057210652,49.75461580664231,1,COMBUSTION_IMBALANCE
2026-01-02 01:24:00,1491.7496511432337,90.0,72.14691948617241,88.00862165357951,4.8110586601954575,610.0511934182068,19.044395700008014,4.039391761313831,396.28481189968437,713.2943498367215,49.787473892450336,1,COMBUSTION_IMBALANCE
2026-01-02 01:25:00,1493.6937642077698,90.0,70.4460673489708,87.79720795846121,4.628705483576564,602.1563059169083,22.14855978785176,4.116575927047309,400.75163501396315,727.6399078681976,49.73696728672773,1,COMBUSTION_IMBALANCE
2026-01-02 01:26:00,1491.7695515348955,90.0,69.98790953181299,89.50389085890644,4.858437739192787,631.2711805215976,20.954054444609497,4.102025700230302,402.27900452663596,725.9838161249022,49.77941279488894,1,COMBUSTION_IMBALANCE
2026-01-02 01:27:00,1491.2301142231797,90.0,71.08540879734036,88.51355547656938,4.72914960154509,626.0731166934078,18.63210447159821,3.8100561481891893,400.17499262675426,722.1606012199188,49.76003429453396,1,COMBUSTION_IMBALANCE
2026-01-02 01:28:00,1493.081817037122,90.0,70.86924141496934,88.82106089443364,4.7294962015707505,617.1179242018578,20.237162213896553,4.200256386013359,398.4533409200586,719.7714462267709,49.812565765246895,1,COMBUSTION_IMBALANCE
2026-01-02 01:29:00,1493.7523383343826,90.0,70.42011508375808,88.50312558679184,4.5318743554096965,615.3393788513496,21.765295652353316,3.9529785779436155,399.2303091304536,717.8073774719751,49.79096645670257,1,COMBUSTION_IMBALANCE
2026-01-02 01:30:00,1490.6633096103064,90.0,69.85899351993302,88.52317434931892,4.7440227758986735,619.3951001881912,21.787697055577716,4.210843564653443,402.65486960148337,721.4097443690453,49.54106453994811,1,COMBUSTION_IMBALANCE
2026-01-02 01:31:00,1491.8778486572953,90.0,71.0502226523308,88.46894830009529,4.7226030423107686,616.9462857791741,20.246321382299804,4.012476678005741,401.36494381129086,727.8990347870077,49.697175264727235,1,COMBUSTION_IMBALANCE
2026-01-02 01:32:00,1489.8831187327166,90.0,70.69953908660644,87.93977707046271,4.611295555098199,607.0772404582852,22.174409781169857,4.112632617575864,400.9600399275765,721.1928306307104,49.631474823539655,1,COMBUSTION_IMBALANCE
2026-01-02 01:33:00,1487.0038779650142,90.0,71.84868579518619,87.74275527098281,4.753871728460025,610.8794773021508,23.24663227676937,4.131145585789404,400.5346188753016,730.8347963362348,49.51788318526412,1,COMBUSTION_IMBALANCE
2026-01-02 01:34:00,1492.4009192628275,90.0,71.84794604113583,88.69311268687242,4.686345445181809,634.607178320387,23.20536670200248,4.237640077056878,399.00829433171356,715.5102900717989,49.75280945898827,1,COMBUSTION_IMBALANCE
2026-01-02 01:35:00,1493.2178107125092,90.0,72.32065846592776,88.59392120363552,4.706442794137754,641.7215674262801,22.132733408013195,3.7605907757982258,399.69914322901633,719.9015962283587,49.75297885147424,1,COMBUSTION_IMBALANCE
2026-01-02 01:36:00,1492.5241336181734,90.0,69.9084069904598,88.96914044922978,4.723205367234809,630.6266850523068,22.678467342173747,3.784720457458114,399.88311589648225,718.1347066616804,49.70957385345087,1,COMBUSTION_IMBALANCE
2026-01-02 01:37:00,1488.1008765644913,90.0,71.64502585964239,88.86768041332094,4.675500970417761,619.7822394016263,20.521008588659242,4.246842173020434,400.8243614740967,714.5742922841883,49.55042254473732,1,COMBUSTION_IMBALANCE
2026-01-02 01:38:00,1491.2983011398471,90.0,70.50277041402936,88.09574390362509,4.762730784622385,611.6225096729806,22.42816117600204,4.1962724929986726,402.26337834140037,719.2345813349517,49.67416772205397,1,COMBUSTION_IMBALANCE
2026-01-02 01:39:00,1487.5633044798979,90.0,70.01631212023214,89.06629565446086,4.710018538675686,607.0181410610303,23.47686753701775,3.9823712703622753,401.67750720518967,722.0866465083022,49.641518443255755,1,COMBUSTION_IMBALANCE
2026-01-02 01:40:00,1494.7394022153085,90.0,70.85711102181968,88.88251359757719,4.7696265748871145,607.6771758956979,24.445027703338745,4.222861781803348,397.87092346630595,722.6211508997601,49.791595487778906,1,COMBUSTION_IMBALANCE
2026-01-02 01:41:00,1489.8278908357638,90.0,72.42768471446581,88.84542078492859,4.6702241249042284,609.4673234131324,22.737127260372628,3.88090795797922,400.3359924533516,730.8522608947228,49.63518275920379,1,COMBUSTION_IMBALANCE
2026-01-02 01:42:00,1494.5108072189198,90.0,70.96102282240813,89.62466339598933,4.601014756786817,636.5116404142577,21.246730620466355,4.827857902173802,401.10514501775185,722.3223373486178,49.79419202654616,1,COMBUSTION_IMBALANCE
2026-01-02 01:43:00,1493.8917392873682,90.0,72.98820193661771,89.52197938125403,4.638673559531106,633.062822963826,19.540346531536507,4.449814277365588,400.92829049521697,725.750684018398,49.813340985269406,1,COMBUSTION_IMBALANCE
2026-01-02 01:44:00,1490.198819294928,90.0,71.95990630405836,88.84495688327738,4.86736653921963,622.4627838993539,20.066743821034176,4.324460535481574,399.0561493549189,720.3304712314949,49.69610645092402,1,COMBUSTION_IMBALANCE
2026-01-02 01:45:00,1489.7344300974646,90.0,71.0071163542551,88.7825986029187,4.8199446805623,605.3938682358718,24.65780318644244,4.227626074135497,404.3711638236525,728.390278002263,49.50558150962,1,COMBUSTION_IMBALANCE
2026-01-02 01:46:00,1492.7007404327726,90.0,72.63903680672777,89.04082759088477,4.840521361442216,623.9305592671103,19.95798292128694,4.101254391038941,398.0843731565033,731.9922464279404,49.80777310845047,1,COMBUSTION_IMBALANCE
2026-01-02 01:47:00,1490.311351925634,90.0,71.9222825903197,88.20802311516475,4.864110933513727,612.613829714894,22.825180980367158,3.975462752130825,398.3752173300009,722.6554256548798,49.74886346589999,1,COMBUSTION_IMBALANCE
2026-01-02 01:48:00,1492.2049692843163,90.0,70.51786847356921,88.21508537120441,4.689066486858592,593.4699056135588,24.251261550769883,4.227235474502115,400.35039262189235,715.036704922742,49.68765631594246,1,COMBUSTION_IMBALANCE
2026-01-02 01:49:00,1491.0343448183862,90.0,73.43333913133995,88.83671070354589,4.752846979469928,617.8710063740126,22.610708915363816,4.090547872860975,403.17520458244576,717.2559748861141,49.6525299150428,1,COMBUSTION_IMBALANCE
2026-01-02 01:50:00,1488.4376831710688,90.0,71.79899304659965,88.07176195543614,4.746148661176074,606.5808695916594,25.945033822678987,4.114711630269351,398.7457077239437,721.4096715160258,49.59207676964671,1,COMBUSTION_IMBALANCE
2026-01-02 01:51:00,1487.539063961751,90.0,71.57249165108894,88.79638474276156,4.7900261577039105,606.9194657090997,22.86788321757735,4.004148672045091,399.60125745152953,722.2824901762532,49.54683526441887,1,COMBUSTION_IMBALANCE
2026-01-02 01:52:00,1492.4533684969892,90.0,70.68852744375124,88.57841608326802,4.699514853811543,612.4959200643199,23.471277303032917,4.349932610386221,401.6159405095235,723.4921256719218,49.759641960263636,1,COMBUSTION_IMBALANCE
2026-01-02 01:53:00,1490.8768845073387,90.0,72.8229675423543,88.07190494770387,4.747859316755023,610.0167702705759,23.002688777855006,4.237101298835421,399.9732067676684,722.3009884061502,49.59856988592668,1,COMBUSTION_IMBALANCE
2026-01-02 01:54:00,1490.8938203661717,90.0,72.15893189360105,88.51293325514408,4.736968482659087,614.6574318089599,23.722461952284277,4.432014314965174,399.4980942182045,720.0349245812797,49.64056429847055,1,COMBUSTION_IMBALANCE
2026-01-02 01:55:00,1493.3917276781876,90.0,72.29835897720656,89.15254079606913,4.770175424070188,614.1766944998279,20.28303751184103,4.428919758730958,400.8484493528301,716.8190077939894,49.85668411594833,1,COMBUSTION_IMBALANCE
2026-01-02 01:56:00,1494.346884553265,90.0,71.14084411119123,88.54118522532684,4.794748017600623,596.2419090715237,21.560576301002595,4.395892926015932,400.4087769853444,722.0056913063212,49.76515182007477,1,COMBUSTION_IMBALANCE
2026-01-02 01:57:00,1491.4549105572764,90.0,72.55763049421456,88.54327382380892,4.7385016267578415,630.2027798888283,25.59559132585695,4.894388051610837,401.5456581784552,729.2749367874032,49.7773350991477,1,COMBUSTION_IMBALANCE
2026-01-02 01:58:00,1491.3188025861803,90.0,72.66167826158458,88.66449263945222,4.739109225617536,605.1662327705131,25.31488022162351,4.5397411027131085,401.93720333359806,725.0996430271388,49.72839366265219,1,COMBUSTION_IMBALANCE
2026-01-02 01:59:00,1493.0002860662278,90.0,71.04169355774722,88.72959426144574,4.747997916845955,605.4760161486953,24.875090977425035,4.13538679787002,400.46050459000804,722.673519748181,49.67621281647818,1,COMBUSTION_IMBALANCE
2026-01-02 02:00:00,1489.286128860601,90.0,70.28633025473177,88.33457976695934,4.897963546723117,611.714467482097,25.122220732418263,4.491747289584294,400.4375990880675,725.1478346191137,49.674637421780844,1,COMBUSTION_IMBALANCE
2026-01-02 02:01:00,1492.4463061094955,90.0,72.38782177273227,88.67513052398346,4.5534976103886375,613.9166515263071,23.28621810063062,4.401696251406302,400.3211664734292,718.1446798554957,49.74232683854021,1,COMBUSTION_IMBALANCE
2026-01-02 02:02:00,1493.1037719436442,90.0,70.16867027444363,87.97546482020456,4.643522737474128,629.5897981683183,25.254056431629785,4.156693885834707,400.73369583497396,717.4586742695834,49.74735237864232,1,COMBUSTION_IMBALANCE
2026-01-02 02:03:00,1493.3604604168352,90.0,71.98724842472912,88.10046447158298,4.805358670212934,617.694234520549,21.620849109079217,4.153173423984672,400.0827559568072,716.2610744781701,49.7909298685531,1,COMBUSTION_IMBALANCE
2026-01-02 02:04:00,1488.1264945949952,90.0,71.3862687642148,88.16442544596212,4.763689930964667,620.6646548410954,23.99438142865983,4.540640583455914,399.99908727651655,719.3735668861528,49.627948160778175,1,COMBUSTION_IMBALANCE
2026-01-02 02:05:00,1490.477289460382,90.0,73.14444292790513,88.73488134481698,4.7515773281187474,617.7453618758328,24.977306973371682,4.602009506975713,401.79494068124086,717.8899705164546,49.7179559064448,1,COMBUSTION_IMBALANCE
2026-01-02 02:06:00,1490.243473494353,90.0,71.48865666582057,88.58011641377807,4.795147221595775,617.3146158249878,25.18715305647512,4.265748560135094,402.27417427053257,726.0413737032607,49.73369509218917,1,COMBUSTION_IMBALANCE
2026-01-02 02:07:00,1492.1997739088183,90.0,73.07514752781863,88.43282021137796,4.7527428850848175,618.0972950308701,25.527862913527848,4.681533410638929,397.7386705830499,717.623382911589,49.760399259266194,1,COMBUSTION_IMBALANCE
2026-01-02 02:08:00,1492.9614891595359,90.0,71.40785095267748,88.84538499479257,4.667164052259227,595.6726585743106,27.90688322782725,4.556982879363057,400.01503172761085,715.9863914188754,49.69660126754521,1,COMBUSTION_IMBALANCE
2026-01-02 02:09:00,1494.993420814892,90.0,73.00999061827717,88.6894310413711,4.789092293183404,612.5008151516047,26.228413201472716,4.751671831388504,398.96695834983217,729.7128858941531,49.80943175428051,1,COMBUSTION_IMBALANCE
2026-01-02 02:10:00,1491.010069039264,90.0,74.13962301073641,88.35501161000849,4.7349884840997385,626.6226111057116,26.764702544213996,4.742924079667849,399.5335428002709,717.7431238445932,49.84748805140556,1,COMBUSTION_IMBALANCE
2026-01-02 02:11:00,1491.0048550033816,90.0,70.89831480325844,87.98238457859003,4.695594590539244,654.4233101080669,24.555327564145447,4.5058126169194015,400.60377431460296,720.7676422862518,49.73638638646514,1,COMBUSTION_IMBALANCE
2026-01-02 02:12:00,1494.2993440377575,90.0,72.34088529348708,88.09014559938655,4.8072331504700605,602.956910674605,27.31390111076536,4.877119946020419,401.0041575573137,722.2566141237171,49.92844249963249,1,COMBUSTION_IMBALANCE
2026-01-02 02:13:00,1492.5931538770606,90.0,74.92964510301542,87.76659526730349,4.80977148048213,619.2307996032436,23.978272335626986,4.337676781975906,399.831810334583,714.3165344053959,49.82287683334531,1,COMBUSTION_IMBALANCE
2026-01-02 02:14:00,1494.535303022376,90.0,72.1515631278379,88.57028477507534,4.750070953658573,609.2895342212565,21.753963601780743,5.053058900990139,397.1299894979158,726.1774188475154,49.82993353765699,1,COMBUSTION_IMBALANCE
2026-01-02 02:15:00,1492.5774560060197,90.0,72.16956874238997,88.06893060877309,4.910333303223994,635.4765190389685,25.26369861394307,4.4117428639028216,398.55243162913575,723.1855952020561,49.76765222035638,1,COMBUSTION_IMBALANCE
2026-01-02 02:16:00,1489.6857667625734,90.0,72.95224423296426,88.252338509008,4.867635903296869,601.4621723920852,25.91251290921035,4.590399453664464,401.34474950530023,727.7919200594039,49.65436322342527,1,COMBUSTION_IMBALANCE
2026-01-02 02:17:00,1489.3337432904443,90.0,72.19395689022176,88.4362046596855,4.83146162621167,621.2493949031588,28.25019363220091,4.4990623402774474,395.8893603669476,716.6038903139095,49.55756787888915,1,COMBUSTION_IMBALANCE
2026-01-02 02:18:00,1488.8969755018823,90.0,70.38824160967921,89.02199759566527,4.97619660536757,600.927889004958,26.728673229440155,4.549641802424052,401.781140727523,720.4956289623808,49.63080154601949,1,COMBUSTION_IMBALANCE
2026-01-02 02:19:00,1493.324103669517,90.0,73.38175002320648,88.96439529915834,4.706065753817062,611.8143333193917,29.44763856751242,5.222210732502792,400.7818449859668,720.196778774971,49.83800384994434,1,COMBUSTION_IMBALANCE
2026-01-02 02:20:00,1494.377193646174,90.0,70.12358066015442,88.47264576437294,4.684067051780932,614.6568666925019,29.065589587491964,4.557455862517784,401.97426412229504,721.3194424717501,49.78259112179807,1,COMBUSTION_IMBALANCE
2026-01-02 02:21:00,1495.6987242827727,90.0,71.80661914125815,89.13275174470007,4.803381275036334,625.6969168173961,23.98841622084058,4.832721674458584,399.7021462196786,712.7269262571142,49.87722179271218,1,COMBUSTION_IMBALANCE
2026-01-02 02:22:00,1493.6862106646465,90.0,73.53057723461671,87.49382574533949,4.7248600552937825,604.2283317384147,25.765986412287475,4.627919417742716,396.90789186396563,720.5541818934611,49.83211990778288,1,COMBUSTION_IMBALANCE
2026-01-02 02:23:00,1494.32567715507,90.0,71.91546238225858,89.43861027488319,4.712420566067118,621.6338304884739,26.671375576420754,4.87481008591755,400.64554396225975,712.8676804428812,49.76537188320338,1,COMBUSTION_IMBALANCE
2026-01-02 02:24:00,1490.8399673346926,90.0,71.58500607589731,88.84624985715222,4.624483006281925,615.1877772338795,25.453512231018152,4.591168096325801,401.9119796860575,721.7916703559846,49.6721004346059,1,COMBUSTION_IMBALANCE
2026-01-02 02:25:00,1489.6871683665122,90.0,73.25676166058295,88.55140164250989,4.7896379129211155,617.7279338628598,26.23193706020013,4.763726418731834,401.38708270827016,709.3567543774074,49.60534337102655,1,COMBUSTION_IMBALANCE
2026-01-02 02:26:00,1493.700158664835,90.0,71.46546429353967,88.0543201596239,4.591812872253761,624.5833271468514,28.612036685558497,4.850739660094549,399.00596277476797,710.7420658285471,49.748897008493365,1,COMBUSTION_IMBALANCE
2026-01-02 02:27:00,1492.835361504479,90.0,71.09888522014805,88.2809663169347,4.724736851545369,602.1744330699471,30.390218532152133,4.593137709332703,400.130141613194,724.0927435822,49.69679845263331,1,COMBUSTION_IMBALANCE
2026-01-02 02:28:00,1492.2148887486817,90.0,72.69205667754294,88.80467544778895,4.722370917292645,623.1059497314859,29.123332234743224,5.301545184845118,399.20074559683013,717.2658077240261,49.695473868553826,1,COMBUSTION_IMBALANCE
2026-01-02 02:29:00,1492.774742961266,90.0,72.2349915110996,88.81603969176564,4.680075321922704,609.3109514691057,27.006071809193525,4.898688208646759,398.77110030371597,715.0607096318388,49.83013088274876,1,COMBUSTION_IMBALANCE
2026-01-02 02:30:00,1492.6463709649165,90.0,71.14414323010172,88.83419668529532,4.547594590427943,625.9587345497682,27.524479861311562,4.729805809096525,401.4330828567698,726.3542281053777,49.70910518070937,1,COMBUSTION_IMBALANCE
2026-01-02 02:31:00,1494.5676337197071,90.0,73.14201248450794,88.13575163281669,4.560821857966221,618.3455763453788,26.972468412457566,4.648053096629861,398.2037015331023,721.638131086642,49.82524408494327,1,COMBUSTION_IMBALANCE
2026-01-02 02:32:00,1494.5899711696338,90.0,72.98402164425981,88.03507614349232,4.6646812364629735,612.9047161848295,28.572523434010087,4.818344604725397,398.6592753541276,724.360450977669,49.79452226797091,1,COMBUSTION_IMBALANCE
2026-01-02 02:33:00,1493.0884407046808,90.0,72.14089747754747,88.59760262217618,4.781952980432682,609.0997403090918,28.27142195913192,4.5693003978773055,398.3439615497914,719.1687896383959,49.82855798700787,1,COMBUSTION_IMBALANCE
2026-01-02 02:34:00,1493.6916057451258,90.0,72.23571295089397,88.88492697888566,4.751193946566481,623.2329499435533,24.7374027530317,5.181459052769988,397.76462871505146,733.3981434695,49.85527830633438,1,COMBUSTION_IMBALANCE
2026-01-02 02:35:00,1493.0281251048496,90.0,73.05969636701296,88.50159242475236,4.728324615621839,627.6095168548093,32.39920333005155,4.923750754480216,400.2196214377639,716.977430697201,49.8108076692686,1,COMBUSTION_IMBALANCE
2026-01-02 02:36:00,1491.0776605359308,90.0,73.84026021357917,89.24074212344252,4.626726308929402,609.6714845913981,29.949846471924474,4.832402786517721,401.74225457272297,728.7224777467994,49.71789541218617,1,COMBUSTION_IMBALANCE
2026-01-02 02:37:00,1493.5131293498264,90.0,72.31340727856163,88.51656873109498,4.7637818475042115,603.669934342186,28.66889444161749,5.071695570871342,399.7226848656321,719.6931697995004,49.7722180014855,1,COMBUSTION_IMBALANCE
2026-01-02 02:38:00,1489.2110098622816,90.0,73.32316875363989,88.49964567808344,4.550104158634439,621.9421104294522,32.5040293218125,4.730697044382806,397.7413782991537,711.7274480254363,49.58077326019983,1,COMBUSTION_IMBALANCE
2026-01-02 02:39:00,1494.1077831045918,90.0,73.25215582859008,88.83527999559627,4.483639451850877,600.514690579663,27.36043184283789,4.656308082713912,401.25991680961306,722.4142437287405,49.90076921420917,1,COMBUSTION_IMBALANCE
2026-01-02 02:40:00,1489.610954120468,90.0,73.60620368165344,89.10961506879595,4.69350054350258,601.9448756241703,23.796156172021263,4.873973385654253,402.52855263105243,721.5738128072758,49.61571481979464,1,COMBUSTION_IMBALANCE
2026-01-02 02:41:00,1492.5716065735894,90.0,72.74441879240938,87.82537237009765,4.688887414588344,604.372997244721,30.382310305243468,4.938008729893918,399.0306365137801,714.7433909288038,49.78556920313796,1,COMBUSTION_IMBALANCE
2026-01-02 02:42:00,1490.3096920831476,90.0,71.76440890817406,87.94099414598213,4.842497246845103,610.8454951696125,32.51801608276632,5.031117241318554,399.2821685999234,715.3889036143264,49.729968014736095,1,COMBUSTION_IMBALANCE
2026-01-02 02:43:00,1493.106777966149,90.0,72.26137172614283,88.3433692811279,4.748930992154725,601.6366811078456,27.264460388498737,4.642244416713554,400.7734909451251,719.8765117845751,49.7424619073597,1,COMBUSTION_IMBALANCE
2026-01-02 02:44:00,1491.9321495481443,90.0,73.13359612191104,90.07947089229427,4.863484113154099,595.6120009061842,25.996735800776168,4.858736633996154,402.43281062167756,721.7487390762399,49.78297227797061,1,COMBUSTION_IMBALANCE
2026-01-02 02:45:00,1488.8104880836734,90.0,74.71347991919258,88.36926571872947,4.677793178755865,603.6455580566287,31.24625565378985,4.345807041366289,399.2202487814122,707.646683585603,49.665226929622726,1,COMBUSTION_IMBALANCE
2026-01-02 02:46:00,1492.841399262037,90.0,72.30719795765353,88.43910852849464,4.779895058582323,621.4247444657262,25.08275145954507,4.738530165818782,398.0013253285027,725.265607262619,49.84777816717032,1,COMBUSTION_IMBALANCE
2026-01-02 02:47:00,1490.8441584463346,90.0,73.69058727788376,88.80917596490389,4.698588767760359,602.2845592787323,29.925742790074935,5.13055230674008,400.9471279094086,717.5275101309251,49.671337958223155,1,COMBUSTION_IMBALANCE
2026-01-02 02:48:00,1493.7622934416268,90.0,72.51757238808536,88.98846445140667,4.85840268338498,611.5973032204583,27.950191158598724,5.192205161714947,401.1986021097135,713.3412625780092,49.72778324719024,1,COMBUSTION_IMBALANCE
2026-01-02 02:49:00,1492.0026513774687,90.0,73.00369182913438,88.58489255822731,4.707897104123045,634.4669846236557,31.338893358261753,4.784099092937396,400.00919717565284,724.7053327572596,49.70814722481007,1,COMBUSTION_IMBALANCE
2026-01-02 02:50:00,1492.790841970776,90.0,74.51126923172185,89.08217374752006,4.803797203064175,614.5082586997291,30.328879039679222,4.960079090185125,399.16280011051384,719.8819101029077,49.77013740948592,1,COMBUSTION_IMBALANCE
2026-01-02 02:51:00,1490.0848620899696,90.0,73.74085725856139,87.90301440848697,4.634177815377845,618.425309897296,33.50209723411768,5.042621231025599,401.4915680964881,726.0808288839113,49.67240603935324,1,COMBUSTION_IMBALANCE
2026-01-02 02:52:00,1490.8213355371454,90.0,71.64353290228856,88.11695578762857,4.6961396199342245,605.5395998174845,28.30383050992961,5.265622027768422,400.79205400682196,722.1897613148988,49.674372623091124,1,COMBUSTION_IMBALANCE
2026-01-02 02:53:00,1491.0827227277978,90.0,72.37351224981528,89.08124347528975,4.709970789301458,636.6347485370014,29.137956763357636,5.368318973303397,398.84734672464475,719.9924274852598,49.60729755131106,1,COMBUSTION_IMBALANCE
2026-01-02 02:54:00,1493.7134049604851,90.0,74.33108218241895,88.50547155739167,4.856232322848446,609.5870551086157,34.10609825532491,5.105616451044604,400.0736420969585,719.2363502750992,49.81397098182263,1,COMBUSTION_IMBALANCE
2026-01-02 02:55:00,1495.3547541756109,90.0,73.17515426178183,87.8687746974956,4.522905811949284,612.7189531554849,28.08353801340964,5.035376668883554,397.97243870196303,722.4135638027807,49.94377569647447,1,COMBUSTION_IMBALANCE
2026-01-02 02:56:00,1490.3896564965141,90.0,71.83176126003333,87.83873103419133,4.709960934671596,628.1705867796736,29.11859986103786,4.811261278259873,401.0288356846569,717.9323437059534,49.70286777845662,1,COMBUSTION_IMBALANCE
2026-01-02 02:57:00,1494.1536962893153,90.0,72.20372936077283,88.09452959732758,4.7014613954107185,613.1826575514638,30.331508857320706,5.1341138469122125,399.6066496459257,715.7371370562676,49.835579985596524,1,COMBUSTION_IMBALANCE
2026-01-02 02:58:00,1487.6606451645487,90.0,73.83923413839203,88.50106277107889,4.522281392338984,615.4788878267522,31.855908874742582,5.539984500298053,399.3464337514229,723.0495456132733,49.61731043745937,1,COMBUSTION_IMBALANCE
2026-01-02 02:59:00,1489.6116211978153,90.0,74.17074342799695,88.73368978486333,4.678922628228052,612.1831167921086,27.89023154378191,5.395538509987464,399.95068827227135,719.2775607927779,49.673573040087966,1,COMBUSTION_IMBALANCE
2026-01-02 03:00:00,1490.0824430876264,90.0,73.1589266195711,88.33547000002785,4.579223886880314,612.2516762194277,32.01837535098416,5.184971659251781,400.06046154899536,720.1678382403451,49.715998067930954,1,COMBUSTION_IMBALANCE
2026-01-02 03:01:00,1489.2949826211186,90.0,75.78765773359258,88.69249959461969,4.493083660303866,618.7050201082809,32.38354991390804,5.223175561740022,401.34239509234834,725.446899180773,49.66293477142991,1,COMBUSTION_IMBALANCE
2026-01-02 03:02:00,1488.8328232204249,90.0,74.06015094017195,88.28146675665312,4.708139382017405,620.5294318919811,30.600848580916992,5.037296727709588,400.88663579698783,719.4306169613213,49.6121269155315,1,COMBUSTION_IMBALANCE
2026-01-02 03:03:00,1492.8259978242756,90.0,72.95066658511948,89.11196010080839,4.688146285903446,608.5675156878743,28.794389450391236,5.116072874244695,399.7653860818108,720.075169627709,49.721067148642085,1,COMBUSTION_IMBALANCE
2026-01-02 03:04:00,1491.5718646045443,90.0,72.36626398095056,89.7759200472861,4.679986240758344,607.3391954385307,33.44111977322144,5.22951983511687,401.1455022245785,717.0017524427453,49.70661347072078,1,COMBUSTION_IMBALANCE
2026-01-02 03:05:00,1492.7588107952101,90.0,72.21999782990822,88.30369363395772,4.759211951910681,608.9086391114243,30.728190526417094,5.242626868063688,400.60110588053743,722.1536996699092,49.774333501329544,1,COMBUSTION_IMBALANCE
2026-01-02 03:06:00,1493.380945372243,90.0,73.63421744235015,88.7399664053994,4.637260989570643,600.9874598580024,28.268862291226334,5.427149986580612,399.36010054557096,721.7491395634005,49.763560697685286,1,COMBUSTION_IMBALANCE
2026-01-02 03:07:00,1492.5312339863451,90.0,72.78175585262032,88.69920541207499,4.905101493103093,599.095697414807,32.699743794524444,5.429916586548259,399.81292276264526,724.5038756589528,49.76675806703474,1,COMBUSTION_IMBALANCE
2026-01-02 03:08:00,1493.3155263523008,90.0,75.10263169589972,88.56934771312989,4.725283644924252,617.9716714722491,35.211194054330335,5.354113356042216,399.77766566673534,717.1043558149656,49.79914171842838,1,COMBUSTION_IMBALANCE
2026-01-02 03:09:00,1491.8609354275154,90.0,74.90568944650168,88.82662547267057,4.852110536852737,624.3859580317511,29.691403578398443,5.062670764360142,400.7578920147613,717.7109151520491,49.77035681914735,1,COMBUSTION_IMBALANCE
2026-01-02 03:10:00,1489.6260132233886,90.0,74.04316076217204,88.73941059448984,4.557221863961332,623.7104529314522,35.47213987384164,5.0827169357636395,399.4494660779175,723.9606869957273,49.718340189221564,1,COMBUSTION_IMBALANCE
2026-01-02 03:11:00,1494.1156283616415,90.0,72.13894107069818,88.26447321480748,4.651257570694663,591.1800872686334,32.79982240175117,5.1099217059430835,399.41438622036753,721.2610650168143,49.807754649645325,1,COMBUSTION_IMBALANCE
2026-01-02 03:12:00,1490.8217757344378,90.0,72.70075911960424,89.15827288631127,4.7854660227781975,612.5493491295674,30.475507311180095,5.347104057841332,402.95313596415093,715.4689093690365,49.628670362890546,1,COMBUSTION_IMBALANCE
2026-01-02 03:13:00,1490.128807402475,90.0,74.77545944656379,88.60083312374331,4.705326909957341,603.9790804440744,30.466684012982363,4.907235789048771,401.40960322262066,726.5327703386725,49.65370504190821,1,COMBUSTION_IMBALANCE
2026-01-02 03:14:00,1491.6441642483912,90.0,72.86252218595148,88.30759979008475,4.626530065461008,616.4373743782086,32.992155040438156,5.3237449855070755,398.8590990033623,711.5077471579988,49.723675269983374,1,COMBUSTION_IMBALANCE
2026-01-02 03:15:00,1490.174378161407,90.0,74.68008094662429,89.72160126192362,4.52170498489712,610.8217648119062,34.26299141576747,5.619228543290827,400.8564114909133,723.9214237663188,49.58069083423805,1,COMBUSTION_IMBALANCE
2026-01-02 03:16:00,1491.165139236021,90.0,74.0136113793397,88.44189331142213,4.8044825009955945,620.9191190624459,32.28970390096292,5.483365206936128,400.17752509848276,713.673939820009,49.77493786720583,1,COMBUSTION_IMBALANCE
2026-01-02 03:17:00,1492.688107843127,90.0,73.58611402591592,88.6274719207118,4.792610787080649,614.8084690959865,33.289478040764266,5.292354477810843,400.58732676289014,729.4289425824277,49.76338915706309,1,COMBUSTION_IMBALANCE
2026-01-02 03:18:00,1492.6966834784923,90.0,72.80478022141082,88.58772017229009,4.752577665696121,596.0399810508211,33.66277409074735,5.235348917250044,400.20601198684767,712.2770013654718,49.77562375767876,1,COMBUSTION_IMBALANCE
2026-01-02 03:19:00,1490.2043398671487,90.0,73.47650464818811,88.43505269452433,4.681708327030922,605.3291412720046,33.37189521174221,5.548643056955337,401.78446396822784,725.7612532593638,49.741754318697936,1,COMBUSTION_IMBALANCE
2026-01-02 03:20:00,1491.0245892541025,90.0,73.80229115186656,88.72433235252194,4.614204350186581,615.0578511482665,33.24066898602463,5.461211073210455,400.51843051697716,719.5918281999437,49.66931250029629,1,COMBUSTION_IMBALANCE
2026-01-02 03:21:00,1494.1486660095404,90.0,74.7247190044873,88.07750004545412,4.733151845101247,615.9011042923108,38.480489382887356,5.363213509483452,399.90686695267857,718.1669871508063,49.833657630195546,1,COMBUSTION_IMBALANCE
2026-01-02 03:22:00,1492.992800235468,90.0,72.70062486892357,88.79827169326146,4.59250270577023,600.94323192296,30.253254049747973,5.307193824218771,401.56328586547454,720.9269832823388,49.760933468360506,1,COMBUSTION_IMBALANCE
2026-01-02 03:23:00,1496.150130078697,90.0,73.38839921779629,87.62082298580371,4.672425132227467,599.6354029645388,32.75964589026027,5.452776597937454,400.34992756163183,723.1595016957891,49.862466659272435,1,COMBUSTION_IMBALANCE
2026-01-02 03:24:00,1494.360256347483,90.0,73.73987110490368,87.85096512437137,4.8691057556525275,615.5624533757318,34.33976772262637,5.389392647202602,400.1822178689936,715.4779974883456,49.77339892552588,1,COMBUSTION_IMBALANCE
2026-01-02 03:25:00,1494.2885861371199,90.0,74.42296137879471,89.41286227358418,4.526659178215175,600.9633269394948,32.00850151586619,5.619375913983343,400.47103390372916,715.9210613741571,49.89289969858832,1,COMBUSTION_IMBALANCE
2026-01-02 03:26:00,1489.2242628990884,90.0,72.767154444634,87.87190998663904,4.810314582957256,598.3137057349921,30.832634469983144,5.723233819195743,399.85958646495044,723.2480243255644,49.62203376129917,1,COMBUSTION_IMBALANCE
2026-01-02 03:27:00,1493.5277207032668,90.0,72.35358689140355,87.5200205739815,4.8990191836652865,610.5485948736866,30.478820417957873,5.214050034431457,400.0138404894932,711.463285231752,49.81923056912035,1,COMBUSTION_IMBALANCE
2026-01-02 03:28:00,1491.8937863966062,90.0,74.50469340222861,87.88429191546683,4.823940133628929,610.1155390866135,34.69324642729863,5.254836085494231,399.11995811685716,717.0788545340396,49.63604251051328,1,COMBUSTION_IMBALANCE
2026-01-02 03:29:00,1490.8980363929236,90.0,72.18330043004535,89.3700286345983,4.7524207151506825,606.215995226607,33.15607603678321,5.7821112375297465,398.8732491705642,735.2034347707972,49.75560063958194,1,COMBUSTION_IMBALANCE
2026-01-02 03:30:00,1492.336030681065,90.0,75.20492829479554,87.60406912986357,4.701561332785616,607.9626304327504,36.46200990208025,5.5581637885327915,398.50214442027635,715.1599351770536,49.79714491383336,1,COMBUSTION_IMBALANCE
2026-01-02 03:31:00,1493.890423069223,90.0,73.68610710032746,88.02209290870415,4.6749693363825156,615.1383572322239,36.64646888280256,5.311169872642232,397.9120250698044,725.7390139587988,49.801219141155634,1,COMBUSTION_IMBALANCE
2026-01-02 03:32:00,1493.0016631820083,90.0,72.21911005457815,87.77090375784144,4.519768838236839,607.7983709632018,29.77164292295387,5.746650321332128,398.68042395792315,717.0702461564309,49.755374982760046,1,COMBUSTION_IMBALANCE
2026-01-02 03:33:00,1490.243052397316,90.0,73.38446994501885,88.36293540145492,4.736441959997633,615.7069702166484,34.893374046314435,5.630837019977767,399.7385994482996,722.5452257239857,49.69476841352455,1,COMBUSTION_IMBALANCE
2026-01-02 03:34:00,1493.4849178271852,90.0,74.3281677855615,88.28198955090956,4.694136164108899,611.1953146388266,32.58608048309682,6.015649152384978,400.15467637366845,723.271778452981,49.89727012728352,1,COMBUSTION_IMBALANCE
2026-01-02 03:35:00,1490.724824915848,90.0,73.37412200117025,88.25962174663641,4.665004124199081,616.6765015538666,32.875934020879384,5.540439664546891,399.59305515527853,725.6447836759147,49.60266566224976,1,COMBUSTION_IMBALANCE
2026-01-02 03:36:00,1492.4333662379286,90.0,73.9894718907397,89.4280668997025,4.709430559118049,623.7820556543664,34.18954981929396,5.8217407994137425,396.46644476480895,718.9987308659361,49.78688024397633,1,COMBUSTION_IMBALANCE
2026-01-02 03:37:00,1491.3932998650457,90.0,74.78461070082464,87.90046234118115,4.748227701196842,623.3924784539059,34.07634487670946,5.322733112173448,402.3618795366435,729.9444231937742,49.66752913039383,1,COMBUSTION_IMBALANCE
2026-01-02 03:38:00,1491.5622674965286,90.0,73.79711716690755,88.44890611014138,4.667466148060466,627.8821047106609,39.48346041891432,5.904205510032714,401.62972018433555,717.0533171770741,49.717746330069296,1,COMBUSTION_IMBALANCE
2026-01-02 03:39:00,1493.532485950081,90.0,73.03153711315183,88.6693006231603,4.887922065884473,623.3814689689716,36.824043040197175,5.826332011642231,400.66863977682567,721.1711020679978,49.7720221923821,1,COMBUSTION_IMBALANCE
2026-01-02 03:40:00,1489.9196125603683,90.0,73.73909050948755,88.00989536896385,4.812862370531965,617.385575315418,33.75706593606626,5.970869486758755,402.8612360088299,721.226384661088,49.642571172455725,1,COMBUSTION_IMBALANCE
2026-01-02 03:41:00,1495.890390148554,90.0,75.60206669317843,88.74329499062323,4.814761956024864,610.6656836235985,34.26658238912935,5.884616063501747,398.5339538237744,714.390159400253,49.86248974849916,1,COMBUSTION_IMBALANCE
2026-01-02 03:42:00,1488.357827861411,90.0,75.91575910688785,88.30009475272327,4.723667826581594,611.1223907718378,31.780527621882428,5.6551903628248645,402.831437680939,718.5706387251043,49.555219038116476,1,COMBUSTION_IMBALANCE
2026-01-02 03:43:00,1490.8046646334903,90.0,71.95892598046134,88.68715453309485,4.777380482564217,606.2222269356419,37.6798752030781,5.4532746871926285,398.5521788848742,720.8075674961921,49.74494784292275,1,COMBUSTION_IMBALANCE
2026-01-02 03:44:00,1492.7404237798835,90.0,75.3244913264111,88.4460003742371,4.641509532455402,615.0452929105156,32.442027428469714,5.579589419927192,400.358106887937,717.8393947843529,49.66830695043619,1,COMBUSTION_IMBALANCE
2026-01-02 03:45:00,1493.1686283328706,90.0,74.44390879473801,87.47473438721677,4.817131166280695,621.9738747871194,40.25441474293801,5.360269922560375,398.0892440122987,732.2046198272827,49.7992758367371,1,COMBUSTION_IMBALANCE
2026-01-02 03:46:00,1491.7990485588566,90.0,75.19158937428053,89.1530493563828,4.69649875214097,607.7433239711698,34.57087092629299,5.540820193763258,400.0220411433165,715.8068816320024,49.710308159335156,1,COMBUSTION_IMBALANCE
2026-01-02 03:47:00,1491.885218593997,90.0,73.6288581280388,89.53522915767697,4.607097063345028,614.6278214133623,39.069437126427886,5.822672269841686,400.57924974699756,725.8971223407021,49.67096104177619,1,COMBUSTION_IMBALANCE
2026-01-02 03:48:00,1492.8211001706552,90.0,72.34134846377641,88.41162290903252,4.729490874697427,608.2263777127823,40.504655662141914,5.740449424234962,399.7679645032982,724.2822990657439,49.77082250755177,1,COMBUSTION_IMBALANCE
2026-01-02 03:49:00,1491.5378610450846,90.0,74.89610476618088,88.05102397406662,4.709774117493679,617.0935433018761,32.836030542618154,5.717781971973555,401.0708161661352,719.9306893274786,49.6400811471675,1,COMBUSTION_IMBALANCE
2026-01-02 03:50:00,1494.7863625158698,90.0,73.27688114868562,89.25300636058778,4.9472468055103365,609.5061661605005,36.479432052202796,5.6163794168105,400.1485216742309,715.6739547307387,49.82819777494831,1,COMBUSTION_IMBALANCE
2026-01-02 03:51:00,1493.6786982284632,90.0,72.81780905129081,89.44519145143366,4.754635595819319,607.6048942870594,37.951586610584556,5.433020197828343,399.21637790743375,716.1587233980412,49.71814609555819,1,COMBUSTION_IMBALANCE
2026-01-02 03:52:00,1493.7456487020113,90.0,72.91564224394858,88.41560229420493,4.889659700860724,608.2003330506798,33.018535162527776,5.83641662264745,399.1497800232965,717.4101635039175,49.81458522761627,1,COMBUSTION_IMBALANCE
2026-01-02 03:53:00,1490.0676865532591,90.0,75.00658475284958,88.39065969238968,4.845315516788079,620.0332877384557,39.534038316386805,5.888332038493729,401.21637065892355,711.0712935902687,49.62270501842712,1,COMBUSTION_IMBALANCE
2026-01-02 03:54:00,1491.8412231511886,90.0,74.53232975837948,88.46004445116418,4.734577170956466,614.0325059466965,35.006794270830014,5.6266872879906575,399.0193869552896,714.9826728710035,49.705491070854826,1,COMBUSTION_IMBALANCE
2026-01-02 03:55:00,1491.3990681025587,90.0,75.24875919358819,87.66272555537728,4.70237356859945,610.7157826999996,36.618206591347914,5.730811945967256,401.3731044557274,712.5876174231818,49.72799973948244,1,COMBUSTION_IMBALANCE
2026-01-02 03:56:00,1489.988797248621,90.0,75.14970917451674,88.35443706065331,4.558888600666902,617.6140450254721,35.26304029018179,6.158426690817886,401.8340676892479,726.7293750158885,49.62766613602859,1,COMBUSTION_IMBALANCE
2026-01-02 03:57:00,1492.7203283678916,90.0,73.99681268381411,89.35747094377456,4.625756226058035,610.8548378253234,41.766884584953914,6.094399590714726,397.4969292064808,723.092311961941,49.75444607894631,1,COMBUSTION_IMBALANCE
2026-01-02 03:58:00,1490.9247084844403,90.0,74.39793552259493,88.41565566961465,4.797962232383129,626.2651789368571,35.59979411918165,5.57811508765421,401.69938958095156,723.9298704943272,49.62179875775244,1,COMBUSTION_IMBALANCE
2026-01-02 03:59:00,1493.3108076597005,90.0,73.94481794809113,87.97998273606383,4.710187306766652,605.2613384630674,36.274721501348345,5.870572722553849,403.09063404766704,722.9441597577097,49.808570702169824,1,COMBUSTION_IMBALANCE
2026-01-02 04:00:00,1489.8596168742113,90.0,74.29284600530526,88.74834280965217,4.762615176380801,613.1302848718271,39.458018688605875,6.19099113647445,400.3780056418029,720.8348381166708,49.75023291941791,1,COMBUSTION_IMBALANCE
2026-01-02 04:01:00,1495.4380812256836,90.0,73.49804246473445,88.16640060075288,4.5336444728502086,600.95234778333,37.341269607383296,5.869215800538496,400.89862627794224,727.3034016606457,49.98754648425162,1,COMBUSTION_IMBALANCE
2026-01-02 04:02:00,1490.2073346828158,90.0,74.98798336024687,88.46677393816597,4.776016006146418,611.5312560810991,38.302036588665665,5.871211362318568,401.5555079865537,716.9461867213413,49.67813623009385,1,COMBUSTION_IMBALANCE
2026-01-02 04:03:00,1492.438604674401,90.0,75.75120552964928,87.86557560972629,4.852336643525403,598.2036450229336,36.19057851306292,6.156047525348615,399.58677652723145,720.5333482768352,49.78736369618655,1,COMBUSTION_IMBALANCE
2026-01-02 04:04:00,1493.5837186207762,90.0,73.72896911042024,87.98168791940657,4.5627904126312435,622.4631652255913,42.33374795534529,6.147413848855043,400.2734203353068,723.7352941391206,49.6970926703805,1,COMBUSTION_IMBALANCE
2026-01-02 04:05:00,1490.8587191395998,90.0,76.02090666644244,88.86882962743172,4.759779798087045,622.6650376700558,40.08131317008342,6.14956066907612,398.0287007055653,713.3939538407194,49.77042735430194,1,COMBUSTION_IMBALANCE
2026-01-02 04:06:00,1493.704937286866,90.0,74.78083025918914,88.55793338970047,4.863194797566837,622.8417017372448,38.29790664084345,5.922603050165174,400.2079525427957,735.4829444807127,49.82897600146507,1,COMBUSTION_IMBALANCE
2026-01-02 04:07:00,1489.5416328043991,90.0,74.9419278121299,88.11197130657852,4.905769238802376,615.2887248017447,36.837533749291154,6.120077603255009,400.7471679934668,720.142828813888,49.62719108789908,1,COMBUSTION_IMBALANCE
2026-01-02 04:08:00,1494.904235398365,90.0,72.86408430677159,88.55976756515238,4.678454741611157,606.201295952899,40.99734639343893,6.298949102791044,400.7742445343897,720.709947252878,49.89200021995995,1,COMBUSTION_IMBALANCE
2026-01-02 04:09:00,1492.0282985299316,90.0,72.76973491874031,88.1964266456363,4.814064501548428,606.9965936796405,42.283094295605146,6.002525260306284,401.5981370853964,726.2843901583747,49.72155281383212,1,COMBUSTION_IMBALANCE
2026-01-02 04:10:00,1490.8071771840623,90.0,74.90612605967799,88.10811991531484,4.880816583694244,630.3017205522052,38.16293935675773,5.944318075737266,398.83779673279673,724.5747766650511,49.67067131365135,1,COMBUSTION_IMBALANCE
2026-01-02 04:11:00,1491.401636455145,90.0,75.62880637905955,89.08201719862409,4.758497795105556,629.356771037998,35.40038117014737,6.2835145278179265,399.20108986498974,720.1903900969822,49.73715462810954,1,COMBUSTION_IMBALANCE
2026-01-02 04:12:00,1493.6178385387855,90.0,74.06822359908888,88.89143877659431,4.850678983367795,616.2255515695077,37.09843975489253,6.459087960579424,402.84326101898705,720.6506471904902,49.734093559634665,1,COMBUSTION_IMBALANCE
2026-01-02 04:13:00,1490.8310894162992,90.0,76.62993848619892,88.48936357518438,4.726626563162482,609.8436596591968,41.21762219270761,6.485500976713164,399.7745074393544,712.4792573452601,49.745450885429975,1,COMBUSTION_IMBALANCE
2026-01-02 04:14:00,1490.5012846211544,90.0,75.63916055340785,88.57216866862478,4.7679880410045845,628.6862342269851,45.022602148317546,6.000097700045011,400.30005068096847,717.2176711107501,49.630576663442135,1,COMBUSTION_IMBALANCE
2026-01-02 04:15:00,1491.5569268048325,90.0,73.87944974189683,88.49580099133276,4.667923057527124,608.0549683861519,36.718457046614525,6.032691950100622,399.8994849374122,722.5860510807948,49.66606148733659,1,COMBUSTION_IMBALANCE
2026-01-02 04:16:00,1489.64607577446,90.0,74.92148108664206,88.7435046295867,4.70866989164089,617.288492080959,38.54895132495914,5.89416753337269,398.7674787605425,722.2194641952144,49.609384703061586,1,COMBUSTION_IMBALANCE
2026-01-02 04:17:00,1495.6410878158836,90.0,77.60011939617905,88.10024917077209,4.781366633572195,628.5195730539846,35.79842677989323,6.136110464882959,402.4352938163377,726.1058287500205,49.89267792907193,1,COMBUSTION_IMBALANCE
2026-01-02 04:18:00,1490.8672108175706,90.0,73.58457549295952,88.93125236668425,4.651713020161738,606.6366150033538,40.97798644994352,5.910176213708496,399.2084478821191,719.3974947088834,49.664734925843035,1,COMBUSTION_IMBALANCE
2026-01-02 04:19:00,1493.6632335723607,90.0,75.53087724364144,88.67678291894534,4.704105704307017,623.2922358563711,40.78542854787341,6.032173311658501,398.3090717144396,713.0635674328456,49.721374663193664,1,COMBUSTION_IMBALANCE
2026-01-02 04:20:00,1492.4189401672954,90.0,74.62928425270731,88.36847183105516,4.808717931473577,620.2056079584387,44.742044613629645,6.290225959632478,399.3238895840459,725.2836521538784,49.71701400557973,1,COMBUSTION_IMBALANCE
2026-01-02 04:21:00,1490.030931899036,90.0,75.77139626822841,88.25611098424565,4.9401335336326975,614.6048345776844,39.150613647764224,6.240495482027879,396.9974409974117,727.18044673091,49.66609561143384,1,COMBUSTION_IMBALANCE
2026-01-02 04:22:00,1491.9880905815746,90.0,76.40394887809686,88.92056547088333,4.516644841417476,605.0656640086688,43.02520814270143,5.8128557389665945,399.02306880252524,724.4912228642811,49.67388772853594,1,COMBUSTION_IMBALANCE
2026-01-02 04:23:00,1493.5680055586215,90.0,74.62890279317826,88.42475684192488,4.929162529893864,607.7556023989672,40.72833140618828,6.501558459654877,398.5478071032215,719.1818316457126,49.728016129835666,1,COMBUSTION_IMBALANCE
2026-01-02 04:24:00,1491.6234773298274,90.0,76.28937655161741,88.150553452085,4.711001754516023,617.8945107285066,45.16744188962049,5.982600782569652,400.926142946391,725.2219302593829,49.82634739436589,1,COMBUSTION_IMBALANCE
2026-01-02 04:25:00,1494.386225891702,90.0,77.51240969409933,88.30771511651277,4.830335684572483,600.7666320511861,41.89839618659849,6.020313215224199,398.9898786406602,737.1445523900411,49.76984592619937,1,COMBUSTION_IMBALANCE
2026-01-02 04:26:00,1494.0430307855638,90.0,75.19015109738875,88.88460232444451,4.838417223510284,616.3074385901825,39.112499561967866,5.97721556964711,401.3317059033683,720.5757615722024,49.78528224108015,1,COMBUSTION_IMBALANCE
2026-01-02 04:27:00,1493.8378297093166,90.0,75.99574378068117,87.69472339937691,4.902555209406517,620.4105098406167,45.868991910204386,6.105243332287198,402.097725989604,713.4413165387743,49.77623247360392,1,COMBUSTION_IMBALANCE
2026-01-02 04:28:00,1491.080686455454,90.0,74.52081318765856,88.32229554720969,4.660757902582827,624.852201728091,39.722069776464295,6.070638724266834,401.1717630044314,717.0685747522392,49.681621708126606,1,COMBUSTION_IMBALANCE
2026-01-02 04:29:00,1489.840315104437,90.0,75.20798622707434,89.03529133483781,4.696767042491463,601.0164292553977,42.6806153474698,6.08801331176222,399.6769175667099,723.1273800015202,49.69241117381302,1,COMBUSTION_IMBALANCE
2026-01-02 04:30:00,1490.7728247892744,90.0,75.01742414894802,88.4158916139483,4.7263225578257435,628.1624729716127,44.85979049772069,5.782145589653711,400.21167174505837,711.9759784455097,49.73983464049942,1,COMBUSTION_IMBALANCE
2026-01-02 04:31:00,1492.3924818813334,90.0,76.10192580427643,88.63640836613885,4.691528448427489,631.9536349417994,40.2110290222273,6.3134854784107635,397.71252258978393,720.8470153745603,49.73111834113453,1,COMBUSTION_IMBALANCE
2026-01-02 04:32:00,1493.0915734270648,90.0,76.56989988726555,89.04338448226852,4.851008407838544,619.1015156771359,43.653256578846815,6.3464130335631115,399.79933094121816,721.9016832515795,49.70789519990588,1,COMBUSTION_IMBALANCE
2026-01-02 04:33:00,1487.656857190479,90.0,75.15936655961285,88.94616482669852,4.713393933364883,604.6195141857534,46.06326172769063,6.761381347578442,398.70934229789975,727.6756086990632,49.65228391774175,1,COMBUSTION_IMBALANCE
2026-01-02 04:34:00,1491.9837735967765,90.0,76.97569373230985,88.27997061347997,4.572545821249563,611.7189071163976,46.705369943830405,6.422268199533112,401.04148957172396,726.5509742802715,49.72802539866605,1,COMBUSTION_IMBALANCE
2026-01-02 04:35:00,1492.3161784506465,90.0,76.99530179037144,88.43480322389802,4.6680025532906635,614.524027548815,45.04189741929021,6.238182196056371,403.8591285838667,724.3229239587589,49.83038870576441,1,COMBUSTION_IMBALANCE
2026-01-02 04:36:00,1491.444911487369,90.0,76.27276428755246,88.95238195086444,4.563112358313023,617.7046350873055,41.00210726145861,6.109857004305316,400.7497324539607,709.1866049474273,49.60255108803404,1,COMBUSTION_IMBALANCE
2026-01-02 04:37:00,1494.5825476780317,90.0,74.80732701851596,88.96973474364188,4.6977714264578285,615.219815526436,43.94084279784597,6.343244708040148,397.013289776568,724.6052656402396,49.829188416998555,1,COMBUSTION_IMBALANCE
2026-01-02 04:38:00,1492.8435601485016,90.0,74.7254750462422,88.45597493734246,4.798135468709945,617.8116514289462,45.47099805950497,6.464744577878512,399.45815471062843,723.5275669303012,49.85738232164386,1,COMBUSTION_IMBALANCE
2026-01-02 04:39:00,1494.6203838161618,90.0,74.52906717932379,88.47322717385372,4.665087789292557,614.0925324266087,44.20057701671595,6.286830276136191,400.1837363880617,721.2797218853917,49.80301625376682,1,COMBUSTION_IMBALANCE
2026-01-02 04:40:00,1491.5680789592996,90.0,76.4777549034604,88.63384184726685,4.687019866591205,617.6510709451225,45.95912205653488,6.412203205269714,400.1310361378904,711.3488893692726,49.70766129414326,1,COMBUSTION_IMBALANCE
2026-01-02 04:41:00,1493.8749549850138,90.0,74.13772950374245,89.18345034500858,4.688854463866009,610.3947657883868,42.11568367860772,6.791970818811764,398.90378031158684,716.1161304540647,49.81060741741331,1,COMBUSTION_IMBALANCE
2026-01-02 04:42:00,1495.270132789055,90.0,76.22646039359745,89.0337830603289,4.7333985881769465,611.6181328301753,42.22950921025312,6.348177974592167,400.3679376139554,714.1658861523297,49.81439796869092,1,COMBUSTION_IMBALANCE
2026-01-02 04:43:00,1494.6233868985453,90.0,74.32590600369782,88.84669335189943,4.774674410825564,609.2397482952333,45.16110870037609,6.060144889041503,398.1362487446209,709.9249578024645,49.80517596668221,1,COMBUSTION_IMBALANCE
2026-01-02 04:44:00,1489.8157168131424,90.0,76.4335084858537,87.96066536196798,4.821512235554176,634.1725953450407,46.881028092853605,6.624697357478286,398.5826369159724,719.985424242926,49.64363313906184,1,COMBUSTION_IMBALANCE
2026-01-02 04:45:00,1491.4926478449152,90.0,75.57385544308997,88.3625832967258,4.958300032359136,629.6390078617433,43.76249156209121,6.525364289163011,400.96869646240555,716.0108893927861,49.68505055810919,1,COMBUSTION_IMBALANCE
2026-01-02 04:46:00,1491.3096705891005,90.0,77.0387787714238,88.38885666315498,4.744572459836907,620.5529419001361,48.34159905243534,6.1332015977484176,398.47650515368025,733.1265279013445,49.771765180480045,1,COMBUSTION_IMBALANCE
2026-01-02 04:47:00,1492.9785090701528,90.0,76.85165373298067,89.20924251630167,4.789394455071938,628.2530899726773,47.40509753916692,6.573028735455259,400.80731740823836,719.1561403028104,49.78900420395325,1,COMBUSTION_IMBALANCE
2026-01-02 04:48:00,1493.372707110029,90.0,77.19683169155432,88.3805678044101,4.57363296914397,622.9846133897788,46.76208577462997,6.3004272901724505,397.94580433801593,726.4687657793298,49.79162164860614,1,COMBUSTION_IMBALANCE
2026-01-02 04:49:00,1490.3222146519486,90.0,77.24854425481765,89.12672141153874,4.679547273212672,616.8127115951405,48.70973158045657,6.600764480472881,402.6472388256876,712.1545048765339,49.71783570540946,1,COMBUSTION_IMBALANCE
2026-01-02 04:50:00,1492.135677027834,90.0,75.82751514794039,88.21465066473439,4.708665297359105,599.9442865898031,47.71983169242518,6.906452701840858,398.8385951163939,717.3495520699756,49.72463810926762,1,COMBUSTION_IMBALANCE
2026-01-02 04:51:00,1487.9601453356877,90.0,74.4218040061322,88.25455802116954,4.633177350677899,612.3783607987486,46.53696986378253,6.502106133131356,399.66450014229486,720.4844893801716,49.55996132027194,1,COMBUSTION_IMBALANCE
2026-01-02 04:52:00,1494.8838900116039,90.0,74.56103136764953,88.7407270529065,4.671586185805117,611.6496210798165,46.84379289916994,6.766654239807297,400.4959198916356,715.4592302569616,49.79933178515607,1,COMBUSTION_IMBALANCE
2026-01-02 04:53:00,1490.9752515186467,90.0,73.44833593098753,89.28407335278581,4.703570061178721,603.6692482690785,42.76707566334076,6.316802536429524,399.15197507124833,717.8889965759763,49.69926420267679,1,COMBUSTION_IMBALANCE
2026-01-02 04:54:00,1492.111727879689,90.0,74.57213491489595,88.39411143536599,4.681651433876199,600.1383772539339,41.66810208030461,6.271116170732464,400.21510894160696,718.9102454687823,49.68409701057099,1,COMBUSTION_IMBALANCE
2026-01-02 04:55:00,1491.380700572024,90.0,75.86059131737895,87.21861606906933,5.0158110974024295,619.9271934656703,42.614170468367334,6.990974094479134,400.8630350867802,718.8304600727755,49.68767696823813,1,COMBUSTION_IMBALANCE
2026-01-02 04:56:00,1494.2920551500267,90.0,75.19312660666675,87.71790829883048,4.796869368181164,618.2450432237081,41.91809862236872,6.661563002711267,401.44091984875524,729.2755928651767,49.78392933957398,1,COMBUSTION_IMBALANCE
2026-01-02 04:57:00,1486.3249871172052,90.0,75.63303097075357,88.64898077808216,4.927122658324291,603.3260301993239,43.39419954474893,6.7398339882322675,401.18724615395945,721.8911314271576,49.65039404873162,1,COMBUSTION_IMBALANCE
2026-01-02 04:58:00,1491.9667793153483,90.0,76.39565848446124,87.76260198660904,4.89401307815122,607.5412149356381,49.3202333578296,6.8554044605690745,399.742284304296,722.3975528147065,49.59353523018158,1,COMBUSTION_IMBALANCE
2026-01-02 04:59:00,1491.7883624850047,90.0,75.54262957121368,88.06721858680173,4.674731014918927,626.6122227315416,46.470156097096016,6.531937038040409,399.7800523389346,722.6982738717254,49.71729776342987,1,COMBUSTION_IMBALANCE
2026-01-02 05:00:00,1491.0927272248166,90.0,74.66598831954616,88.50617097531905,4.7336326272356,606.2230348648344,43.19175995216193,6.815023271952533,403.52366283703753,723.0631318866856,49.78937559713463,1,COMBUSTION_IMBALANCE
2026-01-02 05:01:00,1495.4524530912713,90.0,75.86442522112438,87.2753163771267,4.711011210350008,616.707989039338,49.210318840256164,6.797208832461763,401.42483360237395,719.5855650806257,49.854507326249,1,COMBUSTION_IMBALANCE
2026-01-02 05:02:00,1490.2253410822884,90.0,74.95706147089203,88.3101371053372,4.717614981964623,613.1022170043202,45.048641138106746,6.416039035843527,398.6172645155197,718.3962681426058,49.71184890974733,1,COMBUSTION_IMBALANCE
2026-01-02 05:03:00,1493.5435923544712,90.0,75.67086406682606,87.91759572106979,4.6440047186597315,620.0636347106206,44.141073463455015,6.990097062282537,400.14998224564835,720.8340802975914,49.789777727570694,1,COMBUSTION_IMBALANCE
2026-01-02 05:04:00,1492.7125055774122,90.0,77.47084503015121,87.75041014104956,4.700838264261987,606.4389234734357,49.059533669854765,6.961372103195906,399.4972852918327,725.7840197445673,49.72371685018625,1,COMBUSTION_IMBALANCE
2026-01-02 05:05:00,1494.523038505071,90.0,75.71699332332071,88.0989077803909,4.773973732545506,615.9008347754011,45.65807752885938,6.4557565521924545,399.7969986491153,725.6311909421819,49.705338820110256,1,COMBUSTION_IMBALANCE
2026-01-02 05:06:00,1490.665621830445,90.0,77.98959522378922,87.96539553746521,4.774004294944916,616.6872257734587,49.793248585416116,6.7650572882923585,398.15575726343786,718.798007621558,49.69912684536664,1,COMBUSTION_IMBALANCE
2026-01-02 05:07:00,1490.5340622017525,90.0,77.6391400696013,88.73474010899608,4.7506455643417045,617.3018080622923,48.44744073711908,6.69128405261741,399.38211514842106,723.8392184733406,49.645688409828296,1,COMBUSTION_IMBALANCE
2026-01-02 05:08:00,1494.1921398149548,90.0,75.44521934640684,89.09826339334137,4.712067249644817,615.7907385796261,45.36706134331799,7.033661493985187,402.7173336597909,719.0270766848016,49.76638789019023,1,COMBUSTION_IMBALANCE
2026-01-02 05:09:00,1492.8506426166603,90.0,74.8814304856434,88.3177865741944,4.819718511039807,618.4460932059411,50.32267513604583,6.480377598776277,400.86861445131325,720.1693527471763,49.73673872442305,1,COMBUSTION_IMBALANCE
2026-01-02 05:10:00,1488.9101253066465,90.0,76.07201524134804,88.2019371104765,4.710256955182616,636.917703320508,44.69119365229293,7.4954830048421055,396.2632578877728,717.632383092229,49.71758058055273,1,COMBUSTION_IMBALANCE
2026-01-02 05:11:00,1490.9213899710735,90.0,77.42588940820237,88.29289749942097,4.873297283987743,640.6129777677111,51.7636142803875,6.752603166125626,401.8250852387469,719.0917743054688,49.81762154281515,1,COMBUSTION_IMBALANCE
2026-01-02 05:12:00,1492.772765307696,90.0,75.63482923952353,87.9459064460307,4.55632211537763,608.6078385921328,45.44877453620425,6.947689033236238,401.6344442843637,726.7066503477485,49.76995257379962,1,COMBUSTION_IMBALANCE
2026-01-02 05:13:00,1493.675528443093,90.0,77.2018343860475,87.8556290521901,4.808568521353774,591.817570196475,49.272807175381686,7.08999966640056,399.46107204354036,720.4621057366962,49.765945920240846,1,COMBUSTION_IMBALANCE
2026-01-02 05:14:00,1490.6415386936142,90.0,77.55692337466566,87.67722277355325,4.795292655753671,620.9549530072197,50.947143550626336,6.785800131365971,401.0758953156748,720.6764125427616,49.62918996891458,1,COMBUSTION_IMBALANCE
2026-01-02 05:15:00,1486.171488020366,90.0,75.38970165634932,87.83523952084084,4.6758385538580285,616.8625245990127,50.105280709222654,6.814511622880945,398.7109011837742,712.7639111037103,49.56247660875617,1,COMBUSTION_IMBALANCE
2026-01-02 05:16:00,1493.046446371474,90.0,75.52073819707834,89.31599550355624,4.678156987243347,625.6104185918358,47.05241222886805,6.749433821236274,399.29461642560045,718.4537804618363,49.85736015905239,1,COMBUSTION_IMBALANCE
2026-01-02 05:17:00,1489.559358620112,90.0,77.07896665352176,88.1547894823182,4.7833833042645395,617.8488589971532,45.750892444647725,6.685406874773776,402.2478195410048,718.7934254812764,49.639611601319146,1,COMBUSTION_IMBALANCE
2026-01-02 05:18:00,1487.9653224037552,90.0,76.48194338990359,87.02918576411805,4.851009809432513,615.5860393952572,49.5869777870911,6.929371829558544,399.5924049401954,715.854282572783,49.479894278087514,1,COMBUSTION_IMBALANCE
2026-01-02 05:19:00,1486.3353481500317,90.0,75.57798726446718,88.20647153075943,4.560924252551701,626.2890659587722,44.6925910972287,6.860446663965009,397.1954025070675,720.1083270585178,49.57801408859183,1,COMBUSTION_IMBALANCE
2026-01-02 05:20:00,1493.6279617203954,90.0,75.97025363741433,87.70479273161952,4.808728752133035,627.6878058841385,49.40300835231733,6.798125160334901,399.90504516582797,717.8540885488617,49.83686870958568,1,COMBUSTION_IMBALANCE
2026-01-02 05:21:00,1492.2572349008099,90.0,76.30493485513075,88.52974246999851,4.683640032044274,601.13439941219,52.30285607955965,6.82230721039326,399.88211741062844,720.3999792762179,49.6626155480077,1,COMBUSTION_IMBALANCE
2026-01-02 05:22:00,1491.5486872385754,90.0,74.67318453343266,88.47582317238142,4.843012513982227,606.8339381286041,47.976430512918206,7.040246690778629,401.7975528540602,720.6075150490947,49.72711378380233,1,COMBUSTION_IMBALANCE
2026-01-02 05:23:00,1494.7780487259256,90.0,77.277077347614,88.52794281884596,4.545513622241463,613.9440704071133,47.313045102896965,6.7779872941298915,400.02150463326365,715.2212282108868,49.84849625833766,1,COMBUSTION_IMBALANCE
2026-01-02 05:24:00,1493.274649366046,90.0,75.92160905465538,88.47963696062733,4.974937157299574,615.9843762392459,48.5369229108671,6.900607046321554,399.36762653283955,718.0064910875841,49.77216628043442,1,COMBUSTION_IMBALANCE
2026-01-02 05:25:00,1495.232600085444,90.0,73.38971451862378,88.31364484769006,4.6451131097447895,612.7401679664775,50.606650616950134,7.142233478357822,401.5675842178468,720.3868714138042,49.80154812356053,1,COMBUSTION_IMBALANCE
2026-01-02 05:26:00,1489.214529055666,90.0,76.47153505313426,87.77205193922994,4.887555079894369,619.3420717786189,50.218196667072945,7.02444509401386,400.1811853487517,725.9214971557836,49.69128116303371,1,COMBUSTION_IMBALANCE
2026-01-02 05:27:00,1491.9308987520922,90.0,75.6985974738871,88.46267296401422,4.723828078746433,624.961047893171,50.092296612793575,6.777588146728279,398.8749659776514,721.2835958639787,49.71086097110464,1,COMBUSTION_IMBALANCE
2026-01-02 05:28:00,1488.7665732501039,90.0,78.41746675199444,89.00946229456778,4.637944080388632,632.2270971072073,46.77609392983741,6.9952257862506055,401.7324963408124,716.6903241004129,49.55129313353513,1,COMBUSTION_IMBALANCE
2026-01-02 05:29:00,1491.541235336289,90.0,75.91735117511914,89.40683654189753,4.738374669700191,620.789130237729,46.66264595394879,7.099904324228594,400.2904926467752,721.9950237962192,49.61556745359282,1,COMBUSTION_IMBALANCE
2026-01-02 05:30:00,1491.5027682924667,90.0,75.37161586642773,88.38100433634692,4.835292457768698,606.4766632154689,47.01172169138337,7.222854438247248,400.0043889500192,728.5377444466088,49.77980141908219,1,COMBUSTION_IMBALANCE
2026-01-02 05:31:00,1493.2532272745261,90.0,77.17697457454783,88.43519502735809,4.576025619378362,613.5262377480218,49.46055630325867,6.886424266651019,400.2668625871175,724.5835323629451,49.805940774641094,1,COMBUSTION_IMBALANCE
2026-01-02 05:32:00,1492.0911277622838,90.0,75.90246312326624,88.75021358954437,4.7951546131378135,614.2464775874045,47.13565699832124,6.938294055459773,398.3939974428751,722.7376326521781,49.740769602765916,1,COMBUSTION_IMBALANCE
2026-01-02 05:33:00,1493.24681427656,90.0,75.79302416040878,89.24662077973598,4.713849734539571,620.1464023998116,50.02361340335649,6.923468002255961,399.2085193357325,723.6279508774116,49.75288007737612,1,COMBUSTION_IMBALANCE
2026-01-02 05:34:00,1493.4068802662778,90.0,77.2482258701122,88.25685169474765,4.79256737436168,618.8816803343394,50.991294363549265,6.945895960121642,400.00537390274917,727.1997702071432,49.753779421499104,1,COMBUSTION_IMBALANCE
2026-01-02 05:35:00,1496.3098573547663,90.0,75.54834717606275,88.8463256584751,4.724171022564396,635.5039665111151,52.39138501033777,7.168500943139422,399.708004457463,725.3781339700884,49.8232084127368,1,COMBUSTION_IMBALANCE
2026-01-02 05:36:00,1491.3694066894277,90.0,75.10751169208221,88.08859036723773,4.681041308779781,610.384868647451,48.74633356402597,7.21889782597673,401.90864257422487,722.8338019055883,49.690740774086265,1,COMBUSTION_IMBALANCE
2026-01-02 05:37:00,1490.1179545986672,90.0,78.67088511099628,88.66492449513268,4.615389184960158,618.847505337668,52.63816451861548,7.322680698576617,400.32610877909053,725.3432110979504,49.56459412586623,1,COMBUSTION_IMBALANCE
2026-01-02 05:38:00,1492.4921672306327,90.0,77.41878892870365,88.98530208830911,4.78755846943852,638.547113977441,51.723372519273006,7.106765018184846,401.2823558839546,714.5917445186797,49.71293572501433,1,COMBUSTION_IMBALANCE
2026-01-02 05:39:00,1490.395439945721,90.0,76.50293506580127,87.85456969672603,4.809635805285363,609.147931030964,47.196608337888634,6.856435409044105,400.01409303186375,712.4886737382986,49.66430112237314,1,COMBUSTION_IMBALANCE
2026-01-02 05:40:00,1494.9639215368732,90.0,76.81612870653184,88.23742763899082,4.801478671989265,616.4514869617036,47.07503023821689,7.283894032891492,401.5844327256192,720.7854932532191,49.86262472025529,1,COMBUSTION_IMBALANCE
2026-01-02 05:41:00,1491.4335639221094,90.0,77.40636427348869,88.97739154834743,4.763211800977109,605.5511949887598,51.33575185361273,7.194328735681516,400.5962916348597,720.3434035482527,49.71245580756831,1,COMBUSTION_IMBALANCE
2026-01-02 05:42:00,1490.868847264252,90.0,77.95029791886935,88.80808061525732,4.818308274878801,615.8208689962743,51.13953116502471,7.1869938958632,400.0201307280827,717.2804497324337,49.735374397835514,1,COMBUSTION_IMBALANCE
2026-01-02 05:43:00,1491.0573685576978,90.0,76.04659153371131,89.01797307015735,4.860247466573817,607.1978285186236,47.1380253983792,6.930819302337755,399.9800753665615,724.1292633491386,49.76936904051227,1,COMBUSTION_IMBALANCE
2026-01-02 05:44:00,1493.4368348469434,90.0,77.32013132760976,88.92421982322696,4.533873818794809,625.4680090349135,48.23005097587449,7.160832827278932,398.56834206056357,710.6856820677439,49.83413633292265,1,COMBUSTION_IMBALANCE
2026-01-02 05:45:00,1491.684506033537,90.0,76.37002484352558,88.32944823604157,4.49923129089226,616.473188590314,48.917259323145814,6.973769042774856,400.7603735802045,717.326138719711,49.74634236015349,1,COMBUSTION_IMBALANCE
2026-01-02 05:46:00,1490.7166663597393,90.0,76.74722291862025,89.59959507419727,4.8798028345040185,605.6460274001771,55.551729851626206,7.321392997689152,399.9396928981954,717.575222275612,49.69114867928368,1,COMBUSTION_IMBALANCE
2026-01-02 05:47:00,1495.330703835247,90.0,77.16027967580168,88.56845499537663,4.594526248633948,623.4056769779168,52.04294750757444,7.151521194259232,399.2470120597282,711.8184910745027,49.79531739408756,1,COMBUSTION_IMBALANCE
2026-01-02 05:48:00,1490.2876603186764,90.0,76.99654671247323,86.97214552542783,4.651932760812481,616.7966603887158,52.206418652025995,7.1460931207270875,401.6596926562181,727.4736550363465,49.71325254652485,1,COMBUSTION_IMBALANCE
2026-01-02 05:49:00,1492.071132148066,90.0,77.84813784747176,88.35882681381128,4.7040620325362825,624.5281877722346,55.55876784174125,6.955068903382193,398.1246759611578,713.2039936566833,49.81969177404661,1,COMBUSTION_IMBALANCE
2026-01-02 05:50:00,1493.3046123032204,90.0,77.59391332434575,88.26541437150027,4.5692945546986845,603.5233737205225,51.17904184514723,7.480419173936808,399.36625615685136,717.0582997134616,49.793925712089866,1,COMBUSTION_IMBALANCE
2026-01-02 05:51:00,1488.7373297791657,90.0,75.38837499313127,88.89762458368357,4.683888838595565,618.6882441224866,52.88018834510294,7.235787073754129,401.5415781231693,724.5398987890256,49.720440616726826,1,COMBUSTION_IMBALANCE
2026-01-02 05:52:00,1492.960521002812,90.0,75.57885886997222,88.27440734240086,4.639701318739716,622.733416946447,50.886772882728316,7.31739615406755,400.4732844113804,723.2302267171436,49.689072114690674,1,COMBUSTION_IMBALANCE
2026-01-02 05:53:00,1489.889784649039,90.0,76.70577998533402,89.0494849979095,4.695676213072109,610.7662250976426,53.76201981275867,7.165401981861489,399.9282116085209,714.4591265175762,49.60528465239565,1,COMBUSTION_IMBALANCE
2026-01-02 05:54:00,1493.645565561668,90.0,79.18640304340994,88.77904968620328,4.752403136766644,602.4099727303185,50.43684002119758,6.994884988006669,400.3765053147252,723.4124460463032,49.83094559410968,1,COMBUSTION_IMBALANCE
2026-01-02 05:55:00,1490.074697976162,90.0,76.21263646731906,87.9999547692649,4.705647082071745,614.583925046296,52.766836269334235,7.231174882364549,400.26912125657327,721.4489223932911,49.68237110971307,1,COMBUSTION_IMBALANCE
2026-01-02 05:56:00,1493.3855380636978,90.0,76.9550681955132,88.42981333219421,4.691999004816401,627.2811529378093,48.653309762265614,7.275691732445457,397.72500618057114,731.6651778105573,49.84520704428519,1,COMBUSTION_IMBALANCE
2026-01-02 05:57:00,1494.2116661325895,90.0,76.61082879583564,88.11223327786223,4.76355491412192,626.2593033063406,49.55264626335074,7.421052004182968,399.4761071719781,722.0197020803415,49.80628195571664,1,COMBUSTION_IMBALANCE
2026-01-02 05:58:00,1493.7228730512657,90.0,76.61383965274406,88.59237932342677,4.832581593326459,610.7157156524443,50.35858621171551,7.303993517822173,402.42478248177065,719.2937908946574,49.74736366391577,1,COMBUSTION_IMBALANCE
2026-01-02 05:59:00,1492.5026332964762,90.0,77.45656909992569,88.10925456638236,4.898111343364519,602.1691456362356,51.360098498336505,7.243830228060544,399.01101379783427,715.7174902144029,49.73940811443896,1,COMBUSTION_IMBALANCE
2026-01-02 06:00:00,1491.5373981141406,90.0,78.84887054933914,88.53721761525446,4.707401822294689,610.6882027965042,55.03592382642163,7.099332120571534,399.5225484788435,716.2787831652222,49.64127907192517,1,COMBUSTION_IMBALANCE
2026-01-02 06:01:00,1490.8471608473303,90.0,77.79068460786627,88.36384712450473,4.915211972702229,610.3152234926808,53.57781709924174,7.40969069908455,399.1875688550362,715.8711545226593,49.638475827922825,1,COMBUSTION_IMBALANCE
2026-01-02 06:02:00,1494.9420693816342,90.0,76.38004532320167,88.42388837266002,4.819192916022924,619.4644678330478,56.01057693872936,7.240687961245826,399.8694771650228,726.8554940695597,49.88002451261704,1,COMBUSTION_IMBALANCE
2026-01-02 06:03:00,1490.6010095596648,90.0,80.3636170520996,89.52547018989898,4.586289750804703,613.9499849709588,54.0273432827968,7.664161306753139,399.1253157530136,720.0898495750823,49.73033968937898,1,COMBUSTION_IMBALANCE
2026-01-02 06:04:00,1489.92586785286,90.0,77.36800200747648,88.31975738664633,4.607484026705706,607.4673578826286,52.86867462177483,7.430029332267621,400.7301122532371,722.8262356198736,49.68234580933563,1,COMBUSTION_IMBALANCE
2026-01-02 06:05:00,1493.3307378700656,90.0,76.63351252885205,87.53278345619134,4.691615545815907,626.0426306726067,52.27916340971848,7.512420568006598,400.2959701184354,727.5712379999044,49.691637386287496,1,COMBUSTION_IMBALANCE
2026-01-02 06:06:00,1490.407726393627,90.0,78.86154793963891,89.0079130723671,4.864302136888631,616.4042586744483,56.66706358555905,7.350242266742166,401.1603214226605,708.2076792889627,49.66233736767858,1,COMBUSTION_IMBALANCE
2026-01-02 06:07:00,1490.0998730050678,90.0,76.75464090790294,89.00397795090093,4.669783709425428,619.3541565273094,49.16484901957154,7.440256057953582,398.42358825071653,726.3943688235018,49.608745772402585,1,COMBUSTION_IMBALANCE
2026-01-02 06:08:00,1489.1127914756605,90.0,79.14246329358595,87.51052991310152,4.560553719287342,597.7501456586873,52.87456739079076,7.221856936845949,399.4894892756756,720.2769845589166,49.695919711878076,1,COMBUSTION_IMBALANCE
2026-01-02 06:09:00,1491.034180321079,90.0,76.30488007411734,88.1495501893959,4.714120575323311,590.7573512930271,56.23048108230573,7.164356234866078,399.6614160525818,722.1752418582022,49.67195323735783,1,COMBUSTION_IMBALANCE
2026-01-02 06:10:00,1491.834569952207,90.0,78.88163403559194,88.71790527842319,4.527584697675496,600.6245421855559,51.86481143047813,7.403026215469711,400.6834703651329,715.8579838912588,49.67353161286782,1,COMBUSTION_IMBALANCE
2026-01-02 06:11:00,1492.4861834553215,90.0,77.5051733839955,88.76210163060846,4.619259402694143,610.1945657439322,52.20994319034836,7.514078331040215,398.81016820418944,716.2243780077574,49.751029256766785,1,COMBUSTION_IMBALANCE
2026-01-02 06:12:00,1493.902612488599,90.0,78.72597850062672,88.49763811827357,4.67134439700527,620.7635601761381,54.52556449025504,7.010837645987684,401.3734807063875,722.4442294490649,49.764746026778234,1,COMBUSTION_IMBALANCE
2026-01-02 06:13:00,1493.0537958473317,90.0,79.40997759374574,88.50891268946657,4.744788637303138,591.577531295927,56.2570066477071,7.300179301839192,401.7796233857764,731.9229890016574,49.84264705708791,1,COMBUSTION_IMBALANCE
2026-01-02 06:14:00,1491.6182555608937,90.0,76.01147983461621,88.03070606345834,4.841802111391521,630.9285206437198,55.256926095317475,7.768424421577678,398.51669147854665,725.0165665640745,49.68386797381975,1,COMBUSTION_IMBALANCE
2026-01-02 06:15:00,1491.6036086472407,90.0,78.70886443924933,87.30007564327208,4.823412081471735,616.7056602677012,55.16361970814349,7.495845510333991,399.26369065765965,726.3276146070928,49.65015887528012,1,COMBUSTION_IMBALANCE
2026-01-02 06:16:00,1493.0203149378303,90.0,75.70202762704356,89.5247536590917,4.591572446973418,628.6029499294991,50.71454191005671,7.7075292067381,399.20210273756186,719.0399936486929,49.65969815547313,1,COMBUSTION_IMBALANCE
2026-01-02 06:17:00,1494.5451403258571,90.0,76.10715352212199,88.01566636114657,4.702515446560503,606.1402991752587,53.086423957258496,7.273191009642283,403.94857930701625,716.9989788770719,49.81663201907457,1,COMBUSTION_IMBALANCE
2026-01-02 06:18:00,1492.2526283989664,90.0,76.38018140503249,88.58825284503217,4.735872501969613,620.0385993417249,51.582059391569025,7.308418847001112,399.35514984218815,716.095975242105,49.713657774272654,1,COMBUSTION_IMBALANCE
2026-01-02 06:19:00,1491.061738291579,90.0,77.8440730325192,88.42057600217026,4.7053677675119445,615.8519592997079,56.20519086633553,7.593346664068902,402.5164381632342,717.5586313765166,49.63061271272705,1,COMBUSTION_IMBALANCE
2026-01-02 06:20:00,1490.014267997829,90.0,77.31697778216704,88.9485987761367,4.694098501890436,623.1768631305456,51.750010180571515,7.524704071075665,398.1000520073401,709.7360878341474,49.72660358965709,1,COMBUSTION_IMBALANCE
2026-01-02 06:21:00,1489.1095894711755,90.0,77.09280758573763,88.557448606741,4.556576695399753,612.6620863240029,53.52662784154214,7.381123084788063,398.51552355075347,716.375403285542,49.67034857307731,1,COMBUSTION_IMBALANCE
2026-01-02 06:22:00,1493.332539344087,90.0,77.44378351250505,88.57672047654593,4.613192175355118,619.7321520900759,55.66868502622702,7.147496838146299,398.9700932022277,717.1982342197008,49.77634041752271,1,COMBUSTION_IMBALANCE
2026-01-02 06:23:00,1493.1559570472791,90.0,77.94224434000868,87.18284087599547,4.716049197566163,626.021953187712,53.96067191879611,7.6313703924453815,398.7314660328302,719.1232091280258,49.84008154711785,1,COMBUSTION_IMBALANCE
2026-01-02 06:24:00,1493.1547270502133,90.0,78.02843789881432,88.0833304637288,4.429010823230908,608.4882370610823,54.00502324237386,7.902045629505542,399.59815189876224,720.6587505487364,49.80495103667704,1,COMBUSTION_IMBALANCE
2026-01-02 06:25:00,1491.742681107296,90.0,78.50546685588895,88.87231652329943,4.786618101534997,617.4224423248965,50.824161808478365,7.085626762340649,398.93683269591776,721.8122543431281,49.683613241833946,1,COMBUSTION_IMBALANCE
2026-01-02 06:26:00,1494.8138694917834,90.0,79.31843899029954,88.8273341125359,4.586185407778175,596.1213776277765,53.47508198699406,7.680723829949887,398.77098761089815,719.9253731377852,49.775167974859905,1,COMBUSTION_IMBALANCE
2026-01-02 06:27:00,1491.0317630108304,90.0,77.25607414286556,88.02417358819132,4.808200341562688,622.0250301906336,58.1906123210114,7.306339771468526,401.73770799471,717.0927845682862,49.74195784425037,1,COMBUSTION_IMBALANCE
2026-01-02 06:28:00,1493.9105384744144,90.0,76.69638036241338,87.71098570863937,4.805671886274303,634.5466254346248,54.51555956085644,7.33330626979237,401.83569043376974,710.1832067836724,49.816836296970514,1,COMBUSTION_IMBALANCE
2026-01-02 06:29:00,1491.9225142100208,90.0,77.96716046468742,88.5632896533614,4.674364902621534,602.555639522513,52.878315356734284,7.453927897507667,401.423944747563,717.123456957991,49.7392378620659,1,COMBUSTION_IMBALANCE
2026-01-02 06:30:00,1490.7832984706413,90.0,75.99843460578363,87.04661297560202,4.859122573058113,614.0861873957206,49.29957168802328,7.1588953441720005,400.7859984333765,715.137746811565,49.65045172554459,1,COMBUSTION_IMBALANCE
2026-01-02 06:31:00,1493.1850606146356,90.0,76.519851372035,87.92566287383104,4.815806477015872,623.8048130091412,53.45004856178605,7.392572311011123,400.1391145986693,722.330333741393,49.80323273217147,1,COMBUSTION_IMBALANCE
2026-01-02 06:32:00,1492.819272237368,90.0,78.39930665995993,89.38008053757758,4.681502242164984,615.3141747346655,54.647156873920196,7.077749274439566,399.25445396400113,724.5464369834684,49.72286746375558,1,COMBUSTION_IMBALANCE
2026-01-02 06:33:00,1492.7139455185338,90.0,77.14097622020418,89.22253366443681,4.673373365192094,616.6509955149322,48.79869692203644,7.49521649795564,398.5702637428674,724.6928553352997,49.75203218455478,1,COMBUSTION_IMBALANCE
2026-01-02 06:34:00,1492.1625568441125,90.0,75.926824446639,88.7436246793825,4.834850784978785,611.0900055847636,54.808338774409194,7.846744407592634,400.544493555149,723.7847636806391,49.811099102123094,1,COMBUSTION_IMBALANCE
2026-01-02 06:35:00,1491.9242138365664,90.0,75.61142056679101,88.65366815724056,4.750128020795955,610.7184774691209,53.150622653032116,7.272093702167267,398.2395544111798,719.3323713227376,49.69776541609504,1,COMBUSTION_IMBALANCE
2026-01-02 06:36:00,1496.776743985741,90.0,77.33456268092107,87.52491460773773,4.853971424682059,614.1330584641462,53.93824460784038,7.366251332341657,398.5091186062369,717.3902221726205,49.813908670004395,1,COMBUSTION_IMBALANCE
2026-01-02 06:37:00,1494.3685132903925,90.0,78.55892412140417,88.12966638167538,4.498509264931219,615.4167142213936,50.33199293823135,7.37610436478545,401.72936988430723,716.2644862316647,49.759656416752904,1,COMBUSTION_IMBALANCE
2026-01-02 06:38:00,1493.445653789971,90.0,78.54397127083493,88.35241570101704,4.742800195681606,603.1855873842269,56.00497400479377,7.5972937187982,402.85097356258314,712.4625054169912,49.83123673433341,1,COMBUSTION_IMBALANCE
2026-01-02 06:39:00,1492.2235983164069,90.0,77.40418616323998,88.14029312524933,4.579453228798076,614.3397801405397,53.79774738895131,7.48111447381036,400.58994270724975,724.9592685025393,49.753523167415906,1,COMBUSTION_IMBALANCE
2026-01-02 06:40:00,1494.0143144011934,90.0,79.52997854938766,88.32487833254599,4.730923582600403,630.6853393870932,52.48456674461222,7.584069202070386,401.65968572844196,719.1264448103501,49.79403327777201,1,COMBUSTION_IMBALANCE
2026-01-02 06:41:00,1493.035989552783,90.0,77.16260119014669,89.14961221217308,4.788389776591126,610.808662064111,56.42709549605344,7.298752932959525,399.631227523834,713.7682985318957,49.74241162816052,1,COMBUSTION_IMBALANCE
2026-01-02 06:42:00,1492.052409505548,90.0,77.1248042617949,88.22908846936427,4.909332245187625,602.6274501712537,53.58742483999393,7.486713800963959,397.99348872086847,715.8675431214489,49.759348312229264,1,COMBUSTION_IMBALANCE
2026-01-02 06:43:00,1491.3928713494681,90.0,74.40447178109233,88.32953040972154,4.63959271896185,613.4858393201357,52.6067064451091,6.726438853412828,400.91825742792787,715.6651327178372,49.67064046909943,1,COMBUSTION_IMBALANCE
2026-01-02 06:44:00,1491.8381653246747,90.0,76.77895349693945,88.86976564334181,4.670034206602966,607.853871878757,53.11979229750455,7.533492514397806,400.8539339849051,720.2151224250756,49.74322212258795,1,COMBUSTION_IMBALANCE
2026-01-02 06:45:00,1485.6591485282438,90.0,78.23425683909751,87.79026214069853,4.734641466478476,601.6165817467806,53.707827622456335,7.1564414582409475,400.10750283082035,725.3373392553534,49.48540888916747,1,COMBUSTION_IMBALANCE
2026-01-02 06:46:00,1492.4212016785953,90.0,79.03163669728288,88.07989771058051,4.640948935642201,616.3916846173262,53.01146166179585,7.334481223700015,399.6364368128423,718.2600522520221,49.702490420022755,1,COMBUSTION_IMBALANCE
2026-01-02 06:47:00,1491.0230478397793,90.0,76.35013721029264,88.1311387061215,4.835233198756495,607.8971796284892,50.57773868834534,7.549050221728841,401.44331586787166,708.7373324260817,49.66889388958472,1,COMBUSTION_IMBALANCE
2026-01-02 06:48:00,1495.1853399965657,90.0,77.79772260880823,88.52779607327581,4.722434623997922,608.7528583314672,53.23501339083983,7.092782033476018,398.5214004498588,719.0540983242054,49.82074096089466,1,COMBUSTION_IMBALANCE
2026-01-02 06:49:00,1492.0386881416234,90.0,78.4525045162021,88.3275189662531,4.745645323012543,616.5342738038539,53.84588006462623,7.617886559644405,398.839329131664,719.219030499514,49.73218144625743,1,COMBUSTION_IMBALANCE
2026-01-02 06:50:00,1489.62207316093,90.0,77.29255313157941,88.34332954532636,4.795150721770888,599.6682540463767,55.33933659660564,7.3751390377422545,398.48784023985934,718.8753988453224,49.66584189511989,1,COMBUSTION_IMBALANCE
2026-01-02 06:51:00,1491.9002396917438,90.0,74.72272588756951,88.16757300644868,4.7294773882334855,597.5843034974888,49.083492397015064,7.690623097257447,400.12745944395374,716.8626941676215,49.54558972515337,1,COMBUSTION_IMBALANCE
2026-01-02 06:52:00,1489.907757829875,90.0,77.55696479952317,87.96458486989255,4.6589543897845624,621.7087219450193,52.58719236681387,7.219431168192843,398.3681604818361,721.0871954036293,49.62320939977516,1,COMBUSTION_IMBALANCE
2026-01-02 06:53:00,1492.946814831425,90.0,78.1328022989482,88.80457146210522,4.7176065469280495,595.6916639927591,53.587013157185176,7.03744245513061,398.9736367292271,720.330705575745,49.74531532884637,1,COMBUSTION_IMBALANCE
2026-01-02 06:54:00,1492.581894728679,90.0,76.21888635757934,88.3310979405188,4.647759905238285,605.2332230469265,49.505394823395704,7.394210656932392,398.9413666566592,719.8758484293668,49.82798292621971,1,COMBUSTION_IMBALANCE
2026-01-02 06:55:00,1493.9156792622166,90.0,76.99534692542069,88.80950949007361,4.734607899110177,597.0016046461157,53.66276973969073,7.517415213569448,399.60908750149906,722.0632068072148,49.74318917832145,1,COMBUSTION_IMBALANCE
2026-01-02 06:56:00,1490.4182364166109,90.0,75.9858444328158,87.94418633475935,4.840810045384993,610.1386353315116,52.58914113757845,7.534187387762044,397.768938330394,717.8508358842607,49.68874771145869,1,COMBUSTION_IMBALANCE
2026-01-02 06:57:00,1492.0680161924563,90.0,74.40143474559001,88.1673789211251,4.619154592350265,619.2805874765116,50.366456728848554,7.172902372814553,400.1308074880559,717.5670716514967,49.810352055235334,1,COMBUSTION_IMBALANCE
2026-01-02 06:58:00,1489.2699564091467,90.0,78.43024494120219,88.38940848607655,4.57897473013426,616.1233794873237,56.36310094509742,7.075073385976017,401.870955475997,726.900616447927,49.57668345380753,1,COMBUSTION_IMBALANCE
2026-01-02 06:59:00,1493.4029895638494,90.0,77.27580164214193,88.43606648159182,4.736203663960131,638.9187338945728,54.668402761648835,7.337535205219687,400.20323705847517,722.7967770485772,49.799798413421534,1,COMBUSTION_IMBALANCE
2026-01-02 07:00:00,1493.0377423608802,90.0,79.06939599630958,88.87718436296603,4.645676351066288,625.86915617789,54.16319683507206,7.503288798095118,402.311981717202,724.134730304714,49.72781115366595,1,COMBUSTION_IMBALANCE
2026-01-02 07:01:00,1492.991610042055,90.0,78.24020085493493,88.28474535520375,4.737479620337122,605.688421498434,56.69713984505604,7.493157356421264,402.00099727881536,726.1305229266703,49.741155314287376,1,COMBUSTION_IMBALANCE
2026-01-02 07:02:00,1492.003238062714,90.0,76.8832850669347,88.87337112140537,4.754572929632863,603.0294499517358,55.519705524044326,7.714425267294429,401.16660257087176,722.629720903124,49.69328572705947,1,COMBUSTION_IMBALANCE
2026-01-02 07:03:00,1492.8295457815775,90.0,77.18683766068308,88.68747200427978,4.51188193702155,642.066879409755,52.95492931731383,7.325308959716517,400.1120287639553,724.6419433956809,49.72439199396512,1,COMBUSTION_IMBALANCE
2026-01-02 07:04:00,1495.2086782166173,90.0,77.91411867766261,88.44657369495846,4.800053468866685,625.6257200573336,55.50019849606721,7.031020712355062,400.03375058236816,712.1032741896487,49.97638488128257,1,COMBUSTION_IMBALANCE
2026-01-02 07:05:00,1491.429811485916,90.0,78.36290942676645,88.02435060175166,4.622546137669442,620.8936960726958,55.48613353222588,7.6393332876568465,401.1456996585449,721.0207693599801,49.75654984313412,1,COMBUSTION_IMBALANCE
2026-01-02 07:06:00,1492.2772903674202,90.0,77.64139110643106,88.87843763273159,4.720196452288899,615.7485181221562,54.76194743070037,7.43903906282215,399.41249408574396,719.0864076909284,49.79766323866998,1,COMBUSTION_IMBALANCE
2026-01-02 07:07:00,1489.8277474016372,90.0,78.51826432272424,88.0368312663431,4.673325141129295,617.7352156747502,52.577124417886765,7.4564375821001825,397.1762188727988,728.388420454499,49.68552458772973,1,COMBUSTION_IMBALANCE
2026-01-02 07:08:00,1490.2634780768033,90.0,76.9477310149246,88.4893598099213,4.675017102323145,600.1792672451758,56.75883187386173,7.553418078421316,400.7380060811544,724.6382276590165,49.59513642980668,1,COMBUSTION_IMBALANCE
2026-01-02 07:09:00,1492.1956265861866,90.0,76.16319922760005,88.4730297785319,4.899935198391161,616.5703917019677,51.62413418825941,7.652728718073732,398.30339705509755,716.8477740460341,49.75960211805572,1,COMBUSTION_IMBALANCE
2026-01-02 07:10:00,1494.2078670934038,90.0,77.20741363601154,88.39645242869129,4.763997703505741,615.7123139745902,49.23749959444153,7.395396003169959,398.55678815771444,721.863970792646,49.86057538383883,1,COMBUSTION_IMBALANCE
2026-01-02 07:11:00,1491.4874383514968,90.0,77.50980707762453,88.30534013850728,4.824362037525214,605.9586115689852,51.381145838147596,7.635310326665614,400.00033592199367,720.8384066672462,49.67357797134794,1,COMBUSTION_IMBALANCE
2026-01-02 07:12:00,1491.5281669413757,90.0,75.934280357892,88.08896165251909,4.753314902369893,609.6147354643152,51.28565518468803,7.510427252828357,399.8573126836698,722.2716571657611,49.76587189807058,1,COMBUSTION_IMBALANCE
2026-01-02 07:13:00,1491.1862295109913,90.0,75.78287126575579,87.6915317813149,4.808170721839197,630.1517639344355,52.54220668876394,7.268883521738401,397.88188659052656,714.9057876531267,49.741424460859086,1,COMBUSTION_IMBALANCE
2026-01-02 07:14:00,1490.9304866583113,90.0,77.78107265205024,89.2019023664201,4.757699788885943,613.7482507970514,56.290313422285855,7.353352305566298,400.2482373461997,721.8000823261912,49.79028489085106,1,COMBUSTION_IMBALANCE
2026-01-02 07:15:00,1492.5899429114177,90.0,76.82488032646513,88.2541382678713,4.760362849111257,635.7117130253312,53.80012892426593,7.523348804679701,401.4492094912916,718.8592432535588,49.732108946421576,1,COMBUSTION_IMBALANCE
2026-01-02 07:16:00,1489.0054847096428,90.0,77.09425818565856,88.43594395244119,4.841996711867644,597.5932056351262,52.76474524939424,7.258235047151221,398.30748764460134,721.412248820278,49.578635607874304,1,COMBUSTION_IMBALANCE
2026-01-02 07:17:00,1494.5618791533334,90.0,76.87714421441508,88.43288630803296,4.7469928192237685,609.7786981377425,55.17937119230774,7.57729182042729,401.9087249962731,716.3780741743891,49.800647899642485,1,COMBUSTION_IMBALANCE
2026-01-02 07:18:00,1490.6691554037411,90.0,78.98307300997482,89.0478021686143,4.947558813849485,599.5272144875308,53.41062341121923,7.431636700169442,397.6597437623051,717.074684143017,49.76075039644955,1,COMBUSTION_IMBALANCE
2026-01-02 07:19:00,1493.4438069708763,90.0,78.6931724996424,89.46659711075876,4.8067212150660685,602.9057754610817,52.27034645961021,7.476323647819964,403.17598621655645,725.8692101018335,49.690039938320446,1,COMBUSTION_IMBALANCE
2026-01-02 07:20:00,1489.4600028052123,90.0,75.89416386715614,88.57992370979427,4.614447456030145,606.717942943407,52.34093011056883,7.688101064710031,399.3831093542748,714.7422622082992,49.545247974402194,1,COMBUSTION_IMBALANCE
2026-01-02 07:21:00,1493.3376802610924,90.0,76.6832716013499,88.42149866577147,4.713915055786273,618.1530962677059,56.584552290605686,7.47131337551524,400.21842549524035,715.1112279947897,49.782392439316325,1,COMBUSTION_IMBALANCE
2026-01-02 07:22:00,1493.343889215629,90.0,78.23200478012595,87.93827149642023,4.780942330020663,617.6682617108039,52.990801739683214,7.414282370783063,397.1619496412715,719.7420937139221,49.75600017588226,1,COMBUSTION_IMBALANCE
2026-01-02 07:23:00,1492.7684041440118,90.0,77.95416858555565,87.77820577529354,4.748885568065332,608.207096803724,52.2209190618746,7.383482307378376,399.90679590029606,716.1405481240703,49.75933319945918,1,COMBUSTION_IMBALANCE
2026-01-02 07:24:00,1490.0111429564004,90.0,77.23356708219065,87.61301253517787,4.81642709119366,592.7220044266342,52.63933785362908,7.373068608043852,400.3427232665773,715.5748568386861,49.71430368710847,1,COMBUSTION_IMBALANCE
2026-01-02 07:25:00,1492.499096379196,90.0,76.00588777044007,88.1020775202382,4.8176601200786235,629.7769287303215,55.28438801967491,7.462459872840721,399.87075684385076,720.5253798560415,49.72234141200059,1,COMBUSTION_IMBALANCE
2026-01-02 07:26:00,1489.6338876305313,90.0,76.51555514830804,87.45457260134337,4.614949849393236,612.1423528396365,54.15677809610898,7.672664596823283,399.15537838442145,712.4746707154815,49.56081262947118,1,COMBUSTION_IMBALANCE
2026-01-02 07:27:00,1491.4944734898077,90.0,76.70122032434816,89.03941497686999,4.84731945493425,603.8370982969886,50.654379666642036,7.2776447479331665,398.58015322220825,714.9601888254318,49.81870652752025,1,COMBUSTION_IMBALANCE
2026-01-02 07:28:00,1494.0588262019107,90.0,77.59023365085339,88.71154812199664,4.676087291011462,617.7493078107009,51.75273860840275,7.262508572265807,401.695789929306,730.2704779146183,49.75209945902508,1,COMBUSTION_IMBALANCE
2026-01-02 07:29:00,1493.5934038541416,90.0,79.18817441326091,88.37417974265753,4.672925954560374,617.0444517052317,55.577130660551134,7.657007979039606,400.0462107024969,722.2973752948451,49.73349493903745,1,COMBUSTION_IMBALANCE
2026-01-02 07:30:00,1492.0303658850808,90.0,76.51069413703729,89.05469199038032,4.658993920921839,611.7732353500004,53.65762514873561,7.286770612028289,402.3111285647752,716.2671832386504,49.78953153018882,1,COMBUSTION_IMBALANCE
2026-01-02 07:31:00,1490.0503868481544,90.0,76.13084052273814,87.96442196129829,4.821569201373093,616.485310156415,53.28614334762747,7.4432189732705405,399.2102764678076,722.091075391331,49.649121772219736,1,COMBUSTION_IMBALANCE
2026-01-02 07:32:00,1493.2911754243485,90.0,77.15838314595271,88.09000947231765,4.711493040738868,603.4497015959198,56.5499933760994,7.281640507036826,399.3478079599417,722.8366523849331,49.7732030215432,1,COMBUSTION_IMBALANCE
2026-01-02 07:33:00,1492.038762475396,90.0,78.43554765817576,87.53310335984905,4.682982768369249,622.5991284317648,55.73362754158522,7.064103108328708,401.22339136689425,724.9720721004512,49.758764922049544,1,COMBUSTION_IMBALANCE
2026-01-02 07:34:00,1487.3593688035392,90.0,75.65949107722803,88.88717684751003,4.679860547305445,605.0313290524313,51.97997336893494,7.4396450386583926,397.5655375569946,719.3642198527164,49.632824781940144,1,COMBUSTION_IMBALANCE
2026-01-02 07:35:00,1493.5652596526331,90.0,78.90807024897995,88.0948293568453,4.558634246971506,608.9443034469657,52.98993455046039,7.6230335788052095,398.1798049597706,724.8824885138645,49.76883562042869,1,COMBUSTION_IMBALANCE
2026-01-02 07:36:00,1491.9515343322605,90.0,77.08732487443045,88.50784780663784,4.6456266674720945,621.4880181615157,47.60813133535409,7.387589029641455,401.64622745702974,709.8077673755892,49.80771541137106,1,COMBUSTION_IMBALANCE
2026-01-02 07:37:00,1494.404902495966,90.0,76.45756159740904,89.00128820028726,4.596015881128945,627.0395896501024,54.831278358491964,7.103668287348754,398.2420991061652,714.7184593476212,49.7067067574288,1,COMBUSTION_IMBALANCE
2026-01-02 07:38:00,1489.8094589623145,90.0,75.48778799882639,89.18542537774964,4.689374559395418,630.8577456804634,53.15778950019821,7.421814116610083,397.2714234770462,720.8193570086822,49.698304660591475,1,COMBUSTION_IMBALANCE
2026-01-02 07:39:00,1485.646592373608,90.0,78.0713032662311,88.48542682425465,4.796710790542266,625.5579823846657,51.23781378343904,7.248809722270922,402.80279078210964,721.648167664039,49.479576701219386,1,COMBUSTION_IMBALANCE
2026-01-02 07:40:00,1492.5581677166904,90.0,77.08828826132948,88.6921187181356,4.781545215730611,611.7592781619821,58.132660269538604,6.876098983350848,397.9092735281887,715.4410885616568,49.82055248972008,1,COMBUSTION_IMBALANCE
2026-01-02 07:41:00,1492.583127353364,90.0,77.47119014068507,88.04807487697809,4.864713552215097,599.5896693089953,56.05339281212754,7.383823255655292,400.2761790974923,721.2970999563158,49.75987313572033,1,COMBUSTION_IMBALANCE
2026-01-02 07:42:00,1488.6186567447871,90.0,76.27109085006728,89.3416866715037,4.816563848299588,629.050555856029,50.92530732753026,7.503536838777606,400.10362778908643,716.8807987565636,49.58697662489243,1,COMBUSTION_IMBALANCE
2026-01-02 07:43:00,1490.0430009082668,90.0,76.92261244163886,88.41692471985024,4.678801834111157,628.7069598890498,50.71656163618033,7.635541095626383,395.78405752507285,718.6152045288642,49.70124208492664,1,COMBUSTION_IMBALANCE
2026-01-02 07:44:00,1497.5104354874397,90.0,76.7350290040827,88.54014247593399,4.731104290556691,608.280238466465,51.897230087283724,7.751370947992428,399.5990244652483,725.123869003325,49.96167393360835,1,COMBUSTION_IMBALANCE
2026-01-02 07:45:00,1491.3887787716924,90.0,77.16733572197641,88.29657346386831,4.730812921300492,624.2118903782456,55.311412322420786,7.530187135477302,400.67261987421864,724.544687484443,49.74505399853268,1,COMBUSTION_IMBALANCE
2026-01-02 07:46:00,1493.4619179527524,90.0,76.53010139445911,89.09962449920681,4.502902241743675,611.6782220606926,55.91493863649753,7.586713481721119,400.5314640722783,715.0146983631837,49.73057911977676,1,COMBUSTION_IMBALANCE
2026-01-02 07:47:00,1490.6986803452633,90.0,75.56171732403031,88.59979696154153,4.606278107078195,630.0127688351173,54.137609180305695,7.143086909984387,401.35528102570527,714.7137426898995,49.66575515532767,1,COMBUSTION_IMBALANCE
2026-01-02 07:48:00,1487.8193942022938,90.0,80.3359197147322,88.88046728870674,4.705661986510754,609.8513533759622,53.441121211281924,7.724365160309251,399.41876302764183,717.9441330222335,49.59377616488705,1,COMBUSTION_IMBALANCE
2026-01-02 07:49:00,1491.6594835064082,90.0,75.75298724298199,88.67697906998937,4.709170775086132,634.7865128754851,54.03467722582114,7.6534720363143105,401.06875666313823,719.8662684941354,49.71991980091444,1,COMBUSTION_IMBALANCE
2026-01-02 07:50:00,1491.4687908794278,90.0,77.48323408777564,88.38979530839192,4.783436599252679,622.8612054759825,53.20051753045402,7.326576903006695,398.9660063978799,716.7105075571263,49.75311363641951,1,COMBUSTION_IMBALANCE
2026-01-02 07:51:00,1491.2002435226632,90.0,75.29532883216508,88.96473428064972,4.76706947734059,632.9754484468599,54.560715287844,7.536332025057568,397.88429887538086,725.2032122139983,49.60592972246344,1,COMBUSTION_IMBALANCE
2026-01-02 07:52:00,1491.7707183289872,90.0,75.04330687098788,88.67265809728762,4.549477587844274,610.3620273035012,53.16882190009097,7.516213636689722,398.05340743647815,721.7369492085428,49.74240696369392,1,COMBUSTION_IMBALANCE
2026-01-02 07:53:00,1492.5285365432912,90.0,77.38956567087456,88.01951046957632,4.791469464054226,619.0502960444419,56.4549348006413,7.694042702110078,397.8068343172069,722.0304255493721,49.736452150387876,1,COMBUSTION_IMBALANCE
2026-01-02 07:54:00,1491.6997660974923,90.0,77.47529169830051,88.00539430809523,4.757750834483472,605.3072080165564,51.41625445323932,7.3697784455680235,401.5143789518368,713.6673058552751,49.681400505763875,1,COMBUSTION_IMBALANCE
2026-01-02 07:55:00,1489.4719876641052,90.0,78.69287886969867,88.57441336451575,4.790849050874148,623.439892521192,52.27853457641009,7.250753472459998,397.7281397364122,725.8364535869189,49.61194191658169,1,COMBUSTION_IMBALANCE
2026-01-02 07:56:00,1492.972369583124,90.0,77.7274924619376,88.95372895119374,4.8276119797402846,623.9904153283712,49.91890610533746,7.302000326067731,400.41105826097396,705.8991558887966,49.7550187695449,1,COMBUSTION_IMBALANCE
2026-01-02 07:57:00,1488.1012564893551,90.0,77.11221199500471,89.31971027425313,4.699317497236141,638.9702391820118,55.92915727234603,7.579359196672773,399.6011137088914,724.1702772592469,49.42332096108886,1,COMBUSTION_IMBALANCE
2026-01-02 07:58:00,1487.8992850854315,90.0,76.21644772664719,87.61139327120952,4.8723309582738175,619.8203979721965,52.241486887585104,7.0160259179715325,399.84602713982406,724.6715586883539,49.56157835764148,1,COMBUSTION_IMBALANCE
2026-01-02 07:59:00,1493.4783609894032,90.0,78.95889351642158,88.5128299245493,4.64080335611971,622.2409420250609,50.89697464403807,6.800585312151299,402.04541094279955,717.8379940636102,49.73882129174779,1,COMBUSTION_IMBALANCE
2026-01-02 08:00:00,1493.0140405442708,90.0,78.32031339557626,88.74482383108743,4.63052971134103,610.2916962349622,56.70428689658172,7.578849801393596,399.3423589491771,726.3645510862372,49.793773845275155,1,COMBUSTION_IMBALANCE
2026-01-02 08:01:00,1491.8852092698519,90.0,75.88411098492178,88.64783456749731,4.769920527663608,620.4137937263524,58.02394113889655,7.454961092831059,400.9174023423245,719.6845122352282,49.6892306415362,1,COMBUSTION_IMBALANCE
2026-01-02 08:02:00,1489.2091029904898,90.0,77.32251937559593,89.00466355251679,4.683029974419146,611.2010879131242,55.34533736702735,7.403692667260636,400.05634502707164,720.3121585166372,49.629547743007805,1,COMBUSTION_IMBALANCE
2026-01-02 08:03:00,1490.5841781186518,90.0,77.4413384993097,88.82776698824568,4.7496079166969825,616.15860758842,51.11548522770505,7.138890674402308,399.771971641551,721.6976439370211,49.763253102004796,1,COMBUSTION_IMBALANCE
2026-01-02 08:04:00,1491.474506504627,90.0,76.89286790460166,88.00724990820976,4.939153213820254,616.745156615458,57.036339755301384,7.058022047080942,403.4499536865797,735.9328745590552,49.76553445947834,1,COMBUSTION_IMBALANCE
2026-01-02 08:05:00,1488.8082120628517,90.0,78.14447254410362,87.99260415565456,4.779497424237307,611.4769512665083,54.60099788085661,7.273094183300363,397.83798738142696,726.722169540415,49.67205397209223,1,COMBUSTION_IMBALANCE
2026-01-02 08:06:00,1490.5219426839535,90.0,78.21154111494995,88.6562274280758,4.748092405324896,615.6294509654199,49.59566440903635,7.472339019873936,401.93369775315614,723.5056560035646,49.65907113461124,1,COMBUSTION_IMBALANCE
2026-01-02 08:07:00,1493.3046606763533,90.0,77.06665601845829,88.9952527122112,4.633172907890591,611.2470483028658,52.10708774727717,7.2828488574465595,400.984609848235,715.435977566994,49.803973636509596,1,COMBUSTION_IMBALANCE
2026-01-02 08:08:00,1494.8546107285783,90.0,76.96542644470662,88.57170877647627,4.55856784380804,611.2026887496617,52.397682276027155,7.580020040048405,399.2807125080523,720.7179491273974,49.81679213426326,1,COMBUSTION_IMBALANCE
2026-01-02 08:09:00,1491.161130494683,90.0,78.95883347818764,87.71103346521579,4.738524669168333,625.7666465150227,51.89805929981806,7.209188131595941,402.4439777761624,715.9343795307681,49.695566355955584,1,COMBUSTION_IMBALANCE
2026-01-02 08:10:00,1493.512976708632,90.0,78.32477955944572,87.97641429234179,4.8471587388139845,616.7541364182641,52.89632898888072,7.296130985368083,397.22783483141717,724.110554236414,49.80425015747507,1,COMBUSTION_IMBALANCE
2026-01-02 08:11:00,1488.1718798588252,90.0,77.3610436366974,88.8457579279326,4.69079104073528,618.4706627220028,55.36564865746177,7.540640210936874,399.2173500140514,720.7023348786743,49.575879649206456,1,COMBUSTION_IMBALANCE
2026-01-02 08:12:00,1493.3189024822273,90.0,75.45528587623035,88.32567745454136,4.773632700829709,600.4269523101447,50.7946187785031,7.324616996703087,398.1872766935964,714.3773916019305,49.851946904629735,1,COMBUSTION_IMBALANCE
2026-01-02 08:13:00,1490.392103170545,90.0,77.66528011906165,88.55897865160158,4.871470154239827,619.2345833183039,53.352485488418644,7.334530007935481,400.61812519730717,720.4056229170925,49.6717302653716,1,COMBUSTION_IMBALANCE
2026-01-02 08:14:00,1492.614691233416,90.0,78.0618534807078,89.0327090195758,4.85949745093152,620.3042346397524,53.52993122239277,7.271302309270237,398.33040384821925,715.7529126514185,49.78474106942684,1,COMBUSTION_IMBALANCE
2026-01-02 08:15:00,1491.5044951635207,90.0,74.19493577619382,87.89889547618995,4.784903679236379,611.0166137731125,57.30743618477021,7.23421185183943,400.649595920112,720.7560811066877,49.78959652941355,1,COMBUSTION_IMBALANCE
2026-01-02 08:16:00,1494.6408280195676,90.0,77.5620937821162,88.29287867204896,4.751153074424756,635.850296762607,48.73598141017767,7.470835470779242,399.7203453762677,715.7046134181737,49.872943622714345,1,COMBUSTION_IMBALANCE
2026-01-02 08:17:00,1490.25112870332,90.0,76.81330497478878,88.23856359331296,4.583365423233434,592.1077273581593,53.722684034729994,7.496741258928925,399.2809690860159,720.137438166804,49.60459166830948,1,COMBUSTION_IMBALANCE
2026-01-02 08:18:00,1493.2552125951236,90.0,77.0326432062549,88.67770126826386,4.663426510217029,622.8436713577055,50.179525794324014,7.445429687510257,400.58297086905,723.7523493096754,49.797418547921275,1,COMBUSTION_IMBALANCE
2026-01-02 08:19:00,1491.4409850734069,90.0,76.26373333290509,88.88644408913592,4.6941955374154745,622.1280480495486,56.3146894797767,7.2767632788893115,399.5970675640929,719.7347400403745,49.75723547216993,1,COMBUSTION_IMBALANCE
2026-01-02 08:20:00,1491.6833890439807,90.0,77.11402799474793,87.75986627155054,4.6595695134255735,620.4158293199941,50.877443425070425,7.359701620017326,398.36704773541146,718.0455586641381,49.7673727859074,1,COMBUSTION_IMBALANCE
2026-01-02 08:21:00,1491.6322922136817,90.0,78.83903056532309,88.4972318204168,4.75490068988694,616.7621270563862,53.19028258487114,7.719186956684235,404.2020594844525,721.0163811052873,49.66541166541699,1,COMBUSTION_IMBALANCE
2026-01-02 08:22:00,1490.3086537910117,90.0,76.78003368132663,88.93466455202304,4.912471527308149,620.5067932262504,53.382349596855065,7.115783324580086,399.2692492254563,723.4859131039643,49.64410336451619,1,COMBUSTION_IMBALANCE
2026-01-02 08:23:00,1491.9718020681867,90.0,78.36144238584838,87.57260677426952,4.9003240237807715,623.681754795559,56.210727319269886,7.777178256085728,396.67358637977196,714.4640836505912,49.78212131405997,1,COMBUSTION_IMBALANCE
2026-01-02 08:24:00,1491.8747035557565,90.0,76.37690903485485,88.46780377928013,4.755031910597518,607.7411241616801,49.546024602558234,7.419943969223509,398.73685196541794,721.303280773526,49.69106876665775,1,COMBUSTION_IMBALANCE
2026-01-02 08:25:00,1492.4824804968134,90.0,78.12980693577477,87.89210777960831,4.820101251610317,617.9919562218009,55.04938888091081,7.3639747220046985,398.0990849674409,726.587704095087,49.73443121372723,1,COMBUSTION_IMBALANCE
2026-01-02 08:26:00,1492.1690102913858,90.0,77.28185455829659,88.17921654822516,4.663555237499885,613.166831579767,51.03845102934227,7.590675667760335,401.23921842406077,722.8682848163836,49.817760800187955,1,COMBUSTION_IMBALANCE
2026-01-02 08:27:00,1493.5959890992244,90.0,77.67426780824401,87.24748270525917,4.901459280961697,604.0623159977449,55.775210207192565,6.986546786188326,400.4824789893874,720.2887707333362,49.78414300745491,1,COMBUSTION_IMBALANCE
2026-01-02 08:28:00,1493.8470172320947,90.0,77.28801164682919,89.19636705937744,4.559875999217933,622.1716997461328,52.58170729376939,7.67606391491595,400.5980692026855,723.1986875334944,49.75856186751147,1,COMBUSTION_IMBALANCE
2026-01-02 08:29:00,1489.8987533563443,90.0,77.99862026033416,88.32208543629817,4.824841107382652,609.3563957531596,55.92381929816905,7.771545165789676,399.4449663012441,722.2624822805134,49.61941091070167,1,COMBUSTION_IMBALANCE
2026-01-02 08:30:00,1493.7375450011816,90.0,74.40430466791419,88.09640406798198,4.787630889660338,600.0214132522053,54.26771434991399,7.61759457349182,399.58097462941464,723.768005545799,49.80788746651864,1,COMBUSTION_IMBALANCE
2026-01-02 08:31:00,1489.6273271457803,90.0,75.68979564892753,88.6641335227285,4.651131390869987,609.6088933929835,53.10193639597171,6.9795429262178565,399.4436033445885,709.8803419450853,49.58758683776882,1,COMBUSTION_IMBALANCE
2026-01-02 08:32:00,1493.1757117762754,90.0,77.74713015776969,87.97884488365631,4.71954442665308,607.0110110190687,50.81243509522943,7.552833559560097,399.87821022379677,712.2327193316837,49.76015692768103,1,COMBUSTION_IMBALANCE
2026-01-02 08:33:00,1493.2394775694058,90.0,74.99123704363622,87.93137773555928,4.627947174973208,625.2847900919011,51.710918724614295,7.729199711603737,401.25300015304725,725.0241457474162,49.79131077906303,1,COMBUSTION_IMBALANCE
2026-01-02 08:34:00,1488.177366216675,90.0,76.68575000167515,89.2551645849068,4.605732703521641,616.5319314055807,57.4466113928729,7.708549757547151,400.504113118758,712.4736041191928,49.67086969824988,1,COMBUSTION_IMBALANCE
2026-01-02 08:35:00,1492.1859584930587,90.0,77.21913825803897,89.40433151416333,4.55280796965434,628.8238274568994,52.8852234525019,7.118382150554721,400.7501692444313,722.007693178596,49.77290935378713,1,COMBUSTION_IMBALANCE
2026-01-02 08:36:00,1491.0630077732794,90.0,76.35248304587357,88.20396816385869,4.812672026942898,608.3344376876695,55.8074359115622,7.603271366320602,400.7493383623738,718.2397517198385,49.66639700321021,1,COMBUSTION_IMBALANCE
2026-01-02 08:37:00,1490.4824694841293,90.0,76.50545122898298,89.03367735495802,4.839860949843509,623.741698718965,52.166240496628625,7.759114080555829,401.3266636560726,715.01905377202,49.7416699486825,1,COMBUSTION_IMBALANCE
2026-01-02 08:38:00,1494.701704661398,90.0,77.58417206417202,88.67802022199398,4.510258809178778,643.3962291480791,57.40087968013545,7.4058931437292035,400.4322250623104,721.7482487857374,49.80841440350256,1,COMBUSTION_IMBALANCE
2026-01-02 08:39:00,1490.692641718725,90.0,78.4104103504734,87.79308435414475,4.9279688645322555,618.5603246712714,52.629499475517385,7.109459755442056,400.53827210901835,721.0051675185829,49.62796957285504,1,COMBUSTION_IMBALANCE
2026-01-02 08:40:00,1490.3872461417639,90.0,76.20653669299462,88.03593405307504,4.738080495274815,623.6164886232315,52.693148899024536,7.565730518544987,401.7832093617897,730.5517132604818,49.67097280342885,1,COMBUSTION_IMBALANCE
2026-01-02 08:41:00,1492.1513898800101,90.0,76.63593482027015,89.2755498995984,4.743474322495716,621.9351766422541,53.29086351683998,7.61077159373035,399.00243112299535,716.8759439773205,49.810288122724295,1,COMBUSTION_IMBALANCE
2026-01-02 08:42:00,1493.3711794925969,90.0,76.46098770987372,87.78660248358784,4.597026666769736,600.7792467257417,55.7076497624683,7.372158367134819,398.71638613007275,727.2005506003459,49.78730131892314,1,COMBUSTION_IMBALANCE
2026-01-02 08:43:00,1491.7167028279798,90.0,74.56805467789745,89.64049966903735,4.83927258163574,620.8581729746745,54.18009768928026,7.161855308827235,398.2211176012197,721.7621145719215,49.724516187482486,1,COMBUSTION_IMBALANCE
2026-01-02 08:44:00,1494.3327410913384,90.0,77.43871720515563,88.21431891204404,4.755738631075803,618.0645632064957,53.783103214822695,7.596374416807233,400.2743718454304,716.6948905922865,49.89295195194643,1,COMBUSTION_IMBALANCE
2026-01-02 08:45:00,1493.0619513239283,90.0,78.32688387532792,89.29040745314654,4.828074474914199,612.4025261660169,52.741479350727964,7.246238226875649,397.2194016381713,723.9962322875863,49.69716396844489,1,COMBUSTION_IMBALANCE
2026-01-02 08:46:00,1487.6435773605372,90.0,78.4186403921938,88.34721810267851,4.855141470011205,606.1596362579512,51.546628586171224,7.479469345307773,400.6932311440895,722.8286925222698,49.5238392896486,1,COMBUSTION_IMBALANCE
2026-01-02 08:47:00,1490.941066072986,90.0,76.30474165838638,88.89995179575051,4.855488406357117,621.9398324032703,52.662205482483515,7.711633271002589,399.83621035824916,720.1792164742902,49.61724321221785,1,COMBUSTION_IMBALANCE
2026-01-02 08:48:00,1490.8763158012966,90.0,75.87809818565745,89.19751657006027,4.651221591013575,605.2759626038937,51.73389125797534,7.068240380609597,401.7019595497316,721.3314767822031,49.71450960270056,1,COMBUSTION_IMBALANCE
2026-01-02 08:49:00,1492.958721906859,90.0,77.3041982133027,89.19497690884043,4.695304261033871,636.336456046819,53.99168670511007,7.581552799593851,398.9921240343025,717.0150648447724,49.77361538658439,1,COMBUSTION_IMBALANCE
2026-01-02 08:50:00,1486.7503658872517,90.0,78.20878652895445,88.20781723460344,4.67467344783498,616.1416908348813,53.05431199157109,7.35868359393604,399.6950225718737,715.8710643737274,49.635482347939046,1,COMBUSTION_IMBALANCE
2026-01-02 08:51:00,1497.0980194174354,90.0,77.45343250210763,88.07130595005036,4.828083527273121,602.766929522135,56.47341142179591,7.363869343203085,401.68330499994005,723.7972108691129,49.91544106777135,1,COMBUSTION_IMBALANCE
2026-01-02 08:52:00,1493.0620521897883,90.0,77.60402119217862,88.45939399512436,4.764101043033887,609.8600372167166,56.64206705799778,7.502863286906566,402.0747034701672,718.8803028784337,49.74852721501898,1,COMBUSTION_IMBALANCE
2026-01-02 08:53:00,1492.2977536078354,90.0,78.55885063906459,87.84976018948294,4.849919282611665,612.2186566171018,52.342698752047426,7.245723193717168,398.97977145137224,719.5995850087545,49.74334819723842,1,COMBUSTION_IMBALANCE
2026-01-02 08:54:00,1494.3631354328384,90.0,76.45216705366163,88.61963208780521,4.838881238549619,639.1237665392384,56.94796662538835,7.164996172614272,400.27267184888075,721.3991079797214,49.81798988535099,1,COMBUSTION_IMBALANCE
2026-01-02 08:55:00,1496.6873081056253,90.0,77.03363350292621,88.08960167386117,4.565482017428886,606.1541105319051,50.289020925196475,7.043161045593864,400.4416284665261,721.3264417239191,49.805988873187765,1,COMBUSTION_IMBALANCE
2026-01-02 08:56:00,1493.7414932891768,90.0,79.11075817317256,89.04135488677139,4.854249915319959,613.8378273674862,55.77664575942184,7.646352541883843,400.5604801084317,712.8533676451297,49.92689969185597,1,COMBUSTION_IMBALANCE
2026-01-02 08:57:00,1493.8976261929433,90.0,77.05957154213066,88.21494379189086,4.830787219938754,609.6217163013498,51.93915224654572,7.325665562978207,399.6061365110266,726.4312604322743,49.82258109066988,1,COMBUSTION_IMBALANCE
2026-01-02 08:58:00,1492.2613800489287,90.0,75.86058259811745,87.62887051525992,4.710500101376252,619.9925848558166,55.10179386343262,7.513988082471473,401.9220750971854,720.6059107595034,49.752546417032086,1,COMBUSTION_IMBALANCE
2026-01-02 08:59:00,1491.716948493266,90.0,76.53032117219968,89.20045738808457,4.750970128891272,609.7811658629496,53.76093049129618,7.302993585023669,397.1654447745677,718.9867336858892,49.754656482322794,1,COMBUSTION_IMBALANCE
2026-01-02 09:00:00,1491.0484091119902,90.0,76.22923856663222,88.59168400166585,4.715799362808413,603.6094333386029,53.99443810621054,7.167647899325009,399.36830464779837,722.1542300258487,49.737084186095665,1,COMBUSTION_IMBALANCE
2026-01-02 09:01:00,1490.3477760165708,90.0,77.68002209598544,88.51456744520996,4.791314218958918,613.047054202038,55.481162693925995,7.530462521987828,400.6718960991594,721.1827109680743,49.67123152627724,1,COMBUSTION_IMBALANCE
2026-01-02 09:02:00,1490.625971800601,90.0,76.27653935598057,89.04719739247304,4.681916414080051,612.0060615666775,49.49913511602958,7.465592514744964,400.685837217924,723.8353134474485,49.65597033654134,1,COMBUSTION_IMBALANCE
2026-01-02 09:03:00,1489.298888071314,90.0,77.5835583632046,88.935788251149,4.76917695909393,609.0775562237599,49.37746290845758,7.352620169202515,402.02913854592214,722.6899183607547,49.67326880335989,1,COMBUSTION_IMBALANCE
2026-01-02 09:04:00,1491.84825709863,90.0,76.45560695523449,88.11907322799472,4.744349065906041,609.6118964110289,54.13955293467653,7.460379212688293,401.79733808980194,723.5892311449813,49.747560778647575,1,COMBUSTION_IMBALANCE
2026-01-02 09:05:00,1488.6306648455472,90.0,74.90181603699399,88.27510919698685,4.691278425710733,626.84695797881,53.83359366719055,7.207903088751199,399.5716875620392,726.7549695286376,49.58052765656377,1,COMBUSTION_IMBALANCE
2026-01-02 09:06:00,1492.3818330482875,90.0,77.62341416141976,87.94352237497026,4.7601431769908,611.8025978573249,51.67673612251027,7.612119954911062,401.9498068652959,724.4181227448548,49.81701288217795,1,COMBUSTION_IMBALANCE
2026-01-02 09:07:00,1491.9273387839153,90.0,77.44627932333252,87.76777397243752,5.015291477900125,603.6587233752157,50.937043351234514,7.658478927706895,398.92893738433384,719.1975688983572,49.745578894613324,1,COMBUSTION_IMBALANCE
2026-01-02 09:08:00,1492.2938705967733,90.0,77.85988875359392,88.78929626745763,4.655660411668279,610.3788403620015,53.062512739582836,7.551860914267384,401.39633107418774,714.3854942196158,49.77961998800583,1,COMBUSTION_IMBALANCE
2026-01-02 09:09:00,1490.95573685996,90.0,76.52625431453492,88.69609215502076,4.701083797773428,615.5433565946539,55.17664491087143,7.325602848181266,402.7157837176315,728.3389896650226,49.768120606382666,1,COMBUSTION_IMBALANCE
2026-01-02 09:10:00,1498.153720740361,90.0,76.4069101875975,88.88041460576119,4.655580467921474,601.6373036344864,53.97840076057049,7.411869358936682,401.82241616028244,718.8113831332645,49.93955179907027,1,COMBUSTION_IMBALANCE
2026-01-02 09:11:00,1494.7202318003606,90.0,77.72964288149933,89.1408027207479,4.660862307032283,631.259779600064,56.64571549842549,7.7137672896269525,400.15865557528616,717.6344629331974,49.83985532702789,1,COMBUSTION_IMBALANCE
2026-01-02 09:12:00,1489.5109149998304,90.0,78.9813019212347,88.88723739746277,4.8038326873892805,623.6757947750627,54.296577938081896,7.6562332435222356,399.5023318423418,711.3163659111779,49.69086519525299,1,COMBUSTION_IMBALANCE
2026-01-02 09:13:00,1492.4657361748539,90.0,77.29250817064708,88.93172973815255,4.7929536512005555,629.3017274361878,50.90688556936274,7.798773818101745,397.70711305561105,721.6923655265606,49.71261481830513,1,COMBUSTION_IMBALANCE
2026-01-02 09:14:00,1490.7839877141253,90.0,77.7555353075728,87.46101937091386,4.750193262249592,618.9212812548768,49.06454769172241,7.2438962293373645,400.4658094568713,720.7444330197688,49.69550217361314,1,COMBUSTION_IMBALANCE
2026-01-02 09:15:00,1489.971040546585,90.0,76.91982179344322,88.34650737903743,4.835699510946163,594.063025498699,53.16472689843182,7.225957543202574,398.32717415804365,712.4244253187526,49.67197878088539,1,COMBUSTION_IMBALANCE
2026-01-02 09:16:00,1489.3198558577521,90.0,75.55113381550149,88.98228824733492,4.799698564602733,630.3533371663851,53.08761991194853,7.426874057516422,398.81029800457907,722.2663702106659,49.59619226767423,1,COMBUSTION_IMBALANCE
2026-01-02 09:17:00,1492.8644333815184,90.0,78.36352094945255,87.91589563189731,4.725448668759432,606.3643164029011,52.04740518221966,7.48137915145926,398.213881298895,717.5090403964928,49.878029618817635,1,COMBUSTION_IMBALANCE
2026-01-02 09:18:00,1490.6372395298608,90.0,78.29742394777651,88.54583569141882,4.575696811992203,607.178132559979,54.74069393070225,7.371542166988087,399.309411501015,733.4515750364435,49.617543312154076,1,COMBUSTION_IMBALANCE
2026-01-02 09:19:00,1493.9356520480503,90.0,78.07606690819622,88.75973222030669,4.807783656388766,616.5632514395544,52.04946927196588,7.322063114432918,399.9580458782695,717.1531940395456,49.73294987308398,1,COMBUSTION_IMBALANCE
2026-01-02 09:20:00,1493.987564429061,90.0,77.07622110905649,88.72142674691918,4.7425379271618135,628.7822984667015,54.275131224043704,7.653479036565826,400.41042187174855,717.8240333390111,49.86529680975388,1,COMBUSTION_IMBALANCE
2026-01-02 09:21:00,1494.747828770423,90.0,77.94870283170717,88.68439815397907,4.728534383290478,625.532871339524,49.01500674480098,7.381853581890572,399.09924004687906,715.6261188787281,49.86059093822059,1,COMBUSTION_IMBALANCE
2026-01-02 09:22:00,1490.2952264678518,90.0,78.28101321307437,88.79945635952272,4.677406070808574,624.0628112017602,57.15595101052885,7.1569577164163345,401.60392555959277,726.3893826052099,49.62520930805435,1,COMBUSTION_IMBALANCE
2026-01-02 09:23:00,1492.950731221384,90.0,79.09457772715152,88.59037194746404,4.802657455962351,611.8817294712545,56.02846474462803,7.180062182612895,399.68769211301503,718.1361210276763,49.79538882480122,1,COMBUSTION_IMBALANCE
2026-01-02 09:24:00,1493.2649084332845,90.0,78.38714923720515,87.76853589630443,4.779478907316761,611.7239247390789,51.74903072590706,7.4494128650267,398.8184163501017,716.3754292311725,49.848889470026016,1,COMBUSTION_IMBALANCE
2026-01-02 09:25:00,1491.0516436497921,90.0,77.35147977203768,88.75347776770168,4.701247640365737,618.4594366798007,57.230658426189436,8.000530496982337,400.33943840086516,723.5347750496027,49.70020830211322,1,COMBUSTION_IMBALANCE
2026-01-02 09:26:00,1490.4564560852143,90.0,75.81475635392471,88.6423732802768,4.604607079672573,613.6992915871647,51.85167825881518,7.204811251250964,402.94532925031575,713.0982353229341,49.81182301451087,1,COMBUSTION_IMBALANCE
2026-01-02 09:27:00,1495.219041331552,90.0,77.45433729339236,87.7751257745722,4.851290394696564,623.8931790732935,54.99722288241763,7.337025186265388,400.50274084980265,723.1255527312447,49.754431620508335,1,COMBUSTION_IMBALANCE
2026-01-02 09:28:00,1492.4549917514641,90.0,77.56736668335122,89.18986760554321,4.776693170204724,623.3011766449523,55.7428857983504,7.880960955053208,399.45571655893957,728.9069985830043,49.783190897741754,1,COMBUSTION_IMBALANCE
2026-01-02 09:29:00,1493.2719355014235,90.0,78.0741133483565,88.76691884987395,4.75020191299708,620.9134132117271,55.17385228404412,7.303143854032307,397.70880796582196,722.8330391641755,49.834057600191834,1,COMBUSTION_IMBALANCE
2026-01-02 09:30:00,1490.3558479763442,90.0,78.79635888244225,87.8098258395112,4.478126083698376,589.7403871823062,55.75104841156181,7.491092168254281,399.6708815185419,723.1894915812996,49.723095460958405,1,COMBUSTION_IMBALANCE
2026-01-02 09:31:00,1489.5614310669557,90.0,77.17343142649642,88.09138741801385,4.734382825928117,616.2798836367726,54.80739120766225,7.775182144518246,400.3523921876322,724.3503010845374,49.64182991589957,1,COMBUSTION_IMBALANCE
2026-01-02 09:32:00,1490.8611004510158,90.0,79.63310565259069,88.21797397912684,4.711520150069896,613.911461192673,56.6254222493518,7.209704263819235,399.41862866311664,728.5485401433776,49.680847940933305,1,COMBUSTION_IMBALANCE
2026-01-02 09:33:00,1491.75195722522,90.0,75.30959853755456,88.21761828059961,4.673798065882574,616.6802560175953,50.886331980838754,7.338147955595687,397.5019230426385,726.0494698000955,49.747272499395024,1,COMBUSTION_IMBALANCE
2026-01-02 09:34:00,1489.8715599863654,90.0,77.74966289715704,88.64652509440916,4.8024930259682455,607.456753614536,51.39660162107001,7.303126813273092,398.72415191574487,722.1983486113651,49.70317305721145,1,COMBUSTION_IMBALANCE
2026-01-02 09:35:00,1491.9803103826991,90.0,76.3856571607539,88.01182412447079,4.811249520927312,601.7521408960077,55.305634853831435,7.0964209274065615,402.18180769133164,724.51945700318,49.762800684570756,1,COMBUSTION_IMBALANCE
2026-01-02 09:36:00,1488.622989623863,90.0,75.14391136034855,89.0640683735609,4.762401104248021,619.6313847997504,53.95912368338547,7.7138731891377255,402.1510015055957,715.5703253726745,49.6727692153351,1,COMBUSTION_IMBALANCE
2026-01-02 09:37:00,1489.7599051550603,90.0,77.05401269854495,89.02290172568392,4.823331056963096,611.4369868226794,53.57072622299872,7.282919132306027,398.6700412461931,723.8814679537367,49.607720007315336,1,COMBUSTION_IMBALANCE
2026-01-02 09:38:00,1493.3418224965537,90.0,75.64796657776853,88.80965865479972,4.621576975500621,620.746929937076,51.683838265767555,7.224750864835622,401.00913518079915,714.9722201440812,49.76667220092894,1,COMBUSTION_IMBALANCE
2026-01-02 09:39:00,1493.2075810405559,90.0,77.09920075420325,88.52212088769686,4.684192176569132,608.2908562231523,56.800295940202226,7.311113222385916,398.2321408228447,718.1648879068418,49.72658523807901,1,COMBUSTION_IMBALANCE
2026-01-02 09:40:00,1491.2162464692262,90.0,77.31894155786581,88.9687237575757,4.728104751167066,629.1591064049268,57.94241437724619,7.585766281030821,402.10647442299245,704.5871891242838,49.68790257683657,1,COMBUSTION_IMBALANCE
2026-01-02 09:41:00,1489.9644713818461,90.0,78.53276637845627,88.36202613859793,4.6705592753052505,625.0106484257076,52.24783732941054,7.422578707401576,400.36785377184134,722.0071482968373,49.71624342398559,1,COMBUSTION_IMBALANCE
2026-01-02 09:42:00,1489.945192896948,90.0,75.59150464906439,88.13775556930833,4.809961810784188,617.9682710854588,52.35797549761963,7.241666738913928,401.4244622479248,716.7806399444582,49.670238959267856,1,COMBUSTION_IMBALANCE
2026-01-02 09:43:00,1491.2534635081174,90.0,78.29745858552327,89.0950548228098,4.665878818730635,612.8671158661406,49.07222588775648,7.481829968983011,397.4273599792262,725.5557260760223,49.838791741761405,1,COMBUSTION_IMBALANCE
2026-01-02 09:44:00,1493.2890369832905,90.0,77.38985010431338,88.65877137850943,4.856661572874487,623.524088777982,51.38521929683856,7.562518939549714,401.0164556528873,721.9509630530271,49.78597155113584,1,COMBUSTION_IMBALANCE
2026-01-02 09:45:00,1493.8564913826885,90.0,78.43231105204276,88.15797117970924,4.643724636230797,618.925478152374,54.717675613088765,7.3952470824194485,399.98848890447323,725.6204794735081,49.79820097345194,1,COMBUSTION_IMBALANCE
2026-01-02 09:46:00,1491.006936529036,90.0,76.79643868396515,88.29112881647914,4.947375788620478,617.3858418793061,55.80528550151111,7.353047814226867,401.27789360618624,714.5820172766373,49.705540363606545,1,COMBUSTION_IMBALANCE
2026-01-02 09:47:00,1489.6930151480303,90.0,75.78788606282494,88.13178600811729,4.940294015397896,625.4286540955961,50.292777476937836,7.6031751876764435,401.3723016971468,725.1919301857981,49.624543403624685,1,COMBUSTION_IMBALANCE
2026-01-02 09:48:00,1492.5356872757327,90.0,75.91640075463823,89.51108742941423,4.700302936780181,629.2653615440664,53.37943838263616,7.364162950697311,400.09867703421213,730.5292817218167,49.74829774523888,1,COMBUSTION_IMBALANCE
2026-01-02 09:49:00,1490.3529300587484,90.0,75.83317565189283,88.50204921872519,4.8445760607180715,602.4758881551445,53.88632492848113,7.721638301258005,399.0987555413561,723.8207914996594,49.73482040331386,1,COMBUSTION_IMBALANCE
2026-01-02 09:50:00,1490.9634947222776,90.0,77.81515185127114,88.57888565562676,4.688379480836605,604.496158926502,52.79107925374967,7.248473025581937,401.16954427326925,723.9517450434614,49.70448169081564,1,COMBUSTION_IMBALANCE
2026-01-02 09:51:00,1494.650552180874,90.0,78.93415266488047,88.8606095239309,4.824116459344516,607.197392745212,53.806829271317845,7.243817306847841,399.9097682508923,720.8479883819747,49.782012086201625,1,COMBUSTION_IMBALANCE
2026-01-02 09:52:00,1493.6542308571316,90.0,76.64725429014617,87.89231950869643,4.724555776680394,599.9757540235645,55.2081755259577,7.219240643983131,398.69082256970853,717.3766560971732,49.742220130880455,1,COMBUSTION_IMBALANCE
2026-01-02 09:53:00,1492.3159486245029,90.0,77.98463153404872,89.04827363314304,4.590490537486291,614.3725147443084,56.0278115731405,7.352230708662003,398.6197716528135,723.8059618635075,49.72135485956681,1,COMBUSTION_IMBALANCE
2026-01-02 09:54:00,1489.4561619977746,90.0,75.57374489488812,88.196076934606,4.38279664253999,621.0011645524451,53.222225380849885,7.400500812273264,397.7842533755314,712.4695854479896,49.65223190497969,1,COMBUSTION_IMBALANCE
2026-01-02 09:55:00,1492.4227931349412,90.0,77.48195979907858,89.4150081430575,4.684828492531789,614.7858170504767,55.32780507848915,7.134872818085437,399.2345632606554,717.9112243753959,49.80710576460518,1,COMBUSTION_IMBALANCE
2026-01-02 09:56:00,1494.1253145815751,90.0,78.0287901302976,88.34367063499263,4.761032838168677,609.658783583871,51.807063582147926,7.419351453582837,401.65403806911155,711.1447159883141,49.73715272065085,1,COMBUSTION_IMBALANCE
2026-01-02 09:57:00,1491.2487326684688,90.0,75.65810025168992,89.01882000738152,4.852655242455992,626.2645775712916,52.90972409591997,7.513070837457191,400.26674469955816,716.4817181134246,49.69229977505452,1,COMBUSTION_IMBALANCE
2026-01-02 09:58:00,1494.7022281799734,90.0,77.05165051474258,87.25160094144039,4.758630484386331,616.4055640320674,52.07194098427003,7.106901689041393,399.20534844111546,723.2102254594678,49.83062310697087,1,COMBUSTION_IMBALANCE
2026-01-02 09:59:00,1494.5854905790363,90.0,78.08182719734383,87.91243346195694,4.84204234423262,618.4298296736632,52.530491155551104,7.295765714723823,401.2072839072701,722.5269668811023,49.727831064253074,1,COMBUSTION_IMBALANCE
2026-01-02 10:00:00,1495.327465664287,90.0,73.994176875103,88.35319642050112,4.687541916867826,626.5423480489976,49.80410333655588,7.513497145713796,398.7512850674149,720.2545684776774,49.80256894132792,1,COMBUSTION_IMBALANCE
2026-01-02 10:01:00,1492.6104862530626,90.0,78.77570742910596,87.48460850093748,4.716579933028106,613.7675806114887,51.86212202092767,7.182116146824816,400.1430254114992,720.8520049703101,49.71968844811528,1,COMBUSTION_IMBALANCE
2026-01-02 10:02:00,1493.1747833996121,90.0,77.67612090099799,88.80044222442064,4.829394723764446,635.6021407262468,54.983181287474345,7.336804295617307,399.7305544409117,710.5706769106789,49.73269426129454,1,COMBUSTION_IMBALANCE
2026-01-02 10:03:00,1494.828374576662,90.0,78.08273496544344,88.65647906271805,4.480402970278711,610.5218499612823,56.035373422657266,7.6176367137867596,401.16869593838254,718.1371885971454,49.83720696313982,1,COMBUSTION_IMBALANCE
2026-01-02 10:04:00,1492.894787874138,90.0,76.81775440730188,88.00458617506999,4.741206659388891,634.979482045129,49.1418291007754,7.759036552625203,397.6341574436207,716.5932419678239,49.75513161532951,1,COMBUSTION_IMBALANCE
2026-01-02 10:05:00,1490.9975317844196,90.0,75.3505508206468,88.49202068506769,4.69016345134306,605.2526481808758,52.67168407820612,7.487983042249825,398.724703381278,716.7047015474272,49.67215342101727,1,COMBUSTION_IMBALANCE
2026-01-02 10:06:00,1491.1029143269443,90.0,77.878150511075,88.9032386149615,4.857996348185999,620.1748490288044,55.11362728952409,7.366149342834477,397.5426315113582,722.9978931390688,49.72482860889244,1,COMBUSTION_IMBALANCE
2026-01-02 10:07:00,1492.4771099075474,90.0,77.1874988355335,87.44847524156494,4.69820586567072,608.5746783119376,50.74314649261649,7.299720395872854,399.6106049172861,715.6974633674735,49.83539073280056,1,COMBUSTION_IMBALANCE
2026-01-02 10:08:00,1489.4188771561076,90.0,77.3159693100842,87.8632554918826,4.794393387119357,626.1956611698109,52.74476529259084,7.582150819754309,401.81714125544863,716.9765957493629,49.72925873104067,1,COMBUSTION_IMBALANCE
2026-01-02 10:09:00,1491.7134821692716,90.0,78.49811982342284,88.33245585038826,4.825502579925704,610.2176739214157,53.92515732672731,7.626681279823134,399.2418291855197,709.5646537714524,49.6276441503726,1,COMBUSTION_IMBALANCE
2026-01-02 10:10:00,1494.1930942364604,90.0,78.13351153872613,88.51186181331617,4.5805031643206355,617.9087119064409,50.49539741787345,7.16871284057647,399.23397409270655,718.5293840981192,49.83529008374044,1,COMBUSTION_IMBALANCE
2026-01-02 10:11:00,1487.6174922976695,90.0,79.43178590714038,88.47069428919916,4.716649083388627,608.4945800395843,51.57640387626346,7.582085363188787,401.3075866362762,714.5608122614319,49.578348578752454,1,COMBUSTION_IMBALANCE
2026-01-02 10:12:00,1495.068964203589,90.0,77.45231673633833,88.94464739271778,4.67794340873705,624.3722517366662,50.86646663961499,7.278590739654756,401.60282433768293,720.3960146434482,49.8433899072629,1,COMBUSTION_IMBALANCE
2026-01-02 10:13:00,1494.2447484374063,90.0,76.50584206967395,88.73860562282763,4.819857212226406,608.4424873936086,50.48220847207297,7.228088845209552,399.8671433990968,715.2444597662877,49.78824412956975,1,COMBUSTION_IMBALANCE
2026-01-02 10:14:00,1491.080470768339,90.0,77.06897313146224,88.84831742028545,4.79054183567551,631.8341484474267,57.433444947899,7.369271159289914,401.0270722810748,720.5227112277461,49.70856179043899,1,COMBUSTION_IMBALANCE
2026-01-02 10:15:00,1493.0867816557436,90.0,77.74554297724325,87.80506213359774,4.7205785543221275,605.0400289303861,52.86495528153506,7.598322648512473,398.3845681886831,719.2765711962883,49.77712975832839,1,COMBUSTION_IMBALANCE
2026-01-02 10:16:00,1492.0062954538128,90.0,78.41775930127214,88.57241192739961,4.623810956410402,601.5437208167185,53.920546858407135,7.461881064967934,402.0669615008881,728.3602088652116,49.70459559392631,1,COMBUSTION_IMBALANCE
2026-01-02 10:17:00,1494.4599807368775,90.0,75.63692197438864,88.34642874538096,4.83688609469439,624.5155207807909,55.29737503456888,7.456466332958163,403.22305944090556,722.4860899022659,49.77051431383799,1,COMBUSTION_IMBALANCE
2026-01-02 10:18:00,1493.9653662855399,90.0,77.28956212900067,89.23103594083432,4.708614003523436,609.0835635973648,50.904623204472486,7.470488330799936,400.78182368678307,710.8018106371885,49.77641075872036,1,COMBUSTION_IMBALANCE
2026-01-02 10:19:00,1489.199858553634,90.0,79.08268665588298,88.58719781868888,4.566418387059477,614.9276268655046,51.425186615047565,7.493531603738072,396.8735025679858,713.6755557794864,49.65170824834397,1,COMBUSTION_IMBALANCE
2026-01-02 10:20:00,1493.1745248269283,90.0,77.01096606447719,88.16547303264191,4.5834524994501695,611.7775884616428,57.52580929894691,7.377169756494707,399.16265460640335,720.2760400449616,49.80243397798183,1,COMBUSTION_IMBALANCE
2026-01-02 10:21:00,1491.5887442927135,90.0,78.3227332774534,88.92625063797745,4.765238330247748,601.8739173284731,54.79913954102665,7.526377753078397,400.919237982504,715.3507602580368,49.76229225862412,1,COMBUSTION_IMBALANCE
2026-01-02 10:22:00,1492.1656651410362,90.0,77.83229163048193,88.78164889793226,4.596786402764803,614.2300633586166,50.88473799631596,7.268063560804993,399.36777550425046,705.1581578488208,49.71414600354786,1,COMBUSTION_IMBALANCE
2026-01-02 10:23:00,1490.5436561980603,90.0,78.35056387930798,88.0891991636797,4.924180766086768,627.6491589497231,50.8153506289538,7.530201530189106,401.90829783137514,726.7477315691688,49.69898076830048,1,COMBUSTION_IMBALANCE
2026-01-02 10:24:00,1495.4962741382417,90.0,76.37306819340809,88.32575514861534,4.63977786859176,625.0313700330556,53.21869002046974,7.571397069566798,400.8822358966538,723.601120084527,49.89800093420572,1,COMBUSTION_IMBALANCE
2026-01-02 10:25:00,1494.0801236398052,90.0,76.37795012952655,88.33427677019574,4.733278392060358,617.3179276262592,52.73866140206934,7.539827318913396,398.9402867488513,722.6048843674589,49.860950532750714,1,COMBUSTION_IMBALANCE
2026-01-02 10:26:00,1490.5204576720541,90.0,77.30270451917696,89.11373054613969,4.733636585693236,626.1226829303511,51.37102626726263,7.55020576633882,400.0483972161569,716.9633847726454,49.681073613028566,1,COMBUSTION_IMBALANCE
2026-01-02 10:27:00,1489.3307787861795,90.0,75.56391159829086,88.60162093693916,4.655029807337532,604.4048141530583,53.010524643459675,7.492973128046029,398.65925016904134,722.1383838550496,49.63331270662567,1,COMBUSTION_IMBALANCE
2026-01-02 10:28:00,1491.2286547380443,90.0,76.97789052059494,88.86339123928002,4.498749472156603,611.74545671095,51.654774906744905,7.634688583068523,399.72612268238134,716.4781983788956,49.7171780362933,1,COMBUSTION_IMBALANCE
2026-01-02 10:29:00,1492.8690052921827,90.0,77.56322185641756,88.2533641394349,4.754022226972925,618.958049407302,51.11089442191119,6.945677243204267,399.1681101393512,721.0242865010885,49.70481480276122,1,COMBUSTION_IMBALANCE
2026-01-02 10:30:00,1492.4804116878925,90.0,79.27879187978375,88.66740014556964,4.651327998078381,613.6958517318288,53.40758584155053,7.570749191513032,401.76214270034956,715.3970838708176,49.73966658071131,1,COMBUSTION_IMBALANCE
2026-01-02 10:31:00,1494.5062656495365,90.0,77.73104437198221,89.15168045146476,4.728620233732349,612.5317666952344,55.34663908856531,7.795091505431575,403.1740180852465,727.5814422527801,49.85410484157487,1,COMBUSTION_IMBALANCE
2026-01-02 10:32:00,1493.5798394443616,90.0,77.98025588737788,88.3194616173746,4.721377662428638,602.993562676789,54.22183890671284,7.275620905008228,397.8532175001464,712.1488167295907,49.81809200461757,1,COMBUSTION_IMBALANCE
2026-01-02 10:33:00,1493.9391380515058,90.0,78.584212948696,88.55757740191882,4.755177576768804,594.1865861135728,49.74698563253911,7.253254028327499,397.1151755706854,726.1614191475542,49.784457888165335,1,COMBUSTION_IMBALANCE
2026-01-02 10:34:00,1492.6537108012208,90.0,76.19958350043756,87.81834687188112,4.899820074627984,623.1786642494964,55.6682965548262,7.657263802594761,399.63224136722295,720.1945791400866,49.76600960342838,1,COMBUSTION_IMBALANCE
2026-01-02 10:35:00,1489.221402539578,90.0,77.0951074181445,88.11722095504491,4.683037279626389,617.4322157325223,56.29421256057518,7.214652132104144,397.722376451757,717.55266502329,49.5994809009714,1,COMBUSTION_IMBALANCE
2026-01-02 10:36:00,1491.608602937706,90.0,79.99646210282036,88.33277855400102,4.68645996348573,624.0199837821009,49.874970623935965,7.266655137484909,400.06931740550635,720.8350146084787,49.755461372001456,1,COMBUSTION_IMBALANCE
2026-01-02 10:37:00,1494.1201794798174,90.0,77.19138311092935,87.96958034552407,4.57402866281413,610.6276405784163,49.32819227036487,7.4339897039395595,401.1234041707089,723.6667400358909,49.80011491085375,1,COMBUSTION_IMBALANCE
2026-01-02 10:38:00,1491.8969541429508,90.0,78.53040243863607,89.16098683876085,4.697261868114854,607.872221151724,52.50630566046219,7.240209757969388,402.24121284590024,726.833733683472,49.71610089884689,1,COMBUSTION_IMBALANCE
2026-01-02 10:39:00,1493.0061807372474,90.0,78.35938642243389,88.08099648987917,4.779367069129913,615.0654796663664,51.54700619244801,7.575004900398712,400.3020918380729,721.5657151156677,49.74878649943691,1,COMBUSTION_IMBALANCE
2026-01-02 10:40:00,1491.3625033695077,90.0,75.6245126398858,88.89339929605855,4.673782526321726,623.5419964861281,57.609080798867254,7.241839575548564,399.71026716272564,715.5465195736887,49.708938752305265,1,COMBUSTION_IMBALANCE
2026-01-02 10:41:00,1489.9403763029163,90.0,77.62773679024666,88.59341811876567,4.769774687665236,612.6854778501234,52.900684314609876,7.4721266695413355,397.0324226251404,720.2781506188289,49.642285327850615,1,COMBUSTION_IMBALANCE
2026-01-02 10:42:00,1491.7533118719077,90.0,77.44435716886986,88.51542597425517,4.711940627965978,623.0178518432848,52.29676473904044,7.456896492599301,400.0392777237787,729.0839661833119,49.758017547530386,1,COMBUSTION_IMBALANCE
2026-01-02 10:43:00,1492.6180948860654,90.0,77.6495538423813,89.24308182248251,4.5849117397534505,604.9369199440691,53.40442207938987,7.732777614481694,400.1069308908242,726.7383904275631,49.73417231880137,1,COMBUSTION_IMBALANCE
2026-01-02 10:44:00,1490.6886245610772,90.0,76.43539402263401,87.36969985153614,4.783804510087588,613.3855286683013,53.06086095292642,7.633060373259146,400.9584352213191,724.5438173906218,49.76926902350394,1,COMBUSTION_IMBALANCE
2026-01-02 10:45:00,1491.5285775102866,90.0,76.02905014665839,88.40189755158838,4.711378835611731,614.2988585592196,50.81730529019502,7.294094491709269,398.9372678477064,723.9784351006119,49.790879775516956,1,COMBUSTION_IMBALANCE
2026-01-02 10:46:00,1490.121073516028,90.0,76.74686879997665,87.95980983171721,4.753079585506591,627.2638994392192,53.59730537119083,7.147101518705551,399.3474210996462,723.4972504530327,49.62612527604154,1,COMBUSTION_IMBALANCE
2026-01-02 10:47:00,1494.2384898351281,90.0,77.1704696032657,87.51928979543341,4.69291921577029,617.076273980159,52.95322844699595,7.567593768395487,397.78299661704375,725.7937741725493,49.8114348746424,1,COMBUSTION_IMBALANCE
2026-01-02 10:48:00,1491.411088484824,90.0,78.60718258131236,87.90263413312108,4.676407065038489,632.4607751829419,51.733741123469045,7.269321833049334,396.5630607896739,717.7168560713905,49.681170118427325,1,COMBUSTION_IMBALANCE
2026-01-02 10:49:00,1494.9055110902523,90.0,79.31538811809268,88.50861876750146,4.745568705405268,601.5231520005252,50.20499194517023,7.33286465241925,398.33725436380485,713.224569671125,49.813851324848976,1,COMBUSTION_IMBALANCE
2026-01-02 10:50:00,1495.0574957010817,90.0,78.84418958776996,88.1373264353967,4.714193480087852,616.2991890441128,50.13097006908872,7.1880344619872725,397.6445112786205,720.3450175036853,49.93537123008496,1,COMBUSTION_IMBALANCE
2026-01-02 10:51:00,1491.8379080705565,90.0,78.24340743607569,88.9483067949125,4.893461689018677,616.7939803918044,49.73085121626356,7.535802386157366,400.50506844313094,715.9120920661115,49.71255169816276,1,COMBUSTION_IMBALANCE
2026-01-02 10:52:00,1489.9831025349054,90.0,76.15513890622447,88.39307707602926,4.812011509695532,621.2009319758687,55.029689492282856,7.270701376712498,399.2227989149997,714.7248962231141,49.684114719684054,1,COMBUSTION_IMBALANCE
2026-01-02 10:53:00,1487.8282042445333,90.0,76.82203628401177,88.33763082263945,4.78774780949398,606.8664006355111,54.60701960652682,7.392991662339442,399.19264430488784,716.3986071170604,49.62133953951819,1,COMBUSTION_IMBALANCE
2026-01-02 10:54:00,1489.0559258539465,90.0,77.51511717870257,88.33985952474688,4.715454729354921,631.8444633941084,53.662734751169275,7.396099386821507,398.5233804307372,732.4265696226685,49.585166059840724,1,COMBUSTION_IMBALANCE
2026-01-02 10:55:00,1489.2523303502028,90.0,76.57166827735469,88.45075279693516,4.528382599213646,615.1296394147176,54.722862312226965,7.436712123982782,395.15115185123136,720.6806231703792,49.598989571286296,1,COMBUSTION_IMBALANCE
2026-01-02 10:56:00,1494.756939254923,90.0,77.92647033083131,88.29076073252855,4.653425292587661,604.1293248706509,56.86693778859974,7.532327700343929,402.2624661231213,721.8095391818049,49.76493018992703,1,COMBUSTION_IMBALANCE
2026-01-02 10:57:00,1492.2316491744539,90.0,78.08694444124481,88.07437315121784,4.673783191717212,614.8397500958638,50.448595967120404,7.351435925621155,398.4995942158348,713.8881859649787,49.69675643578691,1,COMBUSTION_IMBALANCE
2026-01-02 10:58:00,1492.779209048184,90.0,77.88064487007334,88.99459244198795,4.69260971253125,611.8683847711989,51.01016245281213,7.251714483622692,399.38136989522513,710.7812352060369,49.61680546280694,1,COMBUSTION_IMBALANCE
2026-01-02 10:59:00,1487.5591579821298,90.0,78.42815075710449,88.18795247480546,4.732905000564895,642.8323514224733,54.729757622130904,7.028091073248911,397.81766175206604,715.9047367844059,49.612534386110674,1,COMBUSTION_IMBALANCE
2026-01-02 11:00:00,1489.6040671415656,90.0,76.26685784064136,88.30823669182683,4.7994427627120135,625.4994359952501,52.75299777076904,7.420525925873534,401.45789551516094,727.1909779260437,49.75617859678165,1,COMBUSTION_IMBALANCE
2026-01-02 11:01:00,1493.7741595528926,90.0,78.32476814858327,88.71470254004508,4.753020505306105,615.4966135570821,53.73205269466341,7.368600191876395,400.215143405556,721.6713773303826,49.79986302204824,1,COMBUSTION_IMBALANCE
2026-01-02 11:02:00,1492.573548224765,90.0,76.50087709586539,88.65937062307856,4.84273290668542,613.8808331480079,51.5881064609889,7.257905433975802,398.7604520721012,722.992975457222,49.68163816452514,1,COMBUSTION_IMBALANCE
2026-01-02 11:03:00,1491.7055894426287,90.0,76.22615173303997,88.05328096882691,4.707744183271537,624.5105686248146,49.948646920806915,7.412510492430507,399.41165558298394,723.6928301960103,49.69138082894263,1,COMBUSTION_IMBALANCE
2026-01-02 11:04:00,1493.1296847172002,90.0,77.87597007028876,88.8774909720553,4.7481664749759105,624.9886216032821,54.11424041410751,7.5711965345229775,402.5172698831873,717.0432531010086,49.74804564832209,1,COMBUSTION_IMBALANCE
2026-01-02 11:05:00,1495.2715956122715,90.0,78.64177838966286,88.76883516991913,4.759007719379498,585.8845008067935,55.840570357011764,7.622377616989436,399.8905458521781,726.9398279198668,49.791507281548384,1,COMBUSTION_IMBALANCE
2026-01-02 11:06:00,1491.5579150729259,90.0,77.82657510474114,88.58898741709356,4.752792880093987,621.4299315473334,52.65280009841018,7.092972516315122,399.72739969357616,716.8359620038891,49.76160630101729,1,COMBUSTION_IMBALANCE
2026-01-02 11:07:00,1492.1387396053162,90.0,77.30330050662525,88.28434157470919,4.8625021932998305,615.2796654397863,50.608875180730124,7.327827739796933,398.5879277707911,727.0311617963127,49.77847098906264,1,COMBUSTION_IMBALANCE
2026-01-02 11:08:00,1492.3851938374626,90.0,77.6273722852337,88.29663465473922,4.814444739179935,601.8885617821302,53.00175333334003,7.592205042479685,397.1581282742915,722.2115107806767,49.688400538224535,1,COMBUSTION_IMBALANCE
2026-01-02 11:09:00,1496.784219270548,90.0,77.43279814823536,88.39910144849912,4.600077649079875,623.8021413962417,50.4282322147985,7.719208206904605,399.759941989631,711.0547742287683,49.92906136124064,1,COMBUSTION_IMBALANCE
2026-01-02 11:10:00,1487.801287471162,90.0,76.01893499632837,87.88408402943604,4.730885209505344,637.4618801355826,52.62512422363181,7.236547269368316,400.4882276684869,716.2599525669973,49.6697168822176,1,COMBUSTION_IMBALANCE
2026-01-02 11:11:00,1493.3664460295777,90.0,75.88826543766172,88.48036577570146,4.728995316262992,620.5679594682778,51.60605955828679,7.675664585846516,401.6493766964915,711.0753073356394,49.87400944458073,1,COMBUSTION_IMBALANCE
2026-01-02 11:12:00,1491.770395502482,90.0,77.19171501498974,88.94605102022342,4.936233085965032,626.0042844225686,54.450386678246275,7.129980743553077,396.6272551982505,725.816410663971,49.86894045123703,1,COMBUSTION_IMBALANCE
2026-01-02 11:13:00,1493.1335434523683,90.0,77.36943965606163,88.93818559491694,4.688257169977114,633.041190919644,55.89817410546295,7.6296569126239895,398.3123555094655,719.876322895988,49.72601848260678,1,COMBUSTION_IMBALANCE
2026-01-02 11:14:00,1490.6852548920106,90.0,77.29269226377188,88.30957411436171,4.635560127379148,606.6973784927994,53.73071987425087,7.343648733558932,399.12888836416533,708.8582878002511,49.83071951772011,1,COMBUSTION_IMBALANCE
2026-01-02 11:15:00,1491.9020699382831,90.0,78.03723380728792,89.03204163636269,4.76319171022041,596.4242855483308,52.67493965767965,7.71256465312875,399.9947787271402,721.8787344085983,49.71235867851733,1,COMBUSTION_IMBALANCE
2026-01-02 11:16:00,1493.422821158931,90.0,77.03866607789594,89.45295227726466,4.760639526417085,621.568660633095,52.122225843087904,7.307193756748941,399.78244946270735,717.3141786880584,49.75113743252867,1,COMBUSTION_IMBALANCE
2026-01-02 11:17:00,1498.2258204020877,90.0,77.91053668373344,88.34189623236851,4.725784788979661,612.5238846355855,51.06876139951869,7.338021854647932,399.8174669714691,712.5809707248334,49.95721429881348,1,COMBUSTION_IMBALANCE
2026-01-02 11:18:00,1493.6160723788041,90.0,77.11806282059439,88.84575735321602,4.70105875263859,601.2582654762846,55.831248947404106,7.37332147415923,400.6121440878549,728.3898291848435,49.758099345922155,1,COMBUSTION_IMBALANCE
2026-01-02 11:19:00,1490.303868803939,90.0,79.32216203748085,87.36859501865453,4.847518495233118,614.2183006386421,54.660570616062664,7.092589969055421,398.64506033383134,720.5364293304829,49.69674783383029,1,COMBUSTION_IMBALANCE
2026-01-02 11:20:00,1491.1524806359546,90.0,77.37039937393362,87.87092663590893,4.657221651855839,622.2754737379062,51.293911425826494,7.047505465848268,401.4012121633505,718.5328429884335,49.63907882847828,1,COMBUSTION_IMBALANCE
2026-01-02 11:21:00,1491.0931717832323,90.0,79.90160932490876,88.54556051466669,4.694993455419812,613.5102833523564,54.068821450192566,7.5020308386081425,400.6501786625492,718.00287609507,49.691168096004574,1,COMBUSTION_IMBALANCE
2026-01-02 11:22:00,1488.40871365474,90.0,77.67425298202178,87.99663346874074,4.687852344413846,607.1317236926496,54.0453922696267,7.597692469470672,399.5202516038079,712.4336026542111,49.67790290020942,1,COMBUSTION_IMBALANCE
2026-01-02 11:23:00,1491.3398196165972,90.0,77.04068156894121,89.51960102236116,4.818997439314836,612.7649293970348,56.75634542300579,7.521515500568221,402.40136198783335,713.4772555020794,49.70847425598168,1,COMBUSTION_IMBALANCE
2026-01-02 11:24:00,1493.4656581636434,90.0,76.27261826658916,88.7989398436482,4.75257062345567,614.8052353469866,56.467963429622785,7.149204877164295,402.33462405335763,726.4245839243754,49.78926839479177,1,COMBUSTION_IMBALANCE
2026-01-02 11:25:00,1489.4515357618463,90.0,75.6639647970554,88.982915823429,4.6138422737992935,595.7051773737392,51.3279815951827,7.496037749014408,401.39934303279074,717.6305856510714,49.67214745563075,1,COMBUSTION_IMBALANCE
2026-01-02 11:26:00,1494.0969653021011,90.0,76.1695846414763,88.48548679691963,4.63383962473533,613.5722504682931,55.007366912026136,7.201959205259259,395.4721648441483,720.1103385046844,49.86176525820259,1,COMBUSTION_IMBALANCE
2026-01-02 11:27:00,1492.9755496421687,90.0,76.29484093373634,87.9983959900681,4.927373592559853,601.5565952785511,53.74869170892321,7.481530541644733,402.36841763907694,709.7783476189946,49.683090419129485,1,COMBUSTION_IMBALANCE
2026-01-02 11:28:00,1490.531533356058,90.0,77.72219842286165,88.24059485891249,4.843509877632454,621.5902595202109,52.52291370799175,7.626259829040487,401.1921377837079,713.4095398210225,49.7136106477938,1,COMBUSTION_IMBALANCE
2026-01-02 11:29:00,1491.7169407253243,90.0,76.6906947844126,88.6271902398131,4.811611223356086,599.3895742441322,55.12727664552472,7.473493370667004,403.0096129565694,723.0490625993738,49.71049106721539,1,COMBUSTION_IMBALANCE
2026-01-02 11:30:00,1495.196643615282,90.0,77.48935829886103,88.18104233079542,4.7376038474814255,625.1269220455093,54.310243881768116,7.6937067804483865,401.85619688760033,721.8885588005692,49.84822001527499,1,COMBUSTION_IMBALANCE
2026-01-02 11:31:00,1493.4670956270118,90.0,78.7158157658619,88.83559599586353,4.87413540409477,610.9083493078606,49.84413223782429,7.370002505729451,402.36751401624593,728.7668759936216,49.83523402938851,1,COMBUSTION_IMBALANCE
2026-01-02 11:32:00,1492.0175673097963,90.0,77.18165464616898,88.85570748460225,4.612545371710129,609.5702429322798,56.09700212769681,7.356670135739127,401.3179822752706,726.7147816581561,49.67420957775595,1,COMBUSTION_IMBALANCE
2026-01-02 11:33:00,1491.524633366078,90.0,79.60865550228283,88.50249065196972,4.805246938181055,617.9445459730197,55.085246739966756,7.413470259556156,402.0230397979683,718.8464451375759,49.66685555679711,1,COMBUSTION_IMBALANCE
2026-01-02 11:34:00,1492.1532181409034,90.0,75.96309170202011,87.58718245649143,4.703929000217615,606.339655547766,51.08630458738524,7.131471783240252,402.9911856111017,722.3647678235664,49.641669106711085,1,COMBUSTION_IMBALANCE
2026-01-02 11:35:00,1490.9764728841153,90.0,77.11134642582009,89.3573924668329,4.6879628186978195,617.7874575413007,52.32026041672218,7.3194097848765765,400.3248321075673,718.4169827854846,49.67175781571566,1,COMBUSTION_IMBALANCE
2026-01-02 11:36:00,1487.790500988562,90.0,76.67596952555571,88.39366357165517,4.804705655050135,607.6789122531163,55.07920106453039,7.336973366051987,397.6416541838828,730.2740490931933,49.65953831683767,1,COMBUSTION_IMBALANCE
2026-01-02 11:37:00,1496.0843558210695,90.0,78.32888739878386,89.85463832423545,4.68855148264714,609.4326548767523,50.36527702170185,7.343200011342624,399.5388086499773,725.745073480262,49.86344916794531,1,COMBUSTION_IMBALANCE
2026-01-02 11:38:00,1492.3106499983987,90.0,74.77143337398995,88.82626784817603,4.680004657090354,619.0535416932913,54.18618862857196,7.453658233432682,400.58491839907515,720.8484254542888,49.676682088497216,1,COMBUSTION_IMBALANCE
2026-01-02 11:39:00,1492.7962945302452,90.0,75.66371087612086,88.3950224616339,4.6825837859585295,603.6141926626561,50.264801923438384,7.103934176035342,400.11233137655734,721.0019739243818,49.73559254711275,1,COMBUSTION_IMBALANCE
2026-01-02 11:40:00,1491.8841845002462,90.0,77.15977155885493,88.72391093824893,4.5268872066839085,602.3566269823764,51.909866477899826,7.170877203227899,398.1301570507609,727.224251436299,49.65507973150034,1,COMBUSTION_IMBALANCE
2026-01-02 11:41:00,1490.529766398551,90.0,79.01754304753064,87.49035724146063,4.826513217098353,617.4822550741034,52.40405725016886,7.626413919327694,397.5533985622075,722.8978892355692,49.628066241531805,1,COMBUSTION_IMBALANCE
2026-01-02 11:42:00,1491.6281510381025,90.0,77.5329428541218,89.01307120161792,4.619075568687762,614.7310014751062,53.58945593839151,6.998550355187238,398.88825599704774,727.7931400853504,49.740379313449935,1,COMBUSTION_IMBALANCE
2026-01-02 11:43:00,1488.8012104756115,90.0,75.76626685122406,89.78347061876467,4.890171528190635,616.6869274480939,54.38438574912216,7.5232742137745685,401.21160933397624,709.0317603687056,49.56801334953842,1,COMBUSTION_IMBALANCE
2026-01-02 11:44:00,1496.5541729961067,90.0,75.93917341618696,87.45538326307823,4.722131079756936,618.2763923672142,53.34571600802636,7.325288063840463,402.37050965623445,722.306141307494,49.940770815130385,1,COMBUSTION_IMBALANCE
2026-01-02 11:45:00,1489.5309760031553,90.0,79.15374846718636,88.35629549508708,4.863818069842854,615.5737555380698,51.7563183748134,7.432024496332691,401.3748514206666,717.4228256765931,49.647476518896994,1,COMBUSTION_IMBALANCE
2026-01-02 11:46:00,1489.9360674323057,90.0,76.58432902534823,88.44733093860417,4.5501502779596485,621.0809262396707,56.18162757777005,7.711619757066788,401.5861409306712,728.78188993814,49.668815316274085,1,COMBUSTION_IMBALANCE
2026-01-02 11:47:00,1491.1194815912272,90.0,76.22388102285626,88.93761431458147,4.79439601582823,615.9743628697865,50.39260013501667,7.373763442826935,399.87877664025467,727.7319934359491,49.69006407132718,1,COMBUSTION_IMBALANCE
2026-01-02 11:48:00,1494.5761514497049,90.0,78.93465726790656,89.5529878370827,4.807795816509527,594.926961003247,52.973411285119724,7.525077601101154,397.38687631344106,720.1641790455066,49.85784744025068,1,COMBUSTION_IMBALANCE
2026-01-02 11:49:00,1492.0290179985252,90.0,78.41242864625744,88.69144106129771,4.85652754221049,597.5211540533815,50.99678956472562,7.411713393536383,399.3171691286759,727.6781548940552,49.773458594339694,1,COMBUSTION_IMBALANCE
2026-01-02 11:50:00,1489.527728407939,90.0,78.70694680045882,89.57089591210769,4.555778204479185,634.2794918024208,50.90745877706631,7.378124766049339,399.61185338219144,728.9155725999625,49.66767699786025,1,COMBUSTION_IMBALANCE
2026-01-02 11:51:00,1494.5086767215146,90.0,76.21595309410229,88.58521623844226,4.658023811522462,615.0007186705886,52.26834156372332,7.353364940431927,399.2544212697465,720.3720333596308,49.84519534601254,1,COMBUSTION_IMBALANCE
2026-01-02 11:52:00,1493.4620012535709,90.0,75.57188168206392,88.72571190939804,4.7831367570876475,624.502416517171,53.289692957616786,7.540211669701245,400.08204229806194,732.3596688621593,49.77146222495634,1,COMBUSTION_IMBALANCE
2026-01-02 11:53:00,1493.0768699144328,90.0,77.42914646808624,88.66411778308006,4.74156184222281,611.5429609437292,52.36247292624719,7.253679626775732,400.6621296398394,719.8432942366513,49.79633914749321,1,COMBUSTION_IMBALANCE
2026-01-02 11:54:00,1493.4314684823416,90.0,77.65534126904251,89.11014989150247,4.747132966426334,614.4198490560607,55.99392415567161,7.173595362289747,401.27952278236523,718.9273952483204,49.7641550606377,1,COMBUSTION_IMBALANCE
2026-01-02 11:55:00,1496.788723801165,90.0,77.68835402014942,88.28883947094482,4.698194550000171,610.4663534572916,50.379917693177575,7.414894994686217,399.5828202034505,724.3293629429218,49.89306904114695,1,COMBUSTION_IMBALANCE
2026-01-02 11:56:00,1496.3701897900721,90.0,78.93556600791568,88.90914337938068,4.876896993917955,639.6592733146136,55.36456174991405,7.4385568007176985,397.1443608915331,718.2310463442884,49.86527413886742,1,COMBUSTION_IMBALANCE
2026-01-02 11:57:00,1490.6265693139935,90.0,75.33818085919077,87.88460169687171,5.003154510890547,617.5324242236414,54.83973412272718,7.035168366920208,399.2756834210633,720.4266988789744,49.66469138350049,1,COMBUSTION_IMBALANCE
2026-01-02 11:58:00,1495.2477699856222,90.0,78.24285845745351,88.35774794767423,4.743243033447425,609.6514209449381,51.49744137956153,7.397902514277867,400.06556559548795,727.0471721202546,49.807136742967984,1,COMBUSTION_IMBALANCE
2026-01-02 11:59:00,1492.7663363795177,90.0,76.05177995055502,88.18162818853052,4.781709560779915,598.4846028656981,53.53357587046493,7.154624615757098,401.8342118832001,720.0960942610864,49.782262384510204,1,COMBUSTION_IMBALANCE
2026-01-02 12:00:00,1492.9981916322754,90.0,78.23842355936415,88.5439807793089,4.734744758976103,634.7373344273585,52.94524925031876,7.525368621489564,399.14828823672383,711.5249110351234,49.83213668338318,1,COMBUSTION_IMBALANCE
2026-01-02 12:01:00,1488.6154583367133,90.0,76.74804849093607,88.34196012529804,4.861566137398783,613.3672161477169,50.954687869406875,7.039263028820674,400.7688154425991,721.836596939246,49.67907037647392,1,COMBUSTION_IMBALANCE
2026-01-02 12:02:00,1491.6592284692235,90.0,76.36835158860264,89.06606684622841,4.801590291501113,622.442291195616,54.58759026209763,7.785015165972618,400.43513184945317,716.518532104738,49.65914601551018,1,COMBUSTION_IMBALANCE
2026-01-02 12:03:00,1490.3743528193268,90.0,76.59690896821691,88.06066595241411,4.632148623888033,623.5599729030655,53.852055232396054,7.332360316672835,400.0658507996851,724.3263557864727,49.7436052465479,1,COMBUSTION_IMBALANCE
2026-01-02 12:04:00,1493.6561176297866,90.0,75.66091657513026,87.63434203209442,4.686042958308647,610.3716947656962,55.78433413748825,7.227007610302538,401.3957999789869,723.4809485791312,49.772629329245326,1,COMBUSTION_IMBALANCE
2026-01-02 12:05:00,1494.1421610008056,90.0,77.32528041261348,87.82135809014414,4.6426431588965285,621.7245277538616,55.745901433068134,7.343405507926361,399.0087382048711,727.3570017408326,49.834775350784135,1,COMBUSTION_IMBALANCE
2026-01-02 12:06:00,1487.8510272979674,90.0,76.4146058024603,88.99708402315059,4.989540552756539,608.9586171324838,51.59370804334622,7.511254171726778,399.1372203255347,724.5376615039635,49.54972347666322,1,COMBUSTION_IMBALANCE
2026-01-02 12:07:00,1491.9559302719915,90.0,78.16065401860831,88.01522132834182,4.80322675179137,605.0957363796058,53.50329015425037,7.578094017846987,399.98214876535866,725.4512214182903,49.73896333809342,1,COMBUSTION_IMBALANCE
2026-01-02 12:08:00,1494.2437230095884,90.0,77.99686281075688,88.69892220776029,4.666452933233816,626.6446469251222,51.695205000268444,7.3451377379950324,399.0397802423594,716.6545161993114,49.82381025946445,1,COMBUSTION_IMBALANCE
2026-01-02 12:09:00,1491.6266420753732,90.0,79.17073589925114,88.35260624837589,4.665392670969998,613.418106201778,54.581034557442095,7.112261917037562,400.7620184365819,724.0199324794526,49.64665782958312,1,COMBUSTION_IMBALANCE
2026-01-02 12:10:00,1493.4581272900048,90.0,77.690286781566,88.91212202737655,4.802280686749159,620.1851283360265,55.69171943335388,7.157540573275564,398.9302115434508,729.8422564468015,49.8123509346507,1,COMBUSTION_IMBALANCE
2026-01-02 12:11:00,1492.7023309352542,90.0,77.86315909912969,88.38461714744163,4.822799672017081,619.1092099388177,54.29176387748966,7.457277539748149,400.3394563116177,716.5567504568162,49.82404111490039,1,COMBUSTION_IMBALANCE
2026-01-02 12:12:00,1492.6833204639051,90.0,78.84811178924716,89.8821742580585,4.7821672861472715,621.3793196005529,51.21253700398507,7.59746542590209,399.8497408468199,728.9986914586354,49.747378284846086,1,COMBUSTION_IMBALANCE
2026-01-02 12:13:00,1491.4573700438634,90.0,76.57701778045012,89.44905850790919,4.668463093976844,599.4346306579838,51.93664206525419,7.623495050316824,400.32238894716505,717.2532495439933,49.78325407467018,1,COMBUSTION_IMBALANCE
2026-01-02 12:14:00,1489.5668383917287,90.0,75.61315080163821,88.34239490979708,4.763736466245476,609.1470946868363,55.59749069277728,7.433618515082156,399.3103879074054,715.7401437747501,49.64274327171834,1,COMBUSTION_IMBALANCE
2026-01-02 12:15:00,1489.75693970515,90.0,77.50410534622381,88.27393270545244,4.74561285565429,611.7552484250358,56.1408307113398,7.593459913236284,399.49136755820973,721.4810022167742,49.70104388339066,1,COMBUSTION_IMBALANCE
2026-01-02 12:16:00,1493.4187050289106,90.0,75.68665051447988,90.06616307540416,4.605050701248073,606.6852132709851,53.14875379969064,7.7824698435184,400.14401390199555,723.579552080644,49.66969500266613,1,COMBUSTION_IMBALANCE
2026-01-02 12:17:00,1492.0389165110378,90.0,80.02841131367644,87.96057451933564,4.6481391253256845,619.2900684801639,50.13663363867485,7.6380695425472585,400.303111759242,724.5587506198614,49.8555694393336,1,COMBUSTION_IMBALANCE
2026-01-02 12:18:00,1491.7229755107855,90.0,78.91015808712842,88.47248822604075,4.771746739933498,626.868930775959,51.29999596003433,7.584407580280875,399.9936971269133,715.191187896134,49.798872095955,1,COMBUSTION_IMBALANCE
2026-01-02 12:19:00,1491.1522199153553,90.0,79.70365349329778,88.51122445985264,4.749420618907314,628.4518465534629,51.68862938456809,7.238688563381543,402.55804353476964,722.1727004862714,49.69084272196582,1,COMBUSTION_IMBALANCE
2026-01-02 12:20:00,1491.3896223090385,90.0,77.34994061386271,88.49883105109264,4.7853585500623685,611.6079523479011,54.299728921151825,7.592523924085601,398.5138946218881,716.5722271425825,49.61438295896909,1,COMBUSTION_IMBALANCE
2026-01-02 12:21:00,1494.0938235889762,90.0,77.8966424249458,87.63064413973467,4.826489421074679,617.919658624579,49.945540578095155,7.492246495577749,399.9036943075709,712.5553887196471,49.81752887138115,1,COMBUSTION_IMBALANCE
2026-01-02 12:22:00,1491.329511836264,90.0,76.76538751621305,88.7483012048379,4.874972238152995,619.456435044901,55.26241220937871,7.530129125673428,397.6395564668245,715.3563184223361,49.638787450521775,1,COMBUSTION_IMBALANCE
2026-01-02 12:23:00,1489.317870573397,90.0,78.26887578225717,88.01482495430378,4.6621130623023195,621.2125609420353,53.791095103980425,7.652221255788902,400.5581222180011,716.2454981702209,49.6661716959911,1,COMBUSTION_IMBALANCE
2026-01-02 12:24:00,1493.4873035510805,90.0,75.91859160250281,89.21799456208447,4.778663728630849,606.2186492692736,52.832565771032066,7.471711569673638,398.3271301954348,722.6079758017626,49.80348840432757,1,COMBUSTION_IMBALANCE
2026-01-02 12:25:00,1491.5902466722705,90.0,74.43173562778826,87.77201747878262,4.819479532077216,633.2058026826496,50.252946807540546,7.379490733867707,399.5825346161851,725.7610683153433,49.67260473062558,1,COMBUSTION_IMBALANCE
2026-01-02 12:26:00,1492.0627917310655,90.0,76.39440410617281,88.52973296368766,4.698192299473702,624.2652018434644,55.3348579740247,7.186026838467816,399.441903512003,712.6339668506237,49.79147474221624,1,COMBUSTION_IMBALANCE
2026-01-02 12:27:00,1495.215156612799,90.0,75.64986970730862,87.39193967652399,4.764347524826447,624.5264934369244,54.59066451735483,7.340696736470935,400.42133668990175,721.7598053710403,49.88078395556695,1,COMBUSTION_IMBALANCE
2026-01-02 12:28:00,1491.9588788852989,90.0,78.93527794449868,87.42280814682957,4.722887981393801,627.0346005690039,51.98781388058021,7.442570453432537,399.17081362368225,714.1165090711455,49.78075379637439,1,COMBUSTION_IMBALANCE
2026-01-02 12:29:00,1492.5783673462374,90.0,79.31355874968996,88.08032402085361,4.949252557918646,620.3413594226598,53.65988237090356,7.455523868036506,399.10704145345903,723.14542704507,49.75305513005803,1,COMBUSTION_IMBALANCE
2026-01-02 12:30:00,1489.6421530174034,90.0,75.70871943889732,88.15089495883142,4.747467369867483,604.7268657694902,48.96203409190906,7.448775259734065,402.15378469612887,716.8863470949813,49.58396223056776,1,COMBUSTION_IMBALANCE
2026-01-02 12:31:00,1491.560661095298,90.0,78.72672148042379,89.23286320649464,4.760493246741246,613.6102726844489,50.76096936342471,7.5919019719522085,400.42685018571177,714.7433549098836,49.767582316787156,1,COMBUSTION_IMBALANCE
2026-01-02 12:32:00,1493.219052090417,90.0,78.34555118152088,88.47970408186897,4.7040074886709,598.4894660493809,55.55683565791102,7.573072940043424,399.1584237219666,723.9983225767379,49.760449833057116,1,COMBUSTION_IMBALANCE
2026-01-02 12:33:00,1488.8892525323174,90.0,75.52185011311487,89.1462034504557,4.669112474365806,619.1507250969909,53.98369269696727,7.38758235170868,399.62374949228314,717.0653869727745,49.56015274391761,1,COMBUSTION_IMBALANCE
2026-01-02 12:34:00,1492.4016901862315,90.0,76.84290036535658,88.31010670266159,4.6035975997766005,613.3078634183445,54.28474080389053,7.23054757850881,402.4680324284061,718.4201802432365,49.814324974506434,1,COMBUSTION_IMBALANCE
2026-01-02 12:35:00,1492.2015821452896,90.0,76.63021663122053,88.80304259144009,4.833926010643732,614.5947761647307,56.35623040804054,7.476671587355514,399.64725268262333,708.9000545622181,49.845023114201446,1,COMBUSTION_IMBALANCE
2026-01-02 12:36:00,1492.0825749111748,90.0,78.11775484646246,88.13726234154048,4.81409850290885,627.0400113008565,53.956637101311955,7.8492675095230915,398.96608506527144,724.7327568071173,49.73402342392354,1,COMBUSTION_IMBALANCE
2026-01-02 12:37:00,1494.0743177973166,90.0,75.9037671269864,88.10326346545062,4.707825086247009,610.4300596144354,53.05828993868339,7.464248555055809,398.97250577481043,724.1045426058455,49.91043331764072,1,COMBUSTION_IMBALANCE
2026-01-02 12:38:00,1492.6688770296971,90.0,77.16926265926139,87.58957493054098,4.658171511082786,612.4787684122792,51.742237699325045,7.340815209525356,399.17631027851564,720.0272892214066,49.7601949707538,1,COMBUSTION_IMBALANCE
2026-01-02 12:39:00,1494.956143796713,90.0,76.51175335557643,88.66787699692557,4.7446333127035025,615.2197329596322,55.35927696009007,7.507167230493432,399.1082534163599,712.3620952932212,49.812848664682114,1,COMBUSTION_IMBALANCE
2026-01-02 12:40:00,1490.0128209688119,90.0,77.81014212539137,88.63104170735001,4.677609485223303,596.6000775058636,52.731863898975526,7.519147251752255,398.0805282274761,726.0468458916738,49.635571109584454,1,COMBUSTION_IMBALANCE
2026-01-02 12:41:00,1492.2718491344367,90.0,77.03719292450953,88.88865644364286,4.700022614263931,612.33936344238,51.60126317292261,7.516930120081155,398.3136998545795,716.6686830681961,49.82424909154753,1,COMBUSTION_IMBALANCE
2026-01-02 12:42:00,1492.16893357278,90.0,76.68052481158676,88.60745914357062,4.601494822668299,590.1420508771382,55.704031086485294,7.67457603900914,398.75601943845794,717.733232749497,49.699957258356605,1,COMBUSTION_IMBALANCE
2026-01-02 12:43:00,1489.8614910124898,90.0,77.04110783529208,89.51309798859691,4.731444998292864,609.1447843810427,53.22747402932491,7.4772185913906934,400.88735652767963,731.5602202817977,49.69881316591508,1,COMBUSTION_IMBALANCE
2026-01-02 12:44:00,1493.9125900041827,90.0,79.56036797278092,88.58801381833868,4.751940043832102,623.5518905339283,55.1313279454816,7.665082447082069,399.4281440690907,716.4818177794539,49.7691281417198,1,COMBUSTION_IMBALANCE
2026-01-02 12:45:00,1496.6493466117056,90.0,76.81307240754629,88.99591335716899,4.829554021280589,619.4726655825107,54.87468506244234,7.446046822747502,399.6892574663589,723.7110498121325,49.8652962155948,1,COMBUSTION_IMBALANCE
2026-01-02 12:46:00,1491.9659878510324,90.0,76.11407415552216,88.33794545850037,4.7181669339667325,609.0517968954592,54.28906779215711,7.702499653501775,401.90513203788237,722.8104613104131,49.783712079732894,1,COMBUSTION_IMBALANCE
2026-01-02 12:47:00,1493.0100421765476,90.0,77.93344559745469,88.04576498284924,4.705728452622632,615.4079821822381,53.772339390475594,7.64134703914792,401.9425107249076,721.9508609644005,49.74799956357045,1,COMBUSTION_IMBALANCE
2026-01-02 12:48:00,1492.1690369516307,90.0,77.11925237024629,88.85884758509324,4.567146961686412,604.2501043286959,48.90714843057724,7.58435988231058,399.5768125852934,721.4100027127726,49.718728129416675,1,COMBUSTION_IMBALANCE
2026-01-02 12:49:00,1490.5728306601857,90.0,75.69493799742955,88.45542600608975,4.840987574714468,614.9765659685048,53.90105665699241,7.55783714715258,399.0537047339749,721.881942809446,49.74240125686493,1,COMBUSTION_IMBALANCE
2026-01-02 12:50:00,1488.358479444396,90.0,79.77927589542676,88.91602152296474,4.810961881196401,644.3032028549251,54.523610347300306,7.860303535414084,398.7033545294897,721.3597029547027,49.69181917947428,1,COMBUSTION_IMBALANCE
2026-01-02 12:51:00,1490.5884530338092,90.0,76.88522358094295,88.67646827092227,4.7293444787222345,633.4580132037194,53.822644602511495,7.6153235177332865,401.03916365456234,719.7404082061197,49.71851625795785,1,COMBUSTION_IMBALANCE
2026-01-02 12:52:00,1489.2160832380966,90.0,76.85678621156329,88.10349333660486,4.605007027814866,615.5262213001727,53.995555023968485,7.230136599075097,399.69293914971655,727.5564156205537,49.607797619155356,1,COMBUSTION_IMBALANCE
2026-01-02 12:53:00,1495.4082041561182,90.0,77.45901559413709,89.03716893883845,4.597803918114416,616.6014416491538,55.6860027328447,7.449180110293664,399.4202576645158,713.4366971960036,49.8214097135724,1,COMBUSTION_IMBALANCE
2026-01-02 12:54:00,1491.7697806121535,90.0,79.21773078151391,88.0644050231076,4.684001306661419,605.2043468536544,49.68178192348943,7.347056646354547,398.77950313729366,725.1072905200768,49.72965511692545,1,COMBUSTION_IMBALANCE
2026-01-02 12:55:00,1491.3081613419056,90.0,75.39868523429872,88.81266313164768,4.820269308253713,606.9821089204895,49.83483742703302,7.812895263359589,398.8455003864829,724.1117114934377,49.72631854782647,1,COMBUSTION_IMBALANCE
2026-01-02 12:56:00,1493.7783076495757,90.0,77.58910415135101,89.14080555576285,4.746217652408907,618.6218432210469,54.01836880192542,7.650287511919092,400.4800872872399,723.491995606647,49.74321695947887,1,COMBUSTION_IMBALANCE
2026-01-02 12:57:00,1489.7564977942882,90.0,79.61774482120886,88.30770258079235,4.584510229495976,609.7510743436352,54.53463466514215,7.806390204924217,398.0268426011691,725.5848971382006,49.69470182345527,1,COMBUSTION_IMBALANCE
2026-01-02 12:58:00,1490.466271923991,90.0,77.4241761224284,89.07799722683609,4.758861246923301,624.0414959485158,55.624387024835556,7.248001094353043,401.4923030406819,719.537003023658,49.686484730615014,1,COMBUSTION_IMBALANCE
2026-01-02 12:59:00,1492.1361445384973,90.0,75.89642594318012,88.69880841702653,4.6421091737423845,630.6968568097776,53.34425948846389,7.620334935709993,399.1992330342776,710.6551296208656,49.65208606868467,1,COMBUSTION_IMBALANCE
2026-01-02 13:00:00,1494.057537982847,90.0,76.58739552468407,88.92597188919807,4.6692593395648245,618.3262078478103,55.66875117990441,7.127094203392794,399.7755460836223,719.6385367014276,49.75547160863852,1,COMBUSTION_IMBALANCE
2026-01-02 13:01:00,1493.0033700903375,90.0,77.51170843332763,88.08162215444864,4.835541358163197,616.0173720583992,55.14506065373169,7.081573533172403,397.9945330627892,715.0440289118773,49.74157256932867,1,COMBUSTION_IMBALANCE
2026-01-02 13:02:00,1492.4966502850318,90.0,78.77050038551666,88.6071501160268,4.804407406057547,598.1922037508934,49.785468456958355,7.320608773505182,399.98145109263646,716.3407039507097,49.746245458392345,1,COMBUSTION_IMBALANCE
2026-01-02 13:03:00,1492.156235470472,90.0,76.89994385425402,87.79595934498768,4.853390801382789,622.4761024527205,55.7597131846135,7.7024750274991405,399.50751858596414,713.787901630838,49.83300512212427,1,COMBUSTION_IMBALANCE
2026-01-02 13:04:00,1492.8004717110537,90.0,78.20585001312433,89.35565025765516,4.710573642938475,603.5632869846094,49.89415995560461,7.201476991809217,399.9248791017153,717.6132757077809,49.77192428900877,1,COMBUSTION_IMBALANCE
2026-01-02 13:05:00,1492.4033058102584,90.0,75.6723869137075,87.49300083920768,4.838442439002465,610.8199087136658,50.54408799974052,7.396637630635351,402.2075633475428,717.0168815300827,49.70473826584701,1,COMBUSTION_IMBALANCE
2026-01-02 13:06:00,1489.9400554504462,90.0,75.66303542605354,88.3226240901855,4.674933891819984,624.5957589238513,52.64933709136589,7.637768573641177,400.2665470686854,708.1121508503645,49.67570005523023,1,COMBUSTION_IMBALANCE
2026-01-02 13:07:00,1492.0921584432663,90.0,76.73926322867287,88.03414570290012,4.713560492481468,625.2975816430903,52.889010556173,7.569282632231861,398.8080112237813,723.5011095564114,49.71880089406952,1,COMBUSTION_IMBALANCE
2026-01-02 13:08:00,1489.8526226821646,90.0,78.89059216849806,88.83735020760105,4.6906236734075,610.3349247264988,53.11896170960965,7.843237315742572,398.93302013418014,731.1016092900244,49.67799200138216,1,COMBUSTION_IMBALANCE
2026-01-02 13:09:00,1492.1621650858017,90.0,77.35713959625542,89.46197297296489,4.713147042363152,610.9108446508002,52.79720729158588,7.400674398441972,400.89269677887063,723.0311859674814,49.767767220545174,1,COMBUSTION_IMBALANCE
2026-01-02 13:10:00,1491.0387041170236,90.0,77.60458853903461,88.82745754934369,4.594801740381918,608.0068112674332,51.6805084549493,7.311674091073867,401.94803993649015,718.9853802173288,49.76175166959531,1,COMBUSTION_IMBALANCE
2026-01-02 13:11:00,1497.0787632455658,90.0,77.59144914704235,89.9806418484756,4.677886672718151,603.0214625467408,50.01013681115287,7.181103783784204,400.4228770311266,719.7262680216189,49.90141111673535,1,COMBUSTION_IMBALANCE
2026-01-02 13:12:00,1491.9202112324965,90.0,78.52231294049714,87.81102991172051,4.888945131917463,608.6520451789576,52.277701097800296,7.32640001197652,401.03306911683217,717.8950706599342,49.81262173412988,1,COMBUSTION_IMBALANCE
2026-01-02 13:13:00,1489.1915208674768,90.0,76.59655282435762,87.84940793373565,4.633759025144143,598.8686998108531,54.12637037939763,7.179280208162819,400.91460658500506,720.4502079193348,49.68511849537604,1,COMBUSTION_IMBALANCE
2026-01-02 13:14:00,1491.731639578646,90.0,78.05087932150683,88.05344288419222,4.605999014124652,621.8306258150826,56.2643036709014,7.040710944018077,402.12859662003626,719.8149595296338,49.68901600871426,1,COMBUSTION_IMBALANCE
2026-01-02 13:15:00,1493.0387174912757,90.0,76.34941141648225,88.56062234764788,4.60391872028082,618.9452360516187,54.967128413269826,7.792678516268418,397.07561474091096,715.7947578480085,49.87845003299662,1,COMBUSTION_IMBALANCE
2026-01-02 13:16:00,1495.3467278923051,90.0,79.50126537463126,87.9865388123583,5.006455168160298,620.6052928487052,54.14758323298308,7.409781359855078,401.0008284089568,728.4144419447391,49.86124065540701,1,COMBUSTION_IMBALANCE
2026-01-02 13:17:00,1490.8210952001225,90.0,76.38356196318772,88.12416862284742,4.78400182563009,605.4559594942485,53.6505996362796,7.918293374245826,401.47560406585535,712.5642288214511,49.65228028147214,1,COMBUSTION_IMBALANCE
2026-01-02 13:18:00,1488.8351440519527,90.0,76.29172398055195,88.81024176196357,4.69676862632659,603.0492943648494,52.501588624491184,7.232142312665504,397.9919144407966,723.5916577159712,49.710483787626615,1,COMBUSTION_IMBALANCE
2026-01-02 13:19:00,1493.633674022862,90.0,77.89563019110662,87.88041405844302,4.749223760131954,615.5351427431356,49.3831980702063,7.314238278259198,398.6714977239904,719.4940118634123,49.89167801335532,1,COMBUSTION_IMBALANCE
2026-01-02 13:20:00,1489.2388025882008,90.0,77.3693630432042,87.93340199351488,4.764095900054384,615.6410256495022,53.91135221096678,7.244926197648579,398.7238258770578,729.5041590753287,49.63964215642071,1,COMBUSTION_IMBALANCE
2026-01-02 13:21:00,1491.127689116985,90.0,77.64607469501226,88.30073062350489,4.669940389956964,613.5273017248705,55.08068521840687,7.271848787001447,398.90681470543393,721.7043229962411,49.67907379088072,1,COMBUSTION_IMBALANCE
2026-01-02 13:22:00,1491.484759028978,90.0,77.53459145095141,88.34777846458027,4.681322755837485,612.1051673081215,54.93552533213222,7.574720748841889,399.2774244235967,718.2004723140838,49.70753988642659,1,COMBUSTION_IMBALANCE
2026-01-02 13:23:00,1491.8607330933999,90.0,76.05876073733567,89.00500785861058,4.704131529607586,632.1077577769439,53.796959379400256,7.513264793252874,400.3639042195824,718.7614640078275,49.76442768948921,1,COMBUSTION_IMBALANCE
2026-01-02 13:24:00,1493.3783289141486,90.0,79.08696200056903,88.04968012601087,4.6665308886562915,619.2602501179298,50.286083011265845,7.575081885083552,401.29851197675106,720.1995334725988,49.843170463223146,1,COMBUSTION_IMBALANCE
2026-01-02 13:25:00,1490.6327314354273,90.0,78.2807672705958,88.13986000793948,4.697509339139091,634.7067839146649,57.75716653596483,7.668454318430388,401.6219754366528,714.286046525018,49.71628208105742,1,COMBUSTION_IMBALANCE
2026-01-02 13:26:00,1491.4525414956665,90.0,78.80202394541918,88.79083505813944,4.7594924565702454,627.6896502543163,53.773283205050895,7.621471008833497,398.7432654082483,716.1656523744105,49.72017087694581,1,COMBUSTION_IMBALANCE
2026-01-02 13:27:00,1491.9714592941011,90.0,76.68826940419633,88.90069716189161,4.622270738800157,632.0327092601734,55.70482011067779,7.198302051111602,398.73294550194555,711.0752801540407,49.80728256498526,1,COMBUSTION_IMBALANCE
2026-01-02 13:28:00,1492.2991959150377,90.0,77.74650637008101,89.21436223356322,4.976707697423521,604.25537233644,55.216836242351214,7.295236287266194,401.97373276002435,715.3851155081295,49.72766470684868,1,COMBUSTION_IMBALANCE
2026-01-02 13:29:00,1492.195654349416,90.0,77.50105267770286,88.7345601774323,4.800624457539974,620.9317099099803,52.30646847229988,7.4242965620143275,400.970115903128,720.4695324083023,49.79140111189888,1,COMBUSTION_IMBALANCE
2026-01-02 13:30:00,1492.8720115504452,90.0,78.54336294134569,88.56518202998085,4.601687885549119,610.6823451100663,49.90713387699843,8.145566668952638,400.1242972628035,721.5008752464227,49.74799724509728,1,COMBUSTION_IMBALANCE
2026-01-02 13:31:00,1493.6876790192835,90.0,78.57947790764918,88.78751920337301,4.476459265022479,598.3661328864047,51.034713629085445,7.5544800284262745,400.7100050133325,710.103351525018,49.81114044854333,1,COMBUSTION_IMBALANCE
2026-01-02 13:32:00,1492.7852682313019,90.0,77.4962168993131,88.36629359705566,4.663923799545109,629.9600316955552,51.04398834918669,7.421337761681357,399.9552943272228,719.313941484779,49.75383081280387,1,COMBUSTION_IMBALANCE
2026-01-02 13:33:00,1492.9071710470184,90.0,75.57989473233557,88.36261620281219,4.801183740904481,612.0630747429437,50.840879886557964,7.53465494434915,400.7868770245714,722.8170497541107,49.760779759101304,1,COMBUSTION_IMBALANCE
2026-01-02 13:34:00,1488.835553666507,90.0,79.27322131353822,87.61294484386055,4.796788092567799,604.4489836973331,54.3060472678101,7.279377189117829,399.4958999552414,719.1854390331188,49.608982463010456,1,COMBUSTION_IMBALANCE
2026-01-02 13:35:00,1492.1004553983314,90.0,77.90270592573296,88.94670797834459,4.709980989398247,610.8543613675131,57.53315475391061,7.452485102200461,400.40320740165885,716.831056771111,49.80392454817008,1,COMBUSTION_IMBALANCE
2026-01-02 13:36:00,1492.9590150960032,90.0,76.59855051364192,88.60572947252581,4.667741164435175,607.0377587722618,56.710623917603186,7.590932436962015,397.73418092444575,717.939194274759,49.72865420129468,1,COMBUSTION_IMBALANCE
2026-01-02 13:37:00,1493.4578823891409,90.0,77.73532719485871,88.88851963318409,4.631816469937125,608.0630203238334,55.10007508926658,7.394200863091731,398.96832355776183,717.2961832251139,49.74491780034393,1,COMBUSTION_IMBALANCE
2026-01-02 13:38:00,1490.6152984515325,90.0,75.58757522573319,87.09209475276128,4.717899797833824,612.7839660981736,47.17818506863025,7.248689349190562,398.9844832348145,716.8163472044597,49.79322629334334,1,COMBUSTION_IMBALANCE
2026-01-02 13:39:00,1490.6819214502227,90.0,78.46199543556757,88.47644914605316,4.629233019696176,632.3081519304475,52.814015541898335,7.384425189464062,399.4384149501896,720.8691176262242,49.738289759906806,1,COMBUSTION_IMBALANCE
2026-01-02 13:40:00,1490.8517986494328,90.0,75.63224284640735,88.07205924681111,4.6986710394429325,608.3368278345538,54.38510858016278,7.336084678280763,398.6102301178304,731.5384411386773,49.57580427004644,1,COMBUSTION_IMBALANCE
2026-01-02 13:41:00,1493.0728277997828,90.0,77.03266536891847,89.25068125241005,4.848081468534081,631.592706642192,50.65692786645594,7.128574516065821,399.19968456126537,716.281500415474,49.74083132303224,1,COMBUSTION_IMBALANCE
2026-01-02 13:42:00,1494.0677621098484,90.0,77.55378898355823,88.80710845774185,4.646733850920223,623.4883679597953,53.71023761958854,7.285689567961478,397.72837890640284,718.4092868366929,49.71165927011685,1,COMBUSTION_IMBALANCE
2026-01-02 13:43:00,1491.1850797854167,90.0,78.44350047741995,88.6171177054052,4.788745774197095,618.9627156358608,56.89560424578735,7.121437442733911,400.82305071459234,719.7415103031238,49.6586347915098,1,COMBUSTION_IMBALANCE
2026-01-02 13:44:00,1493.8159246272542,90.0,77.3993300376065,88.28403351532941,4.810661710991832,622.4812003225187,51.03015007963782,7.152641021900795,399.8762297216329,716.5632278282085,49.6369384209301,1,COMBUSTION_IMBALANCE
2026-01-02 13:45:00,1492.2469596183291,90.0,77.99115841844606,88.69860415506575,4.618067785045094,615.1365566383746,55.05932597903823,7.171811102426706,397.44218858833597,725.4911790176171,49.73471584172628,1,COMBUSTION_IMBALANCE
2026-01-02 13:46:00,1491.7514284456752,90.0,77.24845306253651,88.03590718531088,4.654944668837833,627.8605010386343,51.94208641059083,7.590690259645172,398.74775513418,708.1455731334678,49.66795052389777,1,COMBUSTION_IMBALANCE
2026-01-02 13:47:00,1491.577231540364,90.0,77.24395173494241,88.45013732615705,4.837891597175538,620.669802632671,54.36638696247364,7.6978330126719,400.5049021413432,717.3447041481066,49.72223631418529,1,COMBUSTION_IMBALANCE
2026-01-02 13:48:00,1493.4932227292043,90.0,77.3757345203901,88.21081830650621,4.643207229904806,598.3533401497449,51.366239611237745,7.0927840645923546,399.1854670804213,724.0915686815998,49.70185136136268,1,COMBUSTION_IMBALANCE
2026-01-02 13:49:00,1492.651155633574,90.0,77.06825512864535,89.63324482749077,4.701586528529105,617.9625193188997,50.30841016947053,7.716036733254898,398.9545878097929,718.5295284580568,49.759184113777735,1,COMBUSTION_IMBALANCE
2026-01-02 13:50:00,1496.5516508552953,90.0,75.3910413277488,89.23497387809535,4.919298904654945,622.8397314299261,55.569603202991686,7.174681165407891,399.88811098448787,715.8958052057485,49.86430921460383,1,COMBUSTION_IMBALANCE
2026-01-02 13:51:00,1490.2955507140055,90.0,76.41947768705978,89.03152374199135,4.817352750866309,612.1099878139878,53.678165808675615,7.549376018794471,400.51539630276733,722.2037837721938,49.75161600539295,1,COMBUSTION_IMBALANCE
2026-01-02 13:52:00,1493.03620340406,90.0,77.5541478220451,87.75484448892286,4.7534261553951,616.2625587271393,55.519269375596764,7.4517117141532605,397.8454713144413,724.5317161769858,49.83844128988928,1,COMBUSTION_IMBALANCE
2026-01-02 13:53:00,1490.941597980377,90.0,77.00098447609264,88.93207855614196,4.805431486330286,608.871420053256,54.21753855326871,7.527170308942571,400.8251927218268,721.0531772260753,49.73732054616308,1,COMBUSTION_IMBALANCE
2026-01-02 13:54:00,1490.2614260260227,90.0,77.10549382795628,88.5938333375709,4.72253112471718,601.2237434393644,55.19271456116735,7.166851389437808,398.7995600775889,715.9938982009356,49.659050178501026,1,COMBUSTION_IMBALANCE
2026-01-02 13:55:00,1491.97826572593,90.0,76.91784389022864,89.111730069758,4.819588581925188,599.4962312906875,55.02332145140771,7.037528543465578,399.9731080476253,722.2810165957587,49.83187787729401,1,COMBUSTION_IMBALANCE
2026-01-02 13:56:00,1492.274704958814,90.0,76.31276980014037,88.6611975475634,4.5221495059140855,599.6293201293114,55.36337098982909,7.2394183179734855,399.9468697889627,717.9897534986261,49.66483840140181,1,COMBUSTION_IMBALANCE
2026-01-02 13:57:00,1497.8363471101202,90.0,76.72772860370655,88.49664116698078,4.716140577022889,621.6904474247053,55.82984690562078,7.485373729992132,399.20940082264036,723.7259344094691,49.857700305525825,1,COMBUSTION_IMBALANCE
2026-01-02 13:58:00,1491.6317083686336,90.0,76.93634844628478,88.6168921481682,4.519028166377353,590.0971829162368,56.672046593710995,7.791380835097172,398.4645103808039,727.4162944242829,49.716867790626665,1,COMBUSTION_IMBALANCE
2026-01-02 13:59:00,1489.7396425410307,90.0,77.28576031740688,87.59718335418866,4.76419185173941,608.3352007303652,54.99326448856972,7.194055280462784,399.5714701778616,706.9721162215574,49.77068999014708,1,COMBUSTION_IMBALANCE
2026-01-02 14:00:00,1492.5460214349887,90.0,77.72058374580608,88.11629836391603,4.71405624289441,607.3434671475462,52.46605188851412,7.380232502670338,402.43799546361276,720.5553373659782,49.74141710248945,1,COMBUSTION_IMBALANCE
2026-01-02 14:01:00,1487.8507199249073,90.0,77.07778367420799,88.68666776935156,4.862339629277202,612.1784046401253,49.71953412404347,7.250184160298076,397.95748745430456,711.3213303152619,49.585861735336444,1,COMBUSTION_IMBALANCE
2026-01-02 14:02:00,1491.8160864347915,90.0,76.1267861136245,89.06969417920322,4.789788853275702,596.435684500638,52.41204929554103,7.3965547634447315,402.5384695286573,732.2089429266489,49.65510736335413,1,COMBUSTION_IMBALANCE
2026-01-02 14:03:00,1492.0320505645902,90.0,75.71414811529098,88.22475344184387,4.682896162409116,619.0388809474061,56.22986967682418,7.013842927794068,399.6104182433852,717.6593773310191,49.78169816474986,1,COMBUSTION_IMBALANCE
2026-01-02 14:04:00,1493.5892007658904,90.0,80.18912967226025,88.47959656006796,4.689786443140554,602.268386058401,54.389190264710614,7.69960866707798,400.05305712563296,723.7318662091269,49.83396550491282,1,COMBUSTION_IMBALANCE
2026-01-02 14:05:00,1493.9472444988558,90.0,76.01460716610369,87.69950377766223,4.784079577469734,626.3240554070927,52.535380985638945,7.404807215657261,398.3699337829229,719.8234157020255,49.83769524336519,1,COMBUSTION_IMBALANCE
2026-01-02 14:06:00,1490.9928607621846,90.0,76.6991399985839,89.22965540667681,4.6581508326111365,608.7823431241117,52.446838794413004,7.583433132797217,398.84309587498376,715.9845770964047,49.668300991763786,1,COMBUSTION_IMBALANCE
2026-01-02 14:07:00,1491.6987719707402,90.0,77.85904033881562,89.05687086611648,4.715625304039215,614.0438697658808,48.33086984077532,7.353559595326178,399.245635524943,715.3897347641129,49.687957060606024,1,COMBUSTION_IMBALANCE
2026-01-02 14:08:00,1490.4677583387786,90.0,77.68416388271356,88.82605130928353,4.855148780265816,615.0377385655521,52.13440410769281,7.438125615225388,398.4314575436831,727.9283958655038,49.61760249877237,1,COMBUSTION_IMBALANCE
2026-01-02 14:09:00,1489.7438748903846,90.0,77.86336957566897,88.70340309381537,4.643018919770655,617.4424105286057,55.39610297479353,7.625774498529349,399.68662306394367,724.7796903008915,49.66232278810087,1,COMBUSTION_IMBALANCE
2026-01-02 14:10:00,1492.6197895587613,90.0,76.78415688212397,89.27627453257332,4.669707072752893,615.3701437749614,51.80375792751477,7.426343364618845,399.38947616228984,729.7179204368878,49.69997261882812,1,COMBUSTION_IMBALANCE
2026-01-02 14:11:00,1489.452828902807,90.0,77.5471850391163,88.09749450434256,4.707306875368218,610.7288945126737,56.31924652672225,7.433541264823091,402.7761717136536,720.2772666757885,49.5895568048311,1,COMBUSTION_IMBALANCE
2026-01-02 14:12:00,1491.1707461988562,90.0,77.34870490394978,88.0434192218366,5.054938958181831,618.4304853069405,52.07289237393225,7.2412117914749,398.2510387214793,721.43959810623,49.68450700411634,1,COMBUSTION_IMBALANCE
2026-01-02 14:13:00,1490.0096520802015,90.0,76.93041286835377,89.03075989312815,4.780209068388154,619.6614713049495,54.38115629675849,7.29311528766418,400.1540357751229,718.6640421717235,49.642530593914174,1,COMBUSTION_IMBALANCE
2026-01-02 14:14:00,1493.0993663725806,90.0,77.5548589107839,88.99715669085398,4.833263700087705,607.3486533289038,52.42671536390882,7.197436872431813,400.37176942285276,718.564588984425,49.74307995264492,1,COMBUSTION_IMBALANCE
2026-01-02 14:15:00,1495.6028601985329,90.0,78.4620094123608,87.90325220695536,4.818747527048732,619.2636781897355,56.78433816434416,7.252396482304067,398.39451917702223,714.7905653376132,49.87675090312644,1,COMBUSTION_IMBALANCE
2026-01-02 14:16:00,1489.3968240343934,90.0,77.25513574975245,88.2343200592115,4.8188529854143,626.917203024017,54.877138331555756,7.650245822092833,401.03024124317926,720.4200509546217,49.65051319125396,1,COMBUSTION_IMBALANCE
2026-01-02 14:17:00,1488.2939630342048,90.0,77.2625871879192,89.34454656553862,4.760466422422457,622.0589419610455,52.803845209666896,7.761721862001428,399.40250948067757,716.053767025569,49.59539096628127,1,COMBUSTION_IMBALANCE
2026-01-02 14:18:00,1491.7502262292999,90.0,78.47634035906111,88.70583366410789,4.762410246723752,624.3237524164718,57.241309979723454,7.150545023074121,396.2614155226254,722.209544610821,49.73415818739224,1,COMBUSTION_IMBALANCE
2026-01-02 14:19:00,1492.0313955919155,90.0,78.35672360299708,88.89358075900901,4.5770539193729665,616.7192084890745,54.703556268574566,7.479034357007355,400.98977441815686,720.850051094901,49.684803501008616,1,COMBUSTION_IMBALANCE
2026-01-02 14:20:00,1492.4373186135147,90.0,79.05400881387911,87.92047672873525,4.777376921059589,605.6384955392512,50.54964895262505,7.336461721959911,398.32458867384645,721.4384102183786,49.75317455164598,1,COMBUSTION_IMBALANCE
2026-01-02 14:21:00,1491.1073589695313,90.0,75.31302213738289,88.82832226226851,4.712599195515334,606.9035554029635,53.70128771472354,7.679393713343153,398.4283375807914,728.3756496984512,49.71110875695994,1,COMBUSTION_IMBALANCE
2026-01-02 14:22:00,1491.5987214023492,90.0,78.29373348514973,87.7902292271145,4.79874110574266,618.1988796785441,50.63422687986884,7.426972043635583,401.0318531243386,719.811410251172,49.64480503711043,1,COMBUSTION_IMBALANCE
2026-01-02 14:23:00,1492.7350208210812,90.0,77.95376965085045,87.51008931719959,4.7427122969919635,624.4276372515232,54.679515060074266,7.398504859051826,399.4792577763723,723.7836350142671,49.8076187150879,1,COMBUSTION_IMBALANCE
2026-01-02 14:24:00,1494.0808617852897,90.0,76.28806931451635,88.86341198009036,4.799048189670992,642.8591191399405,57.34586067449644,7.251046137568053,401.37665822582727,730.2575473204279,49.75862370758164,1,COMBUSTION_IMBALANCE
2026-01-02 14:25:00,1488.0899024593634,90.0,77.56177846815872,89.21722258481718,4.809648805418575,624.818219444386,56.13303805127509,7.0936439921815175,401.815249143048,726.5330853464752,49.607512238605764,1,COMBUSTION_IMBALANCE
2026-01-02 14:26:00,1491.262121121937,90.0,78.45725635748897,88.37310696212535,4.441321858292916,603.295642425025,50.741958757491034,7.552187696549897,399.03260730951655,725.7658484922742,49.766957957757995,1,COMBUSTION_IMBALANCE
2026-01-02 14:27:00,1492.4276175878822,90.0,76.35134200681635,88.2267246590727,4.69207622500195,607.3272742764002,52.224873584218464,7.470595714950289,401.18989374393254,718.4665589223976,49.7938710908151,1,COMBUSTION_IMBALANCE
2026-01-02 14:28:00,1490.1640477907786,90.0,77.77566992050555,89.35542432812312,4.527152822848725,637.78517315956,49.807704893381995,7.475488828104085,398.86680879791066,721.148215277839,49.673851595787724,1,COMBUSTION_IMBALANCE
2026-01-02 14:29:00,1495.4623392635347,90.0,78.25591611681874,88.40260831544262,4.755842289155347,612.8561106802322,53.01212486517677,7.28013457946828,403.3496738756983,713.4086185398503,49.830619691973716,1,COMBUSTION_IMBALANCE
2026-01-02 14:30:00,1490.7291802395425,90.0,76.08045808996474,88.4671156382213,4.700586849450174,615.4751463476128,50.487060874971185,7.370846310897992,398.96056449320315,722.4945720048221,49.738348270080195,1,COMBUSTION_IMBALANCE
2026-01-02 14:31:00,1491.9174146259854,90.0,77.12064002446145,89.3469786132201,4.8486432747942585,605.3958307959077,51.97662769703842,7.558214197222717,401.53913116144,721.3723008880692,49.76431523642328,1,COMBUSTION_IMBALANCE
2026-01-02 14:32:00,1493.1120441936846,90.0,77.6170845818395,88.32320759348582,4.754260314310372,630.6510340557425,54.73862685088007,7.596422525946222,401.26568503882237,720.1169256257809,49.73948322212061,1,COMBUSTION_IMBALANCE
2026-01-02 14:33:00,1490.8174304223962,90.0,76.3883327137919,88.1729861953275,4.687987278447078,620.0033320732063,55.71674069969299,7.164305676816294,400.4741317331634,725.1359739412143,49.65416966506312,1,COMBUSTION_IMBALANCE
2026-01-02 14:34:00,1488.3068539043911,90.0,76.29534841701523,88.90775411206847,4.815702071743189,607.2539865211469,50.66071068888005,7.273330385899721,398.99418525787496,713.961125887878,49.50661070439491,1,COMBUSTION_IMBALANCE
2026-01-02 14:35:00,1491.142690946167,90.0,77.1287500459137,88.14407192281037,4.705298315761048,605.0617471114273,51.86789527401543,7.1220233155855714,399.7729037620879,728.1743142558017,49.71245795695641,1,COMBUSTION_IMBALANCE
2026-01-02 14:36:00,1494.0588811118541,90.0,78.17783648293215,88.42769923093884,4.681646259791856,618.0720394589787,51.431928975960886,7.4402528825186725,396.7696178305832,724.5088234397015,49.79782781647755,1,COMBUSTION_IMBALANCE
2026-01-02 14:37:00,1491.3262097464296,90.0,78.00098208133518,87.84042069914383,4.782554127481308,615.4420617488046,49.74259786269503,7.5768676624206455,400.33663005757336,719.6468301017401,49.767683226946446,1,COMBUSTION_IMBALANCE
2026-01-02 14:38:00,1490.307131397082,90.0,76.31521774331131,88.59269854418818,4.8894431681101835,623.3211021722112,52.14254955618873,7.344256896590116,400.52442299654257,719.2563520609131,49.69485713457675,1,COMBUSTION_IMBALANCE
2026-01-02 14:39:00,1493.8513444190055,90.0,78.01042803132958,88.53404874360147,4.814674215951952,620.469684731272,51.23956179744885,7.267428673800056,400.2002491285921,722.4030560762429,49.86175627367548,1,COMBUSTION_IMBALANCE
2026-01-02 14:40:00,1491.3384502079539,90.0,76.34374745069351,88.9840101373615,4.777012893780918,612.3551965123138,55.41158059155225,7.3329396292389415,395.5400407430612,727.6042561603189,49.67641346220265,1,COMBUSTION_IMBALANCE
2026-01-02 14:41:00,1490.9796783726995,90.0,75.47660982624735,88.9286282683308,4.99652228798555,609.5619840453863,55.281981255404375,7.861262662995298,398.1015453323653,720.50803859345,49.756230128971694,1,COMBUSTION_IMBALANCE
2026-01-02 14:42:00,1492.2989121793266,90.0,76.8687992004271,88.77575900423471,4.651243816279356,613.4005785170117,53.306176508474714,7.638385619984709,398.877863525727,720.7201545098961,49.716851253688986,1,COMBUSTION_IMBALANCE
2026-01-02 14:43:00,1493.5415004192375,90.0,78.53772569617604,88.69712784639043,4.650585659377981,609.4931915334324,55.28096011269406,7.546199434545932,400.43748839978355,720.0905923881294,49.82359648373087,1,COMBUSTION_IMBALANCE
2026-01-02 14:44:00,1496.763427063465,90.0,78.01467581839836,88.46337294312376,4.745289489181499,613.6980446719524,51.96774001765963,7.464013579116534,400.4340083584645,728.9101205635073,49.819176315822304,1,COMBUSTION_IMBALANCE
2026-01-02 14:45:00,1493.6544722153149,90.0,77.27823957574203,88.80477798449783,4.8754070787205155,615.1644092861939,57.35413293946542,7.39745170707619,399.74466431204326,718.1555844853149,49.800239172145474,1,COMBUSTION_IMBALANCE
2026-01-02 14:46:00,1494.3196799327766,90.0,76.81328985837803,87.94383391316543,4.646954724107231,606.0206910661994,51.76413311078697,7.2186735671809235,400.95286830490596,719.8524620069046,49.711421600686926,1,COMBUSTION_IMBALANCE
2026-01-02 14:47:00,1490.9880676020243,90.0,76.8434664075496,87.32551696407278,4.928946920474851,621.3067986209788,51.697636607485855,7.187661915138394,398.46063643704565,727.317178271305,49.686245379103724,1,COMBUSTION_IMBALANCE
2026-01-02 14:48:00,1489.948263788061,90.0,77.40183909456411,89.08095883560638,4.5744685743470335,611.2957228553033,49.69660047901968,7.286417864697357,400.915352508541,720.7350541680643,49.686959825962596,1,COMBUSTION_IMBALANCE
2026-01-02 14:49:00,1492.1246626992383,90.0,76.08335001585267,88.83708023112389,4.711136590305404,606.5811564971466,51.098886422905494,7.209244024039593,400.71211315725986,725.6852943002276,49.71144032907972,1,COMBUSTION_IMBALANCE
2026-01-02 14:50:00,1492.2143398305193,90.0,76.89011977337455,88.43650678285996,4.748616430909666,611.4839257171814,53.021182307243734,7.278437407596031,400.56633209925684,715.4435997154852,49.68795611291284,1,COMBUSTION_IMBALANCE
2026-01-02 14:51:00,1489.8429745172707,90.0,77.03856220327707,89.03727930422292,4.630991222283751,617.4225815662029,57.6678797794722,7.3796208747760845,399.7269393533715,718.9735373918575,49.70373840737382,1,COMBUSTION_IMBALANCE
2026-01-02 14:52:00,1491.649410940192,90.0,75.76679660653434,88.13425129152667,4.6751915376762465,615.830381998133,55.626906170853445,7.394939682287408,402.7461157372469,727.4221701922012,49.716473891847386,1,COMBUSTION_IMBALANCE
2026-01-02 14:53:00,1492.7986352034382,90.0,76.34093795899473,88.14725373395835,4.816717973254399,619.2211811490446,53.53170786097944,7.275923744923105,400.73979353273484,716.6183014211823,49.73547597442974,1,COMBUSTION_IMBALANCE
2026-01-02 14:54:00,1492.720786790036,90.0,77.73976760646475,88.07793113815285,4.8825969514880665,623.9834612507553,55.03372513964508,7.499041910928041,398.54749620511967,719.2435048011515,49.75945435572558,1,COMBUSTION_IMBALANCE
2026-01-02 14:55:00,1493.0085757067686,90.0,77.29065326073392,88.78381098755787,4.51286274399924,628.0494020400803,53.6372043162752,7.362198725570323,400.372458213604,721.2834261544574,49.898785980656235,1,COMBUSTION_IMBALANCE
2026-01-02 14:56:00,1492.581929460275,90.0,76.93418679386343,87.70852096139255,4.76385321931808,617.8548616268805,55.79116487628862,7.442939726235636,401.1287250656113,715.0542274100351,49.81040612449824,1,COMBUSTION_IMBALANCE
2026-01-02 14:57:00,1490.98598268146,90.0,76.25920126995749,88.1165191966089,4.726338725706242,604.3059761276451,55.14216881925501,7.251081923013285,399.11783710161353,717.9309494068905,49.75766143945806,1,COMBUSTION_IMBALANCE
2026-01-02 14:58:00,1490.9721987467024,90.0,79.04607180465993,88.644857511618,4.7378424853300345,612.308891974697,53.65725019917377,7.538574510902001,401.6339083703966,720.5631834091282,49.720850607506364,1,COMBUSTION_IMBALANCE
2026-01-02 14:59:00,1489.6020972040124,90.0,76.34146327955916,87.89792446203862,4.710364863197607,604.9568161561699,54.14943833475289,7.293030779949683,400.57305055857404,720.2334086708098,49.661727503762606,1,COMBUSTION_IMBALANCE
2026-01-02 15:00:00,1495.5695500783702,90.0,77.56178394413315,88.16984479716933,4.607554407100981,631.9685407371228,56.40617878015135,7.721710847347731,396.48628249350196,726.4017601041857,49.73251422152916,1,COMBUSTION_IMBALANCE
2026-01-02 15:01:00,1492.0269007292386,90.0,76.73358662135736,87.39421621144265,4.9063453735756095,634.8740088252716,50.98398014064933,7.355001729181767,400.4495079660069,727.7072859741613,49.700281006984795,1,COMBUSTION_IMBALANCE
2026-01-02 15:02:00,1491.5502938884104,90.0,77.32063280775495,88.8029033247007,4.839874893339056,621.5031119749634,51.416333017697426,7.381063187701095,399.39095626838093,715.7195756399955,49.69431440895355,1,COMBUSTION_IMBALANCE
2026-01-02 15:03:00,1490.142415837095,90.0,77.79252291097323,88.1560824033288,4.726479433043735,623.5845884263903,54.01731234748402,7.518717697268445,400.8057697218126,720.5563425958375,49.57766925803413,1,COMBUSTION_IMBALANCE
2026-01-02 15:04:00,1497.8713158046555,90.0,75.74531262008718,87.95035937492935,4.692161491254079,617.5094319323666,56.62819136432693,7.562370038690997,401.41632226037774,723.3712415421238,49.87117307064441,1,COMBUSTION_IMBALANCE
2026-01-02 15:05:00,1489.8533439355542,90.0,77.2725898065481,87.85248863702064,4.682006164359,618.6605591546079,51.85972847806036,7.583918736038266,400.29274307071273,727.581737328996,49.56273630763901,1,COMBUSTION_IMBALANCE
2026-01-02 15:06:00,1491.1423041487878,90.0,78.61361608685743,88.29089324389737,4.475616812640605,599.0254578167088,57.31413778614312,7.755117606602794,402.49787835091706,723.5924514865857,49.70282727984139,1,COMBUSTION_IMBALANCE
2026-01-02 15:07:00,1492.8316736725722,90.0,79.25288212071106,87.70992220655421,4.781183563329157,614.260676347431,51.99473148876877,7.532377104680807,399.7319396731548,721.4545670079617,49.80199408762818,1,COMBUSTION_IMBALANCE
2026-01-02 15:08:00,1493.2004259314886,90.0,77.13438434995426,89.47118983857426,4.788608562258799,606.1884693765375,52.504379924980505,7.386602702231057,400.9372267345808,723.3327126599131,49.82868625698083,1,COMBUSTION_IMBALANCE
2026-01-02 15:09:00,1493.9158641104314,90.0,77.32668295208295,87.30762769141543,4.767637657782668,617.8135653753837,52.96731338542595,7.294070816919636,401.20741386045603,723.3688441716813,49.81793469345167,1,COMBUSTION_IMBALANCE
2026-01-02 15:10:00,1495.6152170155385,90.0,79.75669299203372,88.27469042510668,4.7258725480378905,614.4039015461146,56.697741144129495,7.373234343360064,399.8539810466609,715.3614285385781,49.80567075012469,1,COMBUSTION_IMBALANCE
2026-01-02 15:11:00,1493.0123153109214,90.0,78.5511151953911,88.55345346464556,4.742269281555748,634.4682196234611,51.958288998197624,7.696803298085777,401.1681614619667,720.9639939625314,49.670473919104715,1,COMBUSTION_IMBALANCE
2026-01-02 15:12:00,1489.8879384000666,90.0,76.58864128243417,88.11231049793165,4.65243119196561,624.1662768872284,53.30847942644074,7.122606739395526,399.10799051925676,727.2958049709434,49.575087845032144,1,COMBUSTION_IMBALANCE
2026-01-02 15:13:00,1491.4861097497565,90.0,76.58673853500756,88.60606586864648,4.677923159890037,617.8451198252164,51.37241870050083,7.236198376708181,399.3661473714682,718.9632161565299,49.65275452946249,1,COMBUSTION_IMBALANCE
2026-01-02 15:14:00,1492.6156647450277,90.0,78.35133539720174,88.10019921252685,4.721362712926247,612.3306031286037,53.77877534260915,7.356202651293287,398.03126696449556,720.6472332127372,49.709412506599136,1,COMBUSTION_IMBALANCE
2026-01-02 15:15:00,1496.1364520830116,90.0,76.14763841434878,89.2650472318365,4.784366712839759,631.7602145875993,56.062071217588844,7.233536906090652,400.3621136745551,718.7874177523698,49.863227644534135,1,COMBUSTION_IMBALANCE
2026-01-02 15:16:00,1489.2043890431514,90.0,78.49825396149951,87.94056149294504,4.879074607470611,614.7004535387347,51.024412043021805,7.318245603031571,400.48787751378154,708.4307025219656,49.58943809053203,1,COMBUSTION_IMBALANCE
2026-01-02 15:17:00,1494.4051530104505,90.0,77.65441595940113,87.32438802932577,4.730597455116189,618.3167396163528,55.52333355413419,7.761246907669302,401.76889473786883,720.1029508861734,49.830453895031766,1,COMBUSTION_IMBALANCE
2026-01-02 15:18:00,1492.3598287390928,90.0,77.85984725571033,87.85075007477327,4.638506444747994,615.4224960442683,56.64412967642625,7.340381392074008,401.1867100065338,721.5089596532644,49.73371394949645,1,COMBUSTION_IMBALANCE
2026-01-02 15:19:00,1493.675661070459,90.0,76.99245814010234,88.69324738740679,4.729699731328207,610.9584609429268,50.607993956541236,7.482329713032589,399.57280666502885,717.4375330455955,49.789715987935686,1,COMBUSTION_IMBALANCE
2026-01-02 15:20:00,1491.7960105667282,90.0,76.57459621924403,88.4410378102255,4.932328355054382,615.3650622238551,56.248722013629894,7.068360630000853,398.23273046899857,714.2268152555764,49.783546213191165,1,COMBUSTION_IMBALANCE
2026-01-02 15:21:00,1490.3151347397472,90.0,78.91743197057254,88.87606645399099,4.626698027406807,595.3803314932169,52.40749064255289,7.179512546136307,400.64927560378,715.5969677010918,49.61815957128155,1,COMBUSTION_IMBALANCE
2026-01-02 15:22:00,1493.5017455588027,90.0,77.00365424578011,88.75087230835541,4.813566628546172,599.5229359875881,50.35688410270327,7.5865367219244,401.66612975862193,723.8209380806778,49.804326747541374,1,COMBUSTION_IMBALANCE
2026-01-02 15:23:00,1493.3088620542112,90.0,76.81975271423728,88.18185982513732,4.869958859109314,618.4963054166963,54.04122963612086,7.733605687708978,401.13277746070594,729.8626238652346,49.7762634070499,1,COMBUSTION_IMBALANCE
2026-01-02 15:24:00,1493.9441139314795,90.0,77.19024648397463,88.25545825310216,4.698889348955408,630.6819969052749,54.627881660153705,7.444282119457705,401.62671628728594,726.9121667045272,49.78146281700083,1,COMBUSTION_IMBALANCE
2026-01-02 15:25:00,1491.9733907292427,90.0,77.4961847886441,88.30733561217332,4.66378082998463,618.4822110414417,52.758978413519316,7.338796748122067,399.68216570320266,713.2782699758473,49.77670917368472,1,COMBUSTION_IMBALANCE
2026-01-02 15:26:00,1490.8003559533604,90.0,76.12547585807422,89.44217304174826,4.76865220744836,607.7963114510335,50.27123454973663,7.499232326177761,399.30007154773654,724.2731365527535,49.7372959061732,1,COMBUSTION_IMBALANCE
2026-01-02 15:27:00,1488.8824260099523,90.0,76.64734392648826,88.84541115734362,4.758413454133544,600.5714624593267,56.9724533386174,6.88051309675625,398.8946479716523,716.6841881209535,49.582089660532326,1,COMBUSTION_IMBALANCE
2026-01-02 15:28:00,1493.6387465362789,90.0,76.58780407722521,89.44584344958918,4.780560548140305,622.8452726047564,55.29255678107361,7.445824268703609,399.9161553000796,717.0886646874561,49.778850188683066,1,COMBUSTION_IMBALANCE
2026-01-02 15:29:00,1492.847778964888,90.0,78.22671394115967,88.92038968617084,4.928963149425564,609.328048489849,53.132212651989654,7.1907778799785,399.8821138060468,717.6901220101436,49.775653216292135,1,COMBUSTION_IMBALANCE
2026-01-02 15:30:00,1490.0684347342722,90.0,76.28772192384014,88.46820830253915,4.747340489286873,621.4323541855256,53.71905012787554,7.558818596444809,400.31001644280866,723.5303347492771,49.655297487074606,1,COMBUSTION_IMBALANCE
2026-01-02 15:31:00,1490.9228526534068,90.0,75.31353999931098,87.99031925650709,4.620971129974247,618.8986515806572,49.36395900943227,6.961540218363811,399.8060538144467,724.7962668822452,49.72667948839462,1,COMBUSTION_IMBALANCE
2026-01-02 15:32:00,1491.0664823760972,90.0,75.07685408954511,88.6007598355743,4.734648803505356,619.7830039225469,51.907698852473374,7.274324804818144,399.79955840540987,719.509844643601,49.716275680098754,1,COMBUSTION_IMBALANCE
2026-01-02 15:33:00,1489.034031136035,90.0,75.6331742491632,88.46956541389181,4.754764371142702,615.3360170735356,54.261535719827585,7.391804832378401,398.8349589205418,719.5946462949598,49.7260957665523,1,COMBUSTION_IMBALANCE
2026-01-02 15:34:00,1490.3646352067897,90.0,78.8049227871899,88.45317635733082,4.857653336562208,618.8364438496964,52.00639704130807,7.24764176340881,401.41242852032724,722.321318716179,49.602307216763165,1,COMBUSTION_IMBALANCE
2026-01-02 15:35:00,1489.7323392863873,90.0,77.29815139142214,88.3954504615503,4.712414551226224,613.8054559874366,50.11141373129974,7.3249031199623715,400.11477709336555,722.8399726976212,49.65162284339221,1,COMBUSTION_IMBALANCE
2026-01-02 15:36:00,1491.175041976224,90.0,77.84139897722407,87.47376864621182,4.709617843706225,608.646934656318,55.44792877041247,7.580886870135302,399.73833409857207,725.8811285337927,49.66040960696519,1,COMBUSTION_IMBALANCE
2026-01-02 15:37:00,1490.522605003341,90.0,77.88086625437589,89.13041990826726,4.580272202217996,605.3650093948395,53.04295722820767,7.395100797096548,398.8788561201262,713.578140122454,49.71429220621665,1,COMBUSTION_IMBALANCE
2026-01-02 15:38:00,1488.7459901582665,90.0,77.3429259885994,88.47477325539127,4.785245814098587,591.1499120202902,55.36990559420069,7.213883839007085,398.0021303344134,720.1001366990201,49.54400774410661,1,COMBUSTION_IMBALANCE
2026-01-02 15:39:00,1496.045180461139,90.0,77.19624494775054,87.7928734419856,5.078963249714186,613.1889043759548,51.68354983174405,7.588080013201559,401.96194628882404,714.6598781205441,49.88548831754921,1,COMBUSTION_IMBALANCE
2026-01-02 15:40:00,1494.5050814620586,90.0,78.44986960139632,88.74088135453675,4.702923274508871,630.1937818295195,54.03700379789328,7.450196173814232,400.8319580621977,719.745288604683,49.785333627167866,1,COMBUSTION_IMBALANCE
2026-01-02 15:41:00,1490.4419611569601,90.0,77.44351542403015,88.07208191569667,4.783753857138261,622.3008009253759,51.52487028652051,7.458497495916999,397.56412323614506,718.8691235615962,49.64469061192595,1,COMBUSTION_IMBALANCE
2026-01-02 15:42:00,1492.5448427933072,90.0,78.84698917677504,88.78107031148532,4.669595308438796,617.2770911847596,52.89963956548104,7.221497794954379,401.1447134510645,719.7662527304865,49.67916984959987,1,COMBUSTION_IMBALANCE
2026-01-02 15:43:00,1492.8349301796427,90.0,77.97532953872467,88.94082823025616,4.593054943395292,607.6599500571085,52.97101398451109,6.890478665467589,401.38372175534965,716.0012855594473,49.73791054201138,1,COMBUSTION_IMBALANCE
2026-01-02 15:44:00,1494.382171709547,90.0,76.58806817370125,89.00981824533459,4.763227229013362,624.9733922575907,49.493913006792795,7.218773753328725,400.18656418345137,712.5635510339629,49.86696408349945,1,COMBUSTION_IMBALANCE
2026-01-02 15:45:00,1490.3627899466799,90.0,76.72320989326569,88.41954163667252,4.734427995610269,613.8069068819698,51.1153858385951,7.198426284392903,402.39716634362765,709.5278123664255,49.67750023071285,1,COMBUSTION_IMBALANCE
2026-01-02 15:46:00,1494.184213567965,90.0,76.46523941677121,88.29311113599067,4.495582362973604,630.7493431378906,53.27226496894547,7.277340608563856,400.32507946318435,719.3440992286758,49.83752447315922,1,COMBUSTION_IMBALANCE
2026-01-02 15:47:00,1490.9041893915862,90.0,78.64365378458481,88.1872308198676,4.89725825517666,605.1891273670532,50.00466796178101,7.231628866801539,397.8747647080762,717.8449944708353,49.78003840415119,1,COMBUSTION_IMBALANCE
2026-01-02 15:48:00,1489.3282751916627,90.0,76.82634293270098,88.13872195576968,4.7788219985183185,607.5003047202734,52.595579526104636,7.422539701809393,400.54775350157246,716.6203116759808,49.65746361896322,1,COMBUSTION_IMBALANCE
2026-01-02 15:49:00,1493.448273118629,90.0,76.38571046758442,88.49138496789448,4.737561855652471,606.5273005578038,52.836362514989695,7.57617549420914,400.3673459525691,726.6127423141583,49.75366912535119,1,COMBUSTION_IMBALANCE
2026-01-02 15:50:00,1494.5815168482447,90.0,77.63815140606205,88.39532846880405,4.689895744214688,600.1788162956599,52.16072137731835,7.615232285470576,399.09505472683276,715.7028090660234,49.842746505700624,1,COMBUSTION_IMBALANCE
2026-01-02 15:51:00,1497.1758179470614,90.0,77.1711728408628,88.08734809208885,4.778782449207533,605.6295531480823,56.14860092861976,7.567442371672726,400.86033825531615,727.084170410694,49.87864579091966,1,COMBUSTION_IMBALANCE
2026-01-02 15:52:00,1489.6005494698195,90.0,77.6099167340842,87.92810762309847,4.786577442779634,616.0321625976592,53.93218326930962,7.22047500483766,397.4985021007137,728.1192187213463,49.628130514829124,1,COMBUSTION_IMBALANCE
2026-01-02 15:53:00,1493.3978393701616,90.0,79.3965915723611,88.44562195387064,4.771219698295258,607.8779897514937,54.45463372107534,7.4117801586639676,401.4858502411642,710.2454976660531,49.70393333902444,1,COMBUSTION_IMBALANCE
2026-01-02 15:54:00,1491.180397512413,90.0,78.30263930264033,88.28290119102802,4.841141280629789,576.436246707594,56.26527413111689,7.71303316963401,398.6828174445918,720.4619072949948,49.752326124967986,1,COMBUSTION_IMBALANCE
2026-01-02 15:55:00,1493.566717421048,90.0,77.31025182081815,87.929316513359,4.870940793116154,625.7427329742012,57.64354428001775,7.083053133405418,398.52258081232446,718.0015175458201,49.7662571185858,1,COMBUSTION_IMBALANCE
2026-01-02 15:56:00,1489.0590208975375,90.0,75.70256580968929,88.91528550671063,4.922253596227628,598.1590627065259,50.48142411791409,7.669646008885026,399.82926284153876,705.4409802764137,49.64440560887538,1,COMBUSTION_IMBALANCE
2026-01-02 15:57:00,1489.474460448603,90.0,76.72004200312632,89.38604637541255,4.628594854246877,620.8922828488663,55.4932446212981,7.200779332722064,400.64945939206547,712.776793734658,49.597350585189766,1,COMBUSTION_IMBALANCE
2026-01-02 15:58:00,1490.448250353667,90.0,78.07637163485074,88.98129410699204,4.663031966483437,615.3121458966956,57.33333580085428,7.458753057516816,400.2458860953901,723.8746805355423,49.703405726608004,1,COMBUSTION_IMBALANCE
2026-01-02 15:59:00,1492.157928091336,90.0,75.96843403557877,88.13990599416191,4.7733200968209255,636.1737281642035,52.74803333237796,7.482557023393806,398.8860112513414,730.0959962635563,49.700500541137785,1,COMBUSTION_IMBALANCE
2026-01-02 16:00:00,1490.7178374669234,90.0,79.67788673189,88.47488515770496,4.652593210972123,624.9695748152262,50.802234784093756,7.437982607313894,399.2408660632122,724.5133907134963,49.68350914614569,1,COMBUSTION_IMBALANCE
2026-01-02 16:01:00,1493.318108687827,90.0,77.29614655015182,89.27021447584366,4.652794203245905,609.9539540451502,56.52093029918366,7.845694578840516,398.3004364789338,721.6181623625649,49.821161591156184,1,COMBUSTION_IMBALANCE
2026-01-02 16:02:00,1494.0537892365157,90.0,77.33471020039462,87.91315017861118,4.789259954578439,607.9793643764468,53.54050143267624,7.3398336199057415,399.6629801475552,719.8933380918446,49.84133094016215,1,COMBUSTION_IMBALANCE
2026-01-02 16:03:00,1493.1991550824907,90.0,76.53335738388708,88.89129756334255,4.812258284231134,630.0272768079928,53.77293329311617,7.072102425015272,401.61253182176637,728.4133145732405,49.772203665790514,1,COMBUSTION_IMBALANCE
2026-01-02 16:04:00,1495.2375752793218,90.0,77.83634628758881,87.77595839592793,4.8720736273593275,600.2412890289859,56.148726140846,7.471289413505369,399.9936055935342,730.7411960097882,49.75284595767539,1,COMBUSTION_IMBALANCE
2026-01-02 16:05:00,1492.8316532589106,90.0,75.9830379766951,89.3420188137156,4.693898182349928,616.9087993591871,51.817560366044376,7.3659920030551085,401.2891213821392,717.065786602379,49.91069563713339,1,COMBUSTION_IMBALANCE
2026-01-02 16:06:00,1489.5662065793197,90.0,79.70467969979364,88.28484273762443,4.780618441601309,613.6887953675033,51.37700111501908,7.510960241643835,402.1831020065893,710.0000671984485,49.73949983449098,1,COMBUSTION_IMBALANCE
2026-01-02 16:07:00,1494.7267530270767,90.0,78.75543346121026,89.61452186226184,4.73198533634414,611.5677393129532,52.49966587361145,7.5764190483747464,399.1179722214446,709.509062683644,49.86035884214697,1,COMBUSTION_IMBALANCE
2026-01-02 16:08:00,1490.789687528788,90.0,78.3824120186207,89.36403189932085,4.7144851065315825,618.5351398444842,53.20970685581661,7.3932620656591075,399.72014012041694,726.609404960799,49.655329395213386,1,COMBUSTION_IMBALANCE
2026-01-02 16:09:00,1493.820836999371,90.0,75.72271951351541,88.44678474520923,4.649463388575014,616.8955986050868,57.333504563563864,7.487262086128459,403.25678929159375,719.7647072961281,49.78834829189394,1,COMBUSTION_IMBALANCE
2026-01-02 16:10:00,1495.1474684331101,90.0,77.51006286291269,88.14029731344472,4.642872944810853,619.5740074279174,53.252706137722676,7.4288475864474055,402.16651511796994,720.9162095522936,49.81107792628151,1,COMBUSTION_IMBALANCE
2026-01-02 16:11:00,1492.9133760214609,90.0,78.63417676577569,88.59738773594539,4.794719723276688,616.3897565236329,56.632191581328755,7.758377488814942,397.4913932112815,711.0467450352164,49.826971997670185,1,COMBUSTION_IMBALANCE
2026-01-02 16:12:00,1489.0076823736706,90.0,77.94427804728068,88.40992051667665,4.648519651678047,619.1768140501724,52.4112718438464,7.325887649426466,400.5807224740914,716.2340554360577,49.646714556998276,1,COMBUSTION_IMBALANCE
2026-01-02 16:13:00,1490.1635756669805,90.0,76.15763780281019,88.29921651820713,4.556323787153155,615.9336519293159,55.34185925827407,7.262585960398027,400.00083998850954,718.5225959304961,49.63291099598136,1,COMBUSTION_IMBALANCE
2026-01-02 16:14:00,1494.6454889337704,90.0,76.55189499405431,87.67094337271078,4.743405000216765,608.4057311278368,49.46047191970579,7.576146180622246,401.23967966628817,721.0391919168203,49.797978542836105,1,COMBUSTION_IMBALANCE
2026-01-02 16:15:00,1491.6617546287143,90.0,76.7738315254333,88.24272320817263,4.880669566051522,615.040012602366,52.50990407239717,7.214164036931456,398.88253184877243,718.0070398054312,49.778117894752306,1,COMBUSTION_IMBALANCE
2026-01-02 16:16:00,1492.1591470698843,90.0,76.60414962537277,87.94476043912181,4.461619747377339,607.8561344029598,57.64755953104635,7.478431561116509,398.740587441939,714.8133690084933,49.818643128003835,1,COMBUSTION_IMBALANCE
2026-01-02 16:17:00,1493.5176488323273,90.0,78.99223229599556,88.77582385321254,4.695650495620398,607.1962339526915,52.468090789610926,7.3660821692661695,398.9858939270596,716.0771650369874,49.86033820591855,1,COMBUSTION_IMBALANCE
2026-01-02 16:18:00,1493.3926457241607,90.0,75.12846528451796,88.99553565829864,4.787610773366651,611.6384999728225,56.99704849908507,7.3797358630916134,399.14210718070234,726.0416164297361,49.81760646072472,1,COMBUSTION_IMBALANCE
2026-01-02 16:19:00,1492.557599624771,90.0,78.0146294364179,88.87034200196173,4.540243516639285,613.8057683926415,51.973337011275355,7.887460924802034,401.2229862502135,721.2239230980175,49.73928874405223,1,COMBUSTION_IMBALANCE
2026-01-02 16:20:00,1491.582663257559,90.0,75.83262022008014,88.67118754481368,4.705242957483619,615.3522530634781,49.70432162234279,7.646817348984447,398.2281982402767,723.0607840347777,49.55734641731884,1,COMBUSTION_IMBALANCE
2026-01-02 16:21:00,1491.3746631085353,90.0,76.20339833405481,88.07354646642948,4.6245833462161565,624.1637882736333,49.742377530709994,7.604315906663887,399.066079150061,715.5056309456133,49.72734677147492,1,COMBUSTION_IMBALANCE
2026-01-02 16:22:00,1493.7157976505828,90.0,75.02909862910704,88.60270038630088,4.627228180873294,610.0153591745916,54.124228725584004,7.506114128095394,397.31648141424785,705.2308825729968,49.79043515041056,1,COMBUSTION_IMBALANCE
2026-01-02 16:23:00,1493.1071390621355,90.0,76.66505903710208,88.89638257182212,4.681830527793355,616.9685192647482,52.64155704772356,7.261697175711965,401.5106767351186,717.3844784655776,49.77723707355392,1,COMBUSTION_IMBALANCE
2026-01-02 16:24:00,1491.4853999987645,90.0,78.97201944972393,88.20688221280007,4.623547566730782,616.1802771394382,55.09223019610975,7.452296337347544,401.9065451491467,715.6671472278725,49.718874867310475,1,COMBUSTION_IMBALANCE
2026-01-02 16:25:00,1494.1642246259862,90.0,77.57660315156056,88.55949321069743,4.6081800654708704,608.9137171253393,54.82781886997027,7.516664860165734,399.5093898537043,721.7450613431404,49.739161046102076,1,COMBUSTION_IMBALANCE
2026-01-02 16:26:00,1491.7419317697404,90.0,75.93783506736102,88.42726920536496,4.7255314407385,615.7374078620654,52.924019905894475,7.439797086027873,399.55307595278015,736.4286185684092,49.7526014868339,1,COMBUSTION_IMBALANCE
2026-01-02 16:27:00,1490.2966756513313,90.0,78.41920539530484,89.33118333480517,4.9360902393574655,625.0272141517731,53.466884669530046,7.418950065468792,400.67983285342433,723.4758300880912,49.70816667074597,1,COMBUSTION_IMBALANCE
2026-01-02 16:28:00,1490.4820586021933,90.0,78.65906077519693,88.92577406763219,4.797258850392142,616.865062168834,53.78858733459016,7.320510140242119,402.21172301106736,733.6798007969174,49.71685222584276,1,COMBUSTION_IMBALANCE
2026-01-02 16:29:00,1490.0425183273805,90.0,77.3965320587638,88.80457980587413,4.824961680586353,617.2658392902731,57.58412972938991,7.454691729936256,400.61291612134585,722.8438484766972,49.715412794424694,1,COMBUSTION_IMBALANCE
2026-01-02 16:30:00,1491.4551799667927,90.0,79.55891905713091,87.64165313301721,4.82689318118154,607.9467166905733,51.17376793597627,7.294885729709295,398.95368708628735,716.8505688121364,49.74537524780584,1,COMBUSTION_IMBALANCE
2026-01-02 16:31:00,1494.4674485566725,90.0,78.20015181957957,88.58641866338372,4.6585202654644045,634.6885885120488,51.55690728304452,7.540684635913452,397.57176614202035,721.7395803906044,49.7950801479788,1,COMBUSTION_IMBALANCE
2026-01-02 16:32:00,1490.389809637939,90.0,78.0445708081677,88.42249328553764,4.762633357200863,608.5164362967749,50.890283149934966,6.996845759768473,398.32731060600474,728.9031929973885,49.67611847886882,1,COMBUSTION_IMBALANCE
2026-01-02 16:33:00,1492.3769515220363,90.0,76.38021584797376,88.41817144471499,4.841405997199934,598.3221653945252,54.81963069130468,7.671748713289988,400.1098291754687,729.1478129816062,49.75045462743055,1,COMBUSTION_IMBALANCE
2026-01-02 16:34:00,1490.686621308745,90.0,77.9826863038959,87.7182932636291,4.828467881505596,623.6018412021808,55.48584311223184,7.137666819626422,399.0170087151988,717.1233131597846,49.69493901608017,1,COMBUSTION_IMBALANCE
2026-01-02 16:35:00,1491.4793819174572,90.0,77.52280623091704,87.95611568885114,4.7603327869598155,613.8518296035157,55.15468186272689,7.186548995186088,400.29245155898616,721.2659184784965,49.76589028004716,1,COMBUSTION_IMBALANCE
2026-01-02 16:36:00,1488.9799175760295,90.0,77.86220848299156,88.46599125604703,4.782684824298449,611.9695817905292,55.75581865866983,7.481770837124335,399.17061397564567,712.8536656016443,49.664847356852114,1,COMBUSTION_IMBALANCE
2026-01-02 16:37:00,1491.558923541687,90.0,76.51326410656172,89.05717788909516,4.9651438387350115,609.5444621958848,52.02777002014073,7.507988366070933,398.4127803530584,724.1233431234572,49.8224979567014,1,COMBUSTION_IMBALANCE
2026-01-02 16:38:00,1491.61258924039,90.0,77.42347075048208,88.20473771508021,4.81984956741403,633.7171462431584,53.420057659146565,7.815655595280874,398.2344525528204,727.7667734952795,49.83074309034057,1,COMBUSTION_IMBALANCE
2026-01-02 16:39:00,1493.0805758880713,90.0,76.36511511975925,88.3000306364478,4.70248345155128,618.5459027860468,54.9522792140592,7.4592569058618245,402.34353176405983,720.1989972705801,49.77333500873308,1,COMBUSTION_IMBALANCE
2026-01-02 16:40:00,1492.4465618265108,90.0,74.87521204803805,89.39054599764303,4.704785379420679,620.4975122164509,55.243472811809504,7.391909046801433,401.33348162377547,716.6630797281994,49.55638595012739,1,COMBUSTION_IMBALANCE
2026-01-02 16:41:00,1489.6032157500958,90.0,78.3981011168078,88.35158880541601,4.627553084232535,616.6261562358227,52.30614788807898,7.438259875708565,402.59577692774195,721.8006547563878,49.71528214830956,1,COMBUSTION_IMBALANCE
2026-01-02 16:42:00,1494.1683964880872,90.0,75.59732434050774,88.43560523807314,4.965991490033167,617.700496134452,51.45884647229799,7.7180975522575554,400.8099263511327,722.0872951568158,49.77859439932022,1,COMBUSTION_IMBALANCE
2026-01-02 16:43:00,1492.420606080444,90.0,77.40004884055631,88.44237760897406,4.891539420364873,628.9862461055941,56.063706456493115,7.884879998132876,399.35501288707775,720.4057191592481,49.70727933992325,1,COMBUSTION_IMBALANCE
2026-01-02 16:44:00,1492.396787034355,90.0,77.65296238498293,87.82724742679767,4.751776355091258,612.491453387723,52.06801349841203,7.3630399402182025,401.9850113837349,720.8935756216798,49.72663730406236,1,COMBUSTION_IMBALANCE
2026-01-02 16:45:00,1491.9816352932298,90.0,77.64575057776663,88.78589906170748,4.942364030642528,600.4306245447927,53.22932522990273,7.508554483234422,399.95039799795734,719.1309257476531,49.710389024100266,1,COMBUSTION_IMBALANCE
2026-01-02 16:46:00,1490.9644851055555,90.0,76.96295143756997,88.17356194070776,4.799768765681343,623.6805465422777,55.77220701105087,7.3851221631008945,400.3312626554355,724.979774641132,49.72942966069045,1,COMBUSTION_IMBALANCE
2026-01-02 16:47:00,1492.4356046794974,90.0,77.58375685231357,88.48496469148006,4.687216064408817,619.967016122424,54.108021687772734,7.381146731749227,399.9357634313867,723.6811372258256,49.669881700360264,1,COMBUSTION_IMBALANCE
2026-01-02 16:48:00,1492.9511768718571,90.0,77.80748311815938,88.72218648220883,4.816201524407803,616.0797981288504,51.337673154479106,7.775810124772954,395.579643671074,715.0844842642792,49.711153191772325,1,COMBUSTION_IMBALANCE
2026-01-02 16:49:00,1488.5062086173089,90.0,78.10316059364223,89.47127879451763,4.750438771289312,619.7075324154779,53.20438558292085,7.2148536552273015,402.4071025184423,714.9470469842071,49.634031548286835,1,COMBUSTION_IMBALANCE
2026-01-02 16:50:00,1490.9224783253078,90.0,79.22145430011038,87.8411149777268,4.826963378273104,611.2925577970583,53.73217189620418,6.933143758223334,400.73650591893664,718.7281279148672,49.72856314569759,1,COMBUSTION_IMBALANCE
2026-01-02 16:51:00,1491.4901060591928,90.0,77.54229744967799,88.93249109253304,4.584440992183717,615.2069258285426,58.82850359273669,7.463488871809311,400.49473459130274,723.6841856205259,49.748413950886565,1,COMBUSTION_IMBALANCE
2026-01-02 16:52:00,1492.5123412113885,90.0,77.35173470641985,88.93436162808692,4.640281351718534,613.6829974614009,58.684186568129434,7.640201305752415,399.90733590659414,720.7402870694541,49.711059559766284,1,COMBUSTION_IMBALANCE
2026-01-02 16:53:00,1494.3866220118543,90.0,76.2644635588079,88.1808926136103,4.885229230740112,609.0851174292908,54.22109218841997,7.443979325250206,400.2451417305792,716.7842479493867,49.76397411793184,1,COMBUSTION_IMBALANCE
2026-01-02 16:54:00,1490.4565183708064,90.0,77.76825988276725,88.79975192402593,4.893318710675887,626.89172783105,52.98184651618189,7.500440710241602,399.1040815962306,721.3075929836292,49.65655220400415,1,COMBUSTION_IMBALANCE
2026-01-02 16:55:00,1491.0040763063644,90.0,78.02746907551744,89.32171807564588,4.855076911183888,600.877413725822,50.048431091634576,7.550478676225379,400.92486902846093,718.3459474023887,49.71212951449305,1,COMBUSTION_IMBALANCE
2026-01-02 16:56:00,1490.9749317787068,90.0,77.06462043360459,88.11751439539371,4.959514402450812,638.6088217181297,54.796856561952005,7.422182214681921,398.0393524834013,724.4024323011207,49.773438261087186,1,COMBUSTION_IMBALANCE
2026-01-02 16:57:00,1490.3969448197909,90.0,77.88996600468612,88.6207348985675,4.785322131850036,623.7736220920648,52.79506148138072,7.511261524689665,400.2791026487058,721.6652921753353,49.57752630137116,1,COMBUSTION_IMBALANCE
2026-01-02 16:58:00,1491.3056270097754,90.0,76.95238186322474,88.70240068196982,4.776660322643647,597.2202446529765,56.8384967131478,7.507922379730732,400.84236020585666,718.4236090627393,49.699151129144596,1,COMBUSTION_IMBALANCE
2026-01-02 16:59:00,1493.541604439976,90.0,78.0315117703396,88.7670894274767,4.633337521328085,612.7583367050908,53.1648061984446,7.008279080552102,399.70199629926566,721.1575938602323,49.71808622594794,1,COMBUSTION_IMBALANCE
2026-01-02 17:00:00,1489.8923290092714,90.0,78.30211459171332,88.88464588035794,4.664253938308211,613.3145408409645,52.65229325980641,7.422773378745958,400.5563016887065,726.575240297621,49.580465499774704,1,COMBUSTION_IMBALANCE
2026-01-02 17:01:00,1492.855628790306,90.0,78.28646321073815,88.58315241412602,4.529510859486525,618.9188662894211,58.25453771417335,7.0854434334081,398.51299841164865,717.1518496172681,49.810202125277435,1,COMBUSTION_IMBALANCE
2026-01-02 17:02:00,1488.5961955399632,90.0,77.41198564527826,88.75671809317393,4.692717036899751,605.1062172926028,49.54604307440254,7.392365698978516,398.55125984365606,722.0132849082358,49.64710441339041,1,COMBUSTION_IMBALANCE
2026-01-02 17:03:00,1490.8773240071155,90.0,76.11523567018891,88.04426317493807,4.533262127617913,615.3202534336822,55.37850804164383,7.300943810232113,400.3550756815396,719.64769829767,49.71838247603454,1,COMBUSTION_IMBALANCE
2026-01-02 17:04:00,1491.341021399564,90.0,76.59465738104116,88.58200174681971,4.836456582149975,613.7888060187736,53.90353644796503,7.6068022508735655,401.0178244819316,722.1349184193105,49.75741867197202,1,COMBUSTION_IMBALANCE
2026-01-02 17:05:00,1495.3497193458281,90.0,77.9465762027509,88.26182936715968,4.773603299511852,607.6238163742656,55.48303217017331,7.448882551841999,397.18770151674744,716.7271752920213,49.82100470002263,1,COMBUSTION_IMBALANCE
2026-01-02 17:06:00,1491.4503953904946,90.0,80.02266978242906,87.88508554742289,4.539681364411933,606.2324776852877,54.91830316587992,7.494638569217646,400.78303095266614,720.5516771657968,49.69338130386648,1,COMBUSTION_IMBALANCE
2026-01-02 17:07:00,1487.597513053098,90.0,76.89839273588409,88.24542772528147,4.716105076278023,624.1880464670236,51.01027678772595,7.36170985640755,399.1851977494355,725.539116412084,49.695870299272734,1,COMBUSTION_IMBALANCE
2026-01-02 17:08:00,1488.0022221862775,90.0,77.79053819979472,88.63472819609896,4.924070998312871,598.034174599574,51.10430090971773,7.610436252521272,399.7107908690389,715.3149650937695,49.58774552016294,1,COMBUSTION_IMBALANCE
2026-01-02 17:09:00,1492.0680591726934,90.0,76.65722113562308,88.71789863818502,4.713075412152726,619.7787893609606,50.82727751403046,7.080534931895453,397.99072311465244,713.3529744833746,49.77235857807582,1,COMBUSTION_IMBALANCE
2026-01-02 17:10:00,1493.2275417115798,90.0,76.18915691044101,87.86577043953854,4.64284749684543,622.9751030687812,51.70454205906261,7.220899509575732,398.72257413971994,713.5427221775652,49.77457046743416,1,COMBUSTION_IMBALANCE
2026-01-02 17:11:00,1492.7509117152545,90.0,76.52252623279337,88.0311616416375,4.560826540236726,612.8144166166159,53.02989752963368,7.65726142432176,401.4491879882955,714.1466873489991,49.6659507973379,1,COMBUSTION_IMBALANCE
2026-01-02 17:12:00,1492.335140211602,90.0,74.94763138609301,88.86232813984654,4.547188775958681,615.52372839725,53.093443266996566,7.312870300173563,400.04929506097034,722.9766164394633,49.642273223530005,1,COMBUSTION_IMBALANCE
2026-01-02 17:13:00,1494.3245191950114,90.0,78.79584727045669,88.75407404630786,4.778476515859443,626.6349499969738,53.626555680108886,6.9708335989658226,399.42583239743567,712.9707015706726,49.78186809550338,1,COMBUSTION_IMBALANCE
2026-01-02 17:14:00,1490.9208175585256,90.0,74.78225411673563,88.9435513310231,4.677741711147063,607.9514848927595,51.88195471978091,7.690528255322777,399.82526747105345,718.5105232762824,49.75016564786769,1,COMBUSTION_IMBALANCE
2026-01-02 17:15:00,1493.7898211120537,90.0,76.98451238195129,89.18391521358821,4.681222281568292,608.9834757111088,52.431123886406255,7.615387214271959,400.73381773699646,723.0914465165536,49.83240861990026,1,COMBUSTION_IMBALANCE
2026-01-02 17:16:00,1488.7359702299473,90.0,75.96049675720793,88.76894355479523,4.681646462559699,610.0451631890069,53.75740725102004,7.542193881322147,400.660741744245,722.083295302743,49.67023619920945,1,COMBUSTION_IMBALANCE
2026-01-02 17:17:00,1490.1901043341238,90.0,76.28949415879434,88.2925961864145,4.720124081325236,626.6532559922329,51.918939506586376,7.41888120139034,399.8874594994048,718.0722051001876,49.623651168857315,1,COMBUSTION_IMBALANCE
2026-01-02 17:18:00,1488.3859172101363,90.0,78.82170537890731,88.55742472904089,4.606135205548878,627.9229374688471,55.02857578830545,7.732149403631739,401.63943866634503,720.9546186587755,49.69365753151066,1,COMBUSTION_IMBALANCE
2026-01-02 17:19:00,1491.4503093986605,90.0,77.50519502883516,89.32994855046363,4.745011528359665,601.0410976553638,53.69736740869759,7.651723685812501,401.45569395536,720.5357266486878,49.66676564827936,1,COMBUSTION_IMBALANCE
2026-01-02 17:20:00,1491.9074775654674,90.0,76.19875630171651,89.88222449889263,4.560084885646479,625.0624074731164,51.4479347969288,7.709571213758402,400.6200580436956,718.8787952222591,49.740890472115744,1,COMBUSTION_IMBALANCE
2026-01-02 17:21:00,1492.228202984453,90.0,76.61974081160392,88.73154818287111,4.649784790538452,623.1890830634728,54.614662869180535,7.539100096089446,400.0819176743651,718.9458264067271,49.74042248498638,1,COMBUSTION_IMBALANCE
2026-01-02 17:22:00,1492.1237667057742,90.0,76.42266103310487,88.76777706940558,4.825727228378401,630.5359481044983,52.03859113830601,7.424559170250216,400.9859816426793,731.1771371737848,49.72876519917674,1,COMBUSTION_IMBALANCE
2026-01-02 17:23:00,1490.1448933383765,90.0,77.23122884727167,88.86285418349864,4.760363416302546,618.8510803212638,51.112142637365416,7.320167025797041,400.47140113270177,724.0465545196565,49.738426051527334,1,COMBUSTION_IMBALANCE
2026-01-02 17:24:00,1491.6195183111736,90.0,77.47363868696222,88.51189642290962,4.798330256161947,614.5573987972142,54.08889669114686,7.146215231506826,401.5912001077089,732.4032545875607,49.68539508436415,1,COMBUSTION_IMBALANCE
2026-01-02 17:25:00,1489.0051066627884,90.0,79.403043746016,89.08192695117124,4.933400300258364,626.4521668657165,50.87140764493753,7.500409123093268,401.34934206510746,717.5151843353975,49.566023292640686,1,COMBUSTION_IMBALANCE
2026-01-02 17:26:00,1494.7264579502646,90.0,75.13374314208258,89.00402264636635,4.713954146042224,621.9890379150177,56.374442637152946,7.517071466959121,398.4726191478734,719.5751670155593,49.82521503931914,1,COMBUSTION_IMBALANCE
2026-01-02 17:27:00,1491.392747854204,90.0,77.24101020747109,88.67718822357433,4.728602261531011,637.4489841414872,47.980873226821096,7.330043733618535,398.37105524388744,713.3393711736168,49.6931002584258,1,COMBUSTION_IMBALANCE
2026-01-02 17:28:00,1491.0222277619125,90.0,76.92656418436134,88.34099004699712,4.706748103475023,624.5870784496183,50.24015138732863,7.5227362056233265,398.94812568339387,715.9521659895521,49.86961007135122,1,COMBUSTION_IMBALANCE
2026-01-02 17:29:00,1495.1778806568882,90.0,78.3401343510428,87.73965180631136,4.700865549134559,616.5354797642392,53.80065464507762,7.333564433680172,401.4642080351004,729.5095657433125,49.87308806238494,1,COMBUSTION_IMBALANCE
2026-01-02 17:30:00,1489.5155069329016,90.0,77.67739629235982,88.86620677380705,4.621616781784481,603.2589561962383,53.77764317332422,7.5734855382693915,397.6355365048431,717.3898285507912,49.630049869002455,1,COMBUSTION_IMBALANCE
2026-01-02 17:31:00,1489.748825771936,90.0,77.94120567308875,88.60642915761298,4.736277897967326,609.1908282280588,53.28229634769325,7.223578541371456,400.592136083662,729.5964065007223,49.60548861393851,1,COMBUSTION_IMBALANCE
2026-01-02 17:32:00,1489.8075593502629,90.0,77.66649652833689,88.13111613467288,4.772882537966159,600.6404502197198,52.572852476525824,7.188977692998259,400.54381463663947,713.7831886966005,49.56623755781366,1,COMBUSTION_IMBALANCE
2026-01-02 17:33:00,1491.8642572366011,90.0,76.23616993968244,87.93503986750261,4.782376236569237,612.8493796393914,54.64393504536599,7.35188425455627,401.7439720880293,714.7326548296336,49.677547620266495,1,COMBUSTION_IMBALANCE
2026-01-02 17:34:00,1492.8632632592753,90.0,78.63661735607218,88.83071642469156,4.729822054192876,624.2606759323285,56.60448237088819,7.565757079100457,400.2705080359958,718.2938438948829,49.76785586389714,1,COMBUSTION_IMBALANCE
2026-01-02 17:35:00,1493.4793509362357,90.0,78.17432549316956,87.69938183919145,4.83862944369817,614.9632891151948,53.64630972223167,7.168242907068195,397.98518591412414,719.6812503916041,49.85401146378759,1,COMBUSTION_IMBALANCE
2026-01-02 17:36:00,1497.14399063499,90.0,78.3053933667317,88.64982059372183,4.729947257199802,625.2172526876008,55.34354670855397,7.609937403801839,398.5609675590278,724.6154364622506,49.960884144952395,1,COMBUSTION_IMBALANCE
2026-01-02 17:37:00,1487.5011350915984,90.0,78.69573619096803,88.92177520458438,4.680634307084916,618.3757373343901,54.84294940767036,7.071482373122958,398.22700671715324,722.2538520859314,49.594825911302266,1,COMBUSTION_IMBALANCE
2026-01-02 17:38:00,1493.2174711782488,90.0,77.7477961127302,88.77494644320824,4.6318022529383835,610.9690771024599,50.43300664589179,7.350650824881142,399.1930840505003,717.9184237132798,49.7577573226565,1,COMBUSTION_IMBALANCE
2026-01-02 17:39:00,1490.8857388548556,90.0,78.93871149261159,88.3046301128207,4.579009876585793,615.8762515516996,52.71023599459529,7.117384774579472,399.7256476488641,719.3334209674094,49.70963191298246,1,COMBUSTION_IMBALANCE
2026-01-02 17:40:00,1490.8271697022224,90.0,77.70295632040104,87.87531275776247,4.888535262638399,619.7209669105509,50.556502794237865,6.878020127163353,398.25183771066844,718.4046854010764,49.668307090199846,1,COMBUSTION_IMBALANCE
2026-01-02 17:41:00,1490.7604557434922,90.0,77.03465438141245,88.79350961989752,4.654224345053317,616.3922339846362,57.53510991895137,7.473290360955051,402.2059929859784,715.4267313233713,49.77793339123794,1,COMBUSTION_IMBALANCE
2026-01-02 17:42:00,1490.1824606583841,90.0,77.27260362025864,89.10026154597664,4.625428054751738,616.5068422885191,52.99667668156116,7.364437778273777,398.01207794207136,715.5601853169919,49.663289179549054,1,COMBUSTION_IMBALANCE
2026-01-02 17:43:00,1495.369049669207,90.0,77.25329497968755,88.21363332262841,4.693973510714735,607.309498924133,54.58884476538223,7.120580213433902,402.0191551357937,725.139419457167,49.84131809606123,1,COMBUSTION_IMBALANCE
2026-01-02 17:44:00,1493.6845946540277,90.0,76.6982817192586,88.75345410014636,4.697092039343693,610.6702373475779,52.77226607119756,7.296677228403044,401.777744547159,710.8591753603642,49.678695367216555,1,COMBUSTION_IMBALANCE
2026-01-02 17:45:00,1492.0463919571148,90.0,79.10771551017466,89.29075755936583,4.878036092402961,637.5846079615465,56.02805244237368,7.488365045385862,401.34745382453355,728.0867934872252,49.72510798957769,1,COMBUSTION_IMBALANCE
2026-01-02 17:46:00,1494.702031504974,90.0,77.61185080936411,88.66942354822073,4.693796818726468,627.2846649042355,52.82999608306765,7.326370066602166,398.9593500887549,718.2850288719889,49.86522525706405,1,COMBUSTION_IMBALANCE
2026-01-02 17:47:00,1488.9749420694022,90.0,77.38610709293287,88.30155992756103,4.997307157988944,600.2615910319029,55.111601057759316,7.36026377688632,400.51367631876536,716.1374569680391,49.57911194012815,1,COMBUSTION_IMBALANCE
2026-01-02 17:48:00,1489.3385897373382,90.0,77.7148671655176,89.0204267700315,4.725961185064688,591.3303104249363,51.812113575601614,7.320308685935389,398.08394329967405,723.6987964534864,49.60708364118663,1,COMBUSTION_IMBALANCE
2026-01-02 17:49:00,1487.6440645356106,90.0,80.61743705874561,88.13121951292102,4.943078434638705,615.7619242144872,56.51482396067915,7.283539573714008,401.36636055255065,727.4260829207356,49.62777103540704,1,COMBUSTION_IMBALANCE
2026-01-02 17:50:00,1490.6011709197535,90.0,76.01246890876838,87.85090399247342,4.832374848293603,623.9347289442599,57.00018184551948,7.280932545051384,399.8890228276956,725.5881622080198,49.612872836149215,1,COMBUSTION_IMBALANCE
2026-01-02 17:51:00,1492.3233970534095,90.0,76.33355686687777,88.90616059557291,4.757980530073018,609.8005816257779,55.320285989031646,7.275060526740853,399.38601967811996,722.5092602467995,49.797003285490746,1,COMBUSTION_IMBALANCE
2026-01-02 17:52:00,1492.2057171558647,90.0,75.73376046045937,88.29691886825815,4.891846435958586,625.2165872819794,50.74757046603612,7.2493714247853855,398.1643827300156,725.4343174486091,49.7135833773535,1,COMBUSTION_IMBALANCE
2026-01-02 17:53:00,1492.2986838221198,90.0,77.01948885295226,88.34173949299809,4.845388189534068,615.5965456500709,51.89395527864885,7.19654108046184,396.2837408220565,711.4175121142807,49.72386104971276,1,COMBUSTION_IMBALANCE
2026-01-02 17:54:00,1489.177886337868,90.0,77.55498065652665,88.18652968222439,4.799737314774121,613.3693872027302,56.27076912587646,7.324057536456435,398.4421887144464,717.3908472925592,49.58306895767265,1,COMBUSTION_IMBALANCE
2026-01-02 17:55:00,1493.606309485228,90.0,76.75883877945799,88.26359130222289,4.966487574932711,622.5611517617518,51.148154085254674,7.272014429534396,401.66919729341936,715.4441496998758,49.80577929586232,1,COMBUSTION_IMBALANCE
2026-01-02 17:56:00,1492.479255036478,90.0,76.67550598607002,89.20151671376337,4.66613039452937,609.6812420709773,50.93269231357423,7.185660273896861,399.3957498572878,726.1231936560758,49.8723021004674,1,COMBUSTION_IMBALANCE
2026-01-02 17:57:00,1493.466108562932,90.0,77.43949345062352,89.33124938289177,4.613883644745991,612.1329367819635,53.556298925681126,7.55320293107139,399.74600671432745,718.0826099053805,49.82127848073743,1,COMBUSTION_IMBALANCE
2026-01-02 17:58:00,1488.21447564482,90.0,76.71763923619075,89.39748931807223,4.64442713945736,621.7016726213046,53.68241700709308,7.646527194383343,400.98333153743266,724.2270327839103,49.563934925063634,1,COMBUSTION_IMBALANCE
2026-01-02 17:59:00,1492.6229817175956,90.0,77.62739692644477,89.04506031058868,4.894326112796581,614.6860406293398,52.03205781071869,7.39997944507932,402.7085033171744,722.6792847124432,49.81088041986109,1,COMBUSTION_IMBALANCE
2026-01-02 18:00:00,1489.624469520165,90.0,78.52794246835172,88.73313562988655,4.8704132895108785,634.0877627337774,53.45738910070587,7.413294597586168,401.98750698241844,715.6884653191815,49.63831500670878,1,COMBUSTION_IMBALANCE
2026-01-02 18:01:00,1491.2053534948973,90.0,78.03827412617692,87.78385720403337,4.691796665971293,621.9382541285602,52.33061930377656,7.2614872068260805,398.54149749427575,717.0652089501186,49.775569365567954,1,COMBUSTION_IMBALANCE
2026-01-02 18:02:00,1493.0687297972727,90.0,78.26673494882505,88.40623764854975,4.496410118269618,621.2881382833276,52.04017773083563,7.613406271358199,397.08614414284386,726.4690884540736,49.80929148001731,1,COMBUSTION_IMBALANCE
2026-01-02 18:03:00,1492.1821872125117,90.0,78.49622862088754,89.57837724431177,4.687847951475892,614.5049535393493,53.007789662729635,7.747636223015268,403.53942138865017,716.1225867565779,49.592249162143474,1,COMBUSTION_IMBALANCE
2026-01-02 18:04:00,1490.2969200404414,90.0,77.59676753933294,88.2821892106236,4.633029784928401,623.7475467670961,51.22705914113935,7.367241234194868,403.4034874174892,720.6243380509774,49.62636001970029,1,COMBUSTION_IMBALANCE
2026-01-02 18:05:00,1492.0125463123688,90.0,77.10232205083173,89.25707223738607,4.665464958103333,611.7739222719836,53.73316827931434,7.295710694321496,400.28268039464393,716.0872935683677,49.780970804887396,1,COMBUSTION_IMBALANCE
2026-01-02 18:06:00,1488.9369293695127,90.0,76.41507656061083,88.5275179095152,4.624008737035104,617.8237775119951,48.99031249603934,7.468295053190969,398.09426763162725,718.4302390654207,49.63881384259101,1,COMBUSTION_IMBALANCE
2026-01-02 18:07:00,1494.3005347917965,90.0,76.841880456728,87.16092880707336,4.59582761616063,605.8370695299544,53.045477849357354,7.425786208807677,401.4448398008409,719.7691902801502,49.75883002900782,1,COMBUSTION_IMBALANCE
2026-01-02 18:08:00,1491.5894319610074,90.0,76.69347220340188,88.82024278183441,4.911915581196402,625.394413922306,51.874587348801924,7.2999689049085426,399.8380244709811,716.0856674485126,49.68796825625889,1,COMBUSTION_IMBALANCE
2026-01-02 18:09:00,1494.2370998885106,90.0,78.09947300581543,89.13312734808909,4.648970632643876,617.9060469726179,54.22767050497497,7.494239166606469,399.8305283153401,715.1977652300806,49.712591498612554,1,COMBUSTION_IMBALANCE
2026-01-02 18:10:00,1490.946936625808,90.0,77.6683964611455,88.47550201567965,4.871756740012324,634.8251306369788,51.57983460339912,7.587631521477979,401.3416882646577,721.4313666838872,49.69381255648395,1,COMBUSTION_IMBALANCE
2026-01-02 18:11:00,1490.9528480231868,90.0,78.06036880624004,89.11652550224264,4.695532398970462,638.9229838366975,49.84971865828226,7.242836319735044,400.5015621203099,715.7763129560441,49.808962753740346,1,COMBUSTION_IMBALANCE
2026-01-02 18:12:00,1490.4716264267242,90.0,75.98042272116784,87.66608624279138,4.6335978546889285,622.6331945143314,54.490411297533946,7.908406795943121,398.2212776334776,715.9467122215067,49.72263421709409,1,COMBUSTION_IMBALANCE
2026-01-02 18:13:00,1493.7523478633861,90.0,78.88355942235002,87.80721786805024,4.794762481631896,615.6842531120791,52.141744204769644,7.093411568580434,399.512887097377,715.3047342814901,49.901265778838955,1,COMBUSTION_IMBALANCE
2026-01-02 18:14:00,1490.581137685343,90.0,76.80178198391243,88.60243215404277,4.688845671225852,605.5393548787443,53.03030921554473,7.22966185473182,400.991729392992,719.6104597683434,49.73015777733427,1,COMBUSTION_IMBALANCE
2026-01-02 18:15:00,1493.2891908648303,90.0,76.04798136087638,88.7385573639087,4.704518742155502,624.0474980325882,56.263694627150585,7.4467936060604725,400.76537833360754,724.7185081719992,49.82768032932864,1,COMBUSTION_IMBALANCE
2026-01-02 18:16:00,1491.2350952046613,90.0,76.78807610339958,89.17828943429606,4.730924804748056,617.1028456389523,56.019426476418595,7.84937462367531,400.3930248615377,727.5326431815613,49.80654044120929,1,COMBUSTION_IMBALANCE
2026-01-02 18:17:00,1488.0480734002167,90.0,80.06181791169801,88.81946223337421,4.642389471757647,620.3803483915447,53.44383189634543,7.287481861663875,401.4001344317138,716.3704095700311,49.620465609640995,1,COMBUSTION_IMBALANCE
2026-01-02 18:18:00,1490.859371864427,90.0,76.84575710952944,87.90318545531741,4.579822655481616,632.2978738745625,51.668116804086395,7.186850737480882,399.4574245182741,730.751553966656,49.68595102940555,1,COMBUSTION_IMBALANCE
2026-01-02 18:19:00,1489.6417835712743,90.0,76.91589195195257,88.60652281103712,4.722742582305823,606.7557671133666,57.23643015393881,7.5098482956857495,400.2680046628286,714.976475696466,49.70635899487358,1,COMBUSTION_IMBALANCE
2026-01-02 18:20:00,1492.0678054473647,90.0,77.06484275769476,88.80036372264401,4.8203844958105035,605.7569583151866,54.25299454823043,7.350281118456386,394.9366313497336,725.4177426166393,49.808285526768245,1,COMBUSTION_IMBALANCE
2026-01-02 18:21:00,1489.619184528651,90.0,77.11354517055679,87.56288300065137,4.658583214095797,612.6357406162932,53.85629200991673,7.533051138990887,399.32552470923576,716.3915177299228,49.62997458548609,1,COMBUSTION_IMBALANCE
2026-01-02 18:22:00,1493.8519502014292,90.0,76.4047468063026,88.47818326513092,4.745832561323946,623.2120114975182,54.68723790554978,7.385843890019916,401.1458543628635,715.6453836506499,49.7589865525973,1,COMBUSTION_IMBALANCE
2026-01-02 18:23:00,1491.817848279294,90.0,77.44039865319088,88.33220872803082,4.883906540294304,620.5486724021449,54.77306633615174,7.2285666915740086,399.4144082993243,716.2762192160781,49.73420441093134,1,COMBUSTION_IMBALANCE
2026-01-02 18:24:00,1491.6448080104826,90.0,78.48466629718213,88.17265346312706,4.727570442010074,606.0431148830422,54.641584073389055,7.869775194082846,399.30065891242435,719.7377615017544,49.763068543696,1,COMBUSTION_IMBALANCE
2026-01-02 18:25:00,1493.311784275575,90.0,77.63200403333616,88.74938852587627,4.73362166666206,622.5655290070248,52.28831618483062,6.809121880183856,398.4378205723378,722.8998608551681,49.81696402828558,1,COMBUSTION_IMBALANCE
2026-01-02 18:26:00,1493.9278138681518,90.0,76.03549486523202,87.92515923672097,4.74701805062562,602.9878718110674,53.26081641441789,7.764047750069954,401.5050488390937,723.3493401895241,49.72638541559568,1,COMBUSTION_IMBALANCE
2026-01-02 18:27:00,1491.9598024964607,90.0,76.89433258647426,88.70843975600175,4.657596762290659,606.6225832565115,53.66196263584027,7.586652380846785,400.8226949103109,715.2800749232606,49.82757371990186,1,COMBUSTION_IMBALANCE
2026-01-02 18:28:00,1490.4575994009015,90.0,76.66228931188618,88.77974556460438,4.625069636864574,613.8454268281081,49.73953661516574,7.250882141694557,401.23812189673464,715.0517035624437,49.64986173356021,1,COMBUSTION_IMBALANCE
2026-01-02 18:29:00,1488.4520607677757,90.0,77.33929220442297,89.04188165513041,4.620236129965284,609.4656875402478,56.31727434807944,7.774484020966753,397.4106790570632,715.4168065331822,49.60181544241476,1,COMBUSTION_IMBALANCE
2026-01-02 18:30:00,1490.6279004859296,90.0,78.7701058721498,87.93829036860363,4.778052512328655,623.8985948865094,51.445796622188425,7.125716160151148,399.7593249351016,719.4432279880724,49.64246396486492,1,COMBUSTION_IMBALANCE
2026-01-02 18:31:00,1490.7655755067042,90.0,77.11325126845662,87.74738289082265,4.820839578376821,617.8637848300109,53.32666941139247,7.601622192401505,399.579833488375,718.9492219790457,49.82710229202033,1,COMBUSTION_IMBALANCE
2026-01-02 18:32:00,1492.2141149059846,90.0,77.18126654686517,88.63945180366943,4.807719187770397,632.6556117762726,54.06424202418469,6.983470977390578,399.57914244010215,715.249122689651,49.75257403038055,1,COMBUSTION_IMBALANCE
2026-01-02 18:33:00,1491.309706237724,90.0,79.27096219707776,88.35686438306608,4.695008426963132,612.5281463464559,51.7292874849713,7.170824361405925,399.0759586844231,721.3480184703162,49.66777478722339,1,COMBUSTION_IMBALANCE
2026-01-02 18:34:00,1493.3758659441028,90.0,78.26135071067226,89.95132513124679,4.810304351468129,613.7779784895926,54.690424654445394,7.170327634870425,399.48084359232996,731.3128440416766,49.82239170896822,1,COMBUSTION_IMBALANCE
2026-01-02 18:35:00,1490.7740334574587,90.0,77.92297103595932,88.7292492381214,4.7561513971886145,627.1038260906176,58.15409497076626,7.249868667914241,401.27446717405996,717.4764226908243,49.730924570880795,1,COMBUSTION_IMBALANCE
2026-01-02 18:36:00,1491.885917666294,90.0,79.473107409138,88.52908085585202,4.736492605062062,614.090791968762,54.62953997208077,7.402316223075731,397.13072296997825,717.8324408939824,49.720144237697475,1,COMBUSTION_IMBALANCE
2026-01-02 18:37:00,1494.3679748863938,90.0,77.8285886053693,88.41358602216172,4.397792613296407,629.9400524770755,51.450360648059025,7.234804727178368,402.66594215204566,722.7983078516219,49.85429616518563,1,COMBUSTION_IMBALANCE
2026-01-02 18:38:00,1492.68365042791,90.0,75.05508960098518,87.8909690772802,4.660439657293757,620.408282103845,53.50665865441759,6.9927178096604425,400.7257616875397,717.205918541316,49.714857082888784,1,COMBUSTION_IMBALANCE
2026-01-02 18:39:00,1491.879924916623,90.0,78.21258564882602,88.78194077647723,4.572251394246728,591.4721353011464,53.730810541606196,7.492690153740136,399.9365021565097,723.3448224085909,49.704684916806634,1,COMBUSTION_IMBALANCE
2026-01-02 18:40:00,1490.7961111161296,90.0,75.49695052802711,88.46042748686453,4.793498800969121,626.7757041414947,50.40414248901429,7.409790184585496,401.3602512195594,716.4072864661048,49.59269287114268,1,COMBUSTION_IMBALANCE
2026-01-02 18:41:00,1490.73353720657,90.0,77.78624601281236,88.46084315828521,4.740286470027299,624.1272681311981,49.53767663175597,7.481785468179636,397.8222478822473,729.1605980378865,49.624920352674685,1,COMBUSTION_IMBALANCE
2026-01-02 18:42:00,1490.2987734940962,90.0,75.36060719697527,88.54722166274925,4.621856928106504,624.5133260611054,49.97038217223297,7.434383581853195,399.00294864227345,721.7238748629615,49.767007323420074,1,COMBUSTION_IMBALANCE
2026-01-02 18:43:00,1490.917986268434,90.0,76.7571219403521,88.61060626495855,4.758224130547595,595.8902162145474,52.03646182202037,7.590847056397033,399.8183868514142,716.8998852546165,49.77933764033392,1,COMBUSTION_IMBALANCE
2026-01-02 18:44:00,1493.5113316774887,90.0,76.87256132683694,87.63037217704117,4.6050433198385425,608.3701003872895,53.5132292842371,7.384903529367779,402.0483405556483,717.0565415026537,49.78700048834874,1,COMBUSTION_IMBALANCE
2026-01-02 18:45:00,1491.5562234574154,90.0,76.41746659990045,88.9185115031854,4.617253460109533,609.1129516644323,50.69314941878716,7.602504126962062,399.93025512831014,717.4310012364598,49.801687354273334,1,COMBUSTION_IMBALANCE
2026-01-02 18:46:00,1489.3004538612374,90.0,76.88928576314586,88.07677781259197,4.6674423106616665,606.5887863243961,55.200649206493594,7.2448606703797545,400.6750820067777,726.8637483312443,49.63534473771083,1,COMBUSTION_IMBALANCE
2026-01-02 18:47:00,1495.5363385861197,90.0,78.43646912680381,88.43098390126562,4.785393954159174,632.4192253189394,51.87267325710411,7.256265924132229,399.1156315060958,713.6562449619936,49.839040771075595,1,COMBUSTION_IMBALANCE
2026-01-02 18:48:00,1492.6399303822902,90.0,76.4803727383813,89.14295246033258,4.857085118713739,614.8823216217637,57.03091355865131,7.675207879079638,400.73026310345125,716.6602916477025,49.75748987849962,1,COMBUSTION_IMBALANCE
2026-01-02 18:49:00,1489.1861131989738,90.0,77.89055778505181,89.38972429613499,4.653604669242907,614.6343905737083,54.12861641607256,7.671133731645458,402.5158593894617,717.1916972153729,49.63329102686628,1,COMBUSTION_IMBALANCE
2026-01-02 18:50:00,1491.1163021455184,90.0,76.19847240363983,87.64975278068674,4.879250808547093,620.5200831031578,50.36418816148149,7.5147484285561665,401.49329003751114,719.9215601662153,49.693116922005935,1,COMBUSTION_IMBALANCE
2026-01-02 18:51:00,1492.2217727656569,90.0,77.06776047444083,88.51512241383725,4.734437906784401,620.6930166788939,56.753063810830554,7.222178417428038,399.8778160183332,718.644451536766,49.7978956642127,1,COMBUSTION_IMBALANCE
2026-01-02 18:52:00,1495.4091841865948,90.0,77.64269997828676,88.63645659258295,4.750884684240864,581.6510728937417,51.72443375040361,7.206073512940849,401.01323627089823,712.5438608430477,49.854479588917634,1,COMBUSTION_IMBALANCE
2026-01-02 18:53:00,1489.7837750834822,90.0,76.16388817338722,87.7462349869042,4.738694844489172,608.5364246285063,53.14729805619719,7.665612792472254,400.8662754319108,718.0008865820226,49.695083257671094,1,COMBUSTION_IMBALANCE
2026-01-02 18:54:00,1493.952081438712,90.0,75.81087311514004,88.90129568220901,4.702242711017213,600.8721142220872,52.48072247645481,7.654532985515631,400.7598815075459,719.5022465840751,49.849971740887604,1,COMBUSTION_IMBALANCE
2026-01-02 18:55:00,1494.7989728539446,90.0,77.83090352864836,88.55813133870701,4.772767376899752,619.0030609315482,54.972786957257604,7.387284128465975,401.6679300412906,716.8595108246011,49.846041718247555,1,COMBUSTION_IMBALANCE
2026-01-02 18:56:00,1490.742691389851,90.0,78.53785004726151,88.59707979784743,4.802090522661256,612.1110758566596,53.81952917526704,7.8683769853939705,401.6567165557562,723.4338774452383,49.642909480032955,1,COMBUSTION_IMBALANCE
2026-01-02 18:57:00,1491.4449727622796,90.0,77.19144717817414,88.04122354082897,4.650714398819836,615.1538756450127,50.08994193739447,7.491780014389228,399.80926210468766,724.5970421437682,49.64718913096112,1,COMBUSTION_IMBALANCE
2026-01-02 18:58:00,1489.9273815052525,90.0,76.76780954465649,88.7064433216906,4.706941086609238,594.2148025110947,50.12553401537047,7.178560125193776,400.96281859221665,719.608066501353,49.67168508191545,1,COMBUSTION_IMBALANCE
2026-01-02 18:59:00,1491.5930777178394,90.0,77.45435643421101,88.91911197819489,4.888545270158429,611.901477753095,54.343307389998046,7.344873780066422,399.4253576182603,721.1527079342536,49.711206442020064,1,COMBUSTION_IMBALANCE
2026-01-02 19:00:00,1491.926820051314,90.0,77.34213750901723,88.5636489418629,4.746445886594595,626.1513025183282,51.094438462726494,7.401094115601074,398.6153914055266,709.1947200132537,49.73526357315647,1,COMBUSTION_IMBALANCE
2026-01-02 19:01:00,1493.3192999961648,90.0,77.55205084559661,88.2430320495184,4.763808744452547,629.0944948310216,52.2517346691754,7.417279727349823,399.59575936644404,717.8944861391908,49.77650729790973,1,COMBUSTION_IMBALANCE
2026-01-02 19:02:00,1494.1803669420408,90.0,74.44836548764864,88.28196534097674,4.851087547077208,622.188634195407,54.22203197209526,7.650000643570341,399.88558277239065,725.0241084587896,49.93519091440969,1,COMBUSTION_IMBALANCE
2026-01-02 19:03:00,1490.5038078707566,90.0,76.08260319389413,88.61019785356291,4.677671593000276,601.6453470655188,54.54243389406979,7.208742217467128,397.507628516233,717.8828170841036,49.61694894957649,1,COMBUSTION_IMBALANCE
2026-01-02 19:04:00,1488.065349871548,90.0,76.33334228191073,88.52439868919025,4.72611596402607,627.5940180299212,52.38897751752037,7.133697540177557,401.29049883912506,716.3136916180401,49.50268101556055,1,COMBUSTION_IMBALANCE
2026-01-02 19:05:00,1491.9575104414475,90.0,77.44897174393296,88.95241105955962,4.802636268468665,622.2400225500002,51.54443896925709,7.520464736601019,395.8490118660964,731.3884446301547,49.748535856390895,1,COMBUSTION_IMBALANCE
2026-01-02 19:06:00,1492.5870750599372,90.0,77.48818322965695,88.25987085623784,4.858692806003077,613.8281096593546,55.15478423635108,7.298603098214829,404.0722254092295,729.095385950979,49.7340813742685,1,COMBUSTION_IMBALANCE
2026-01-02 19:07:00,1492.4988353753702,90.0,77.99252214732613,87.89080969862951,4.505669476676869,594.7496368549025,49.549097096258976,7.884701224693365,402.2528187006945,722.3378745624108,49.7657645726655,1,COMBUSTION_IMBALANCE
2026-01-02 19:08:00,1491.346653504982,90.0,77.56849155911569,88.67969303866018,4.652739260137259,624.5359495066251,55.289011836326075,7.588644076295127,399.60848691374156,725.6945530574002,49.74074926794693,1,COMBUSTION_IMBALANCE
2026-01-02 19:09:00,1492.249504199328,90.0,75.82317672116619,88.26123507350057,4.63493876789506,609.0783367001662,55.32123123121096,7.294920709531952,400.01413954084563,708.8703229102097,49.805855374736545,1,COMBUSTION_IMBALANCE
2026-01-02 19:10:00,1495.0308896167046,90.0,78.90064517169527,88.89184097451812,4.709780670170433,618.4616582105479,55.83715886903128,7.6425707477568405,400.4544578103809,716.0622427968565,49.75900169620429,1,COMBUSTION_IMBALANCE
2026-01-02 19:11:00,1492.763468337925,90.0,78.70454849983305,88.50376931522872,4.637657336036079,615.6839386063666,49.486395390733236,7.546082159016601,399.11625941801657,717.6502106341343,49.73094638303797,1,COMBUSTION_IMBALANCE
2026-01-02 19:12:00,1491.253263149994,90.0,75.87081903516984,88.82740660218234,4.789862417907344,630.3839498443828,53.0152200830013,7.526739429492656,400.2889287213804,718.8200995056653,49.72988016794383,1,COMBUSTION_IMBALANCE
2026-01-02 19:13:00,1490.999604365808,90.0,77.65262992969909,87.99284147663454,4.757384204572199,613.746330140025,50.662269432834364,7.375551213682302,399.7840000334475,717.5502798951302,49.73850999197796,1,COMBUSTION_IMBALANCE
2026-01-02 19:14:00,1491.6602952846445,90.0,76.61312468852782,88.57169313161484,4.81748515430312,614.8488640991405,56.51022180828963,7.484090170327693,399.85859092415353,707.2498685424183,49.83168232033591,1,COMBUSTION_IMBALANCE
2026-01-02 19:15:00,1495.2734799236612,90.0,77.43552766790462,88.15036839630797,4.832293427811197,630.7861539047863,56.800856700624536,6.979408419881467,400.27219159522093,721.9301230935428,49.8902345293444,1,COMBUSTION_IMBALANCE
2026-01-02 19:16:00,1491.6333985809476,90.0,78.45970751319891,87.88981317346182,4.810112338372348,608.4177775624981,51.94752147871605,7.66341788084441,398.02970830246903,722.718270641403,49.718273856237275,1,COMBUSTION_IMBALANCE
2026-01-02 19:17:00,1491.9604113109585,90.0,79.66571677827947,88.06944606096442,4.705032023669709,623.1432285140778,54.70089807778458,6.712787522066396,400.05935458620047,728.0094939579499,49.68749192271815,1,COMBUSTION_IMBALANCE
2026-01-02 19:18:00,1491.0353728581274,90.0,78.12143102975973,88.227761454112,4.745872524793422,613.0138427712153,55.84814893536871,7.311575381194817,400.2451716199262,716.0584536761252,49.67296460263496,1,COMBUSTION_IMBALANCE
2026-01-02 19:19:00,1494.197966714884,90.0,77.61032690332335,89.12234726351186,4.6714656641977825,604.9745803799507,51.117360015646554,7.080857889361193,400.1932744320339,715.6491842111005,49.776963749348276,1,COMBUSTION_IMBALANCE
2026-01-02 19:20:00,1495.9196745094894,90.0,76.89940029149473,88.2145298002536,4.599235872597949,615.0116098672087,49.73903506690475,7.299829771753695,399.67625386684574,706.6000775701776,49.896750831742004,1,COMBUSTION_IMBALANCE
2026-01-02 19:21:00,1492.9012260988627,90.0,77.48399105553251,87.86422987486081,4.8380941872115555,621.9170511360799,48.959926203189106,7.385176545517579,401.70678666395406,718.5321658170456,49.77622407557471,1,COMBUSTION_IMBALANCE
2026-01-02 19:22:00,1492.1655458075709,90.0,78.80294452052772,88.56573871124826,4.720278763048105,628.5370983997651,53.60221693727133,7.160641293216758,399.46952116767767,724.5055589053109,49.67266904837692,1,COMBUSTION_IMBALANCE
2026-01-02 19:23:00,1492.0735656663485,90.0,77.22992619242926,88.51459033033876,4.579446996980764,629.7469398534569,55.99024277343672,6.845104551472152,400.3409888602348,716.9411606890365,49.713990448757094,1,COMBUSTION_IMBALANCE
2026-01-02 19:24:00,1487.2313864224286,90.0,76.28755383049065,88.25397349399483,4.7886154872288635,612.0523592577447,55.65684776567196,7.4414131448282115,401.9459463008883,730.7172240927182,49.61825692508686,1,COMBUSTION_IMBALANCE
2026-01-02 19:25:00,1493.4903017285696,90.0,75.46594735062139,88.41938826707687,4.709217342896188,605.1275076796778,49.48847374814507,7.817287956405579,399.88093578996956,718.7170258210524,49.80059317536769,1,COMBUSTION_IMBALANCE
2026-01-02 19:26:00,1492.2683328319918,90.0,77.85461361149949,88.98811354299822,4.514257331877948,611.8126110042252,49.710820223608415,7.329743966629998,400.32169490120134,720.7349614214428,49.77070999186703,1,COMBUSTION_IMBALANCE
2026-01-02 19:27:00,1492.8566841013214,90.0,77.55696270070307,88.83535288269951,4.585920015099542,603.1846924666985,52.153124436413535,7.59186619124516,399.85542304552763,713.184484597092,49.78103555554691,1,COMBUSTION_IMBALANCE
2026-01-02 19:28:00,1490.5770756118327,90.0,76.55658284594624,88.7921151034368,4.654096582065154,612.826138005835,56.35242467019117,7.700876967511377,401.8560546903454,721.4361017258764,49.767224057124864,1,COMBUSTION_IMBALANCE
2026-01-02 19:29:00,1491.2310862420459,90.0,78.42913582079217,87.90816060773982,4.762887993689592,611.5833471638024,53.72589019109978,7.01999241509084,399.6134131576206,710.1034010257365,49.71950502792608,1,COMBUSTION_IMBALANCE
2026-01-02 19:30:00,1491.1779501269937,90.0,76.80760991188586,89.9432740308576,4.779936517887904,622.2749020415677,53.997433729882964,7.308544969704336,401.9250318659323,723.4684897750657,49.68663053100625,1,COMBUSTION_IMBALANCE
2026-01-02 19:31:00,1494.043245968146,90.0,77.12919861715623,89.02562610513704,4.794864370967015,592.9406482008562,53.54046336016026,7.14472287766224,399.8446181580294,723.6221408811771,49.75565378021486,1,COMBUSTION_IMBALANCE
2026-01-02 19:32:00,1491.2424803267938,90.0,77.26133617070631,88.75851428159537,4.785116009861123,607.6639205391336,51.312264552644926,7.238744592404367,398.71081041482796,726.7964571216826,49.72056315047028,1,COMBUSTION_IMBALANCE
2026-01-02 19:33:00,1496.1653206442195,90.0,76.88693292880535,87.91784411280132,4.738206880574776,607.7448169555809,52.99189469397568,7.740402340229325,401.0190597558612,714.9001564061616,49.750142154068556,1,COMBUSTION_IMBALANCE
2026-01-02 19:34:00,1492.86172483803,90.0,77.54416887363952,88.97386505636699,4.892745929932482,626.8712725240803,55.7125587812234,7.444735897284838,399.5429982493665,720.8028105914871,49.75284304450937,1,COMBUSTION_IMBALANCE
2026-01-02 19:35:00,1489.4486346800086,90.0,78.56969696344497,88.24943574485026,4.804998409502983,603.8615562259898,50.35016996067417,7.557764720209034,400.93075134864876,722.8190827969325,49.637995829670885,1,COMBUSTION_IMBALANCE
2026-01-02 19:36:00,1491.7429074134961,90.0,76.00042027410738,88.40286459768194,4.75415324497059,617.2665735964899,55.468727161724615,7.391220178807243,395.9058934226144,722.2114081916516,49.65654003776901,1,COMBUSTION_IMBALANCE
2026-01-02 19:37:00,1490.696649755687,90.0,77.8271425550909,87.6596103619703,4.80346660333363,613.7187158558022,53.859429147152476,7.157889470852892,400.00780789284244,715.6735036243257,49.64347503325677,1,COMBUSTION_IMBALANCE
2026-01-02 19:38:00,1487.61123506036,90.0,77.47281770995923,87.87925845702968,4.702511330543846,625.4304252683638,54.26592638081308,7.535623139443741,399.3105920518638,708.0400905522193,49.62752404518608,1,COMBUSTION_IMBALANCE
2026-01-02 19:39:00,1495.1989418802275,90.0,77.45221548909008,88.71927324941349,4.719890174908235,620.9583186451055,53.87967250482252,7.650515074288564,398.4051119702031,721.7348014844224,49.85150031679466,1,COMBUSTION_IMBALANCE
2026-01-02 19:40:00,1493.40628508444,90.0,78.25646591825898,89.00311733763517,4.51174224929214,616.2124373182038,54.346212088931416,7.4634748432337314,399.1701384972403,719.2375016084504,49.78529891950003,1,COMBUSTION_IMBALANCE
2026-01-02 19:41:00,1493.0664146357985,90.0,77.33521311624322,88.84245220989744,4.684476189554291,609.4533312541193,56.2823138359095,7.497824872351987,399.13944528356103,717.1666470351928,49.78419786455655,1,COMBUSTION_IMBALANCE
2026-01-02 19:42:00,1492.3308073205994,90.0,77.8178567733344,88.8254094983714,4.899480611609249,596.4765749689012,52.688345150348525,7.153039722726643,399.9280213077241,723.8197268185774,49.748991623417425,1,COMBUSTION_IMBALANCE
2026-01-02 19:43:00,1489.2359648626152,90.0,78.08176838511969,88.46761677152007,4.745485192298308,617.4708565568741,54.055423158588084,7.541372726629845,397.94901030807256,719.7754023092278,49.70334195689676,1,COMBUSTION_IMBALANCE
2026-01-02 19:44:00,1491.032765720889,90.0,76.71511097557374,88.29664649231682,4.744741047889825,620.3048979852987,50.284725654927804,7.66920276458527,400.47441067038955,713.404024736161,49.70726364978148,1,COMBUSTION_IMBALANCE
2026-01-02 19:45:00,1493.683561549568,90.0,77.61508547611146,88.64444757178262,4.826971458079276,599.2513238752534,55.21088182569405,7.4809170948542905,402.0493221778087,710.3427385545189,49.71654139596132,1,COMBUSTION_IMBALANCE
2026-01-02 19:46:00,1489.897559940435,90.0,76.9991178799241,88.91070416155007,4.757568458331236,602.6630583567145,50.62115715224733,7.040643350824621,400.4213927454217,714.3551836743342,49.74475849625822,1,COMBUSTION_IMBALANCE
2026-01-02 19:47:00,1486.9364613674984,90.0,77.13139640671373,88.50243112746672,4.651302997025006,617.5232997337167,55.25582592606345,7.727125900155056,401.2134829138435,731.9650614738339,49.583065725616386,1,COMBUSTION_IMBALANCE
2026-01-02 19:48:00,1491.5457879844382,90.0,76.91929123594427,89.10512600995663,4.720263231019899,618.3914168620787,52.65898951373582,7.211035221271247,401.6418436819207,723.6138838696638,49.68873024627486,1,COMBUSTION_IMBALANCE
2026-01-02 19:49:00,1491.716484891945,90.0,77.80761005258852,88.39246536809192,4.618628780170311,605.0935268990794,50.04405724934208,7.477557365377982,401.8547342682763,720.9430617098751,49.66121274381674,1,COMBUSTION_IMBALANCE
2026-01-02 19:50:00,1492.2711268328294,90.0,77.37144207410044,88.00986053235191,4.75816400641499,609.2593528643196,51.38410611894163,7.590595253712184,402.80520803923196,719.091695364071,49.76216660547555,1,COMBUSTION_IMBALANCE
2026-01-02 19:51:00,1493.4570372870292,90.0,77.72188931843469,88.49481887897943,4.646328627180018,596.6351116142957,56.61676479030076,7.615923664410198,399.2511970025861,718.7630353002628,49.77604264265225,1,COMBUSTION_IMBALANCE
2026-01-02 19:52:00,1493.2752116244624,90.0,77.26038055355677,88.55298613912971,4.82176973842078,628.7726390381323,51.1790112166253,7.039988637644031,398.9222740222583,725.8359799167955,49.8545477267837,1,COMBUSTION_IMBALANCE
2026-01-02 19:53:00,1492.5175396104878,90.0,75.48338446603324,88.45898496636173,4.679796238495633,602.0012559263155,50.52313759921741,7.423443451214587,401.1751984724871,717.5470212904828,49.73328928964958,1,COMBUSTION_IMBALANCE
2026-01-02 19:54:00,1494.3910627761734,90.0,77.31513262603168,89.14032778044105,4.634723053477725,620.4225939124855,49.8088557246309,7.410204322176522,401.0623993294861,722.8846020534214,49.77116638638832,1,COMBUSTION_IMBALANCE
2026-01-02 19:55:00,1488.9620604383733,90.0,77.35116250977565,88.90265099036195,4.710663781361613,614.6503930384662,51.08610982479701,7.687805637545303,401.16351294942353,718.257860248542,49.6768584921909,1,COMBUSTION_IMBALANCE
2026-01-02 19:56:00,1493.0091636289549,90.0,77.55170744961187,87.78452950568908,4.78084859179919,627.8959361962476,51.46915189668675,7.491744708482126,402.8339236813754,729.7007831591753,49.81323621560101,1,COMBUSTION_IMBALANCE
2026-01-02 19:57:00,1493.253076726674,90.0,76.61502330307196,89.26718350709908,4.593923130174034,607.0774590722524,53.16033411191946,7.6896235322089925,400.01705486319776,723.7114425378916,49.78353512593631,1,COMBUSTION_IMBALANCE
2026-01-02 19:58:00,1489.5208754278394,90.0,75.94107391733463,87.12929146958534,4.705287510875935,615.6125271034039,50.754701682965205,7.507983519977031,400.6392348394693,726.2277840734181,49.684513699978396,1,COMBUSTION_IMBALANCE
2026-01-02 19:59:00,1488.9942587826351,90.0,77.9795594422816,89.57551218642618,4.719005986840817,598.0157309076264,55.25313417415901,7.385166759087756,398.5294176227748,717.0779511265588,49.631257603384064,1,COMBUSTION_IMBALANCE
2026-01-02 20:00:00,1490.5081157470488,90.0,76.97356065668174,88.35634724322149,4.866709910089223,595.6147316306025,51.80033456629878,7.438771884307632,403.20298168596395,725.2906805628371,49.69529711328542,1,COMBUSTION_IMBALANCE
2026-01-02 20:01:00,1490.6769171149695,90.0,77.4717933334072,88.40521613167418,4.4790241009371385,620.9633358386548,52.637491377620606,7.704719383420493,399.49518261818633,718.4371128730265,49.74748011462718,1,COMBUSTION_IMBALANCE
2026-01-02 20:02:00,1493.5068389270048,90.0,76.96476471052512,88.4699918805131,4.792116482758062,597.149741609303,54.61305433436108,7.1406136328997505,399.5376761077587,720.5501741196642,49.8148272142679,1,COMBUSTION_IMBALANCE
2026-01-02 20:03:00,1490.770922432618,90.0,77.27321075513358,88.69260271642001,4.6877913892309895,612.7178246556547,50.198211250106056,7.581190902024106,399.47987516348763,728.1752383530973,49.68390035917063,1,COMBUSTION_IMBALANCE
2026-01-02 20:04:00,1490.2873029634377,90.0,76.77680041031189,88.4998683993665,4.680541597323103,625.1129544797292,52.098565485477806,7.274476801755842,399.0326562120335,714.786124716218,49.743861559410895,1,COMBUSTION_IMBALANCE
2026-01-02 20:05:00,1490.7767325266109,90.0,76.19574638014771,88.4333024055813,4.663221255874798,622.4668485609468,52.59235797141282,7.231504183150259,398.90584442672855,721.016238656527,49.57431498224745,1,COMBUSTION_IMBALANCE
2026-01-02 20:06:00,1494.2372646683084,90.0,77.81057946006091,89.15445915467802,4.680521258543014,608.3541451205141,51.35821683010023,7.604685273323234,399.2144435756657,722.1900262925936,49.910512487848045,1,COMBUSTION_IMBALANCE
2026-01-02 20:07:00,1492.0260867487539,90.0,76.60450550118675,88.78279803987536,4.786425759293692,599.1149686359183,54.30724039159088,7.223382548997801,397.9513061079236,722.600021904004,49.64890493688059,1,COMBUSTION_IMBALANCE
2026-01-02 20:08:00,1491.641497949286,90.0,77.4636256586022,88.02059807281455,4.685909391428181,620.0949486165553,55.14115713525752,7.475414943385065,398.82202311960515,717.7460775345327,49.69002862373759,1,COMBUSTION_IMBALANCE
2026-01-02 20:09:00,1491.7799890025979,90.0,77.73971544853035,88.8703369571678,4.888452462438007,628.4225678286018,55.326111750539226,7.302211715568047,402.92344466717145,730.4313205040404,49.72395375666018,1,COMBUSTION_IMBALANCE
2026-01-02 20:10:00,1494.584120668653,90.0,76.62276975852456,88.7620535015916,4.787145608397409,608.3776192133438,50.56208540117157,6.928612660820705,401.10348271546206,713.5253405732986,49.812146655418694,1,COMBUSTION_IMBALANCE
2026-01-02 20:11:00,1490.5016565467936,90.0,75.93164808950227,88.22736313720932,4.7552499497711,606.9668714159288,52.48599631632338,7.49554319602087,401.3888562650916,727.2944269431623,49.73370910356112,1,COMBUSTION_IMBALANCE
2026-01-02 20:12:00,1494.6310165818802,90.0,79.99721588751542,88.89606921318101,4.705473003954718,609.75098037131,50.33989519981979,7.425264254591358,401.7658131811254,726.0753280279582,49.76814205513216,1,COMBUSTION_IMBALANCE
2026-01-02 20:13:00,1492.420992597843,90.0,76.68889549894112,88.4212136993884,4.850561146395043,620.7160871080712,54.2339393963006,7.017983897117036,402.7512018465436,729.5044439480184,49.76040476080225,1,COMBUSTION_IMBALANCE
2026-01-02 20:14:00,1491.6791612360494,90.0,77.9782272176333,88.38916326393738,4.865818703397084,627.2851760641491,53.37595513026842,7.260282091692227,397.34286617283425,712.0588645064608,49.69372810295732,1,COMBUSTION_IMBALANCE
2026-01-02 20:15:00,1497.0018009958685,90.0,79.45219917551854,88.37554344128347,4.616350916448906,602.6039318861948,52.69103552551268,7.038601576657539,398.1551753270702,715.6558425605515,49.914817082162486,1,COMBUSTION_IMBALANCE
2026-01-02 20:16:00,1489.8887210204027,90.0,78.16469667647637,87.28594097152373,4.684091370029616,600.0171819067534,55.2046589074348,7.546337977459283,398.79441450865795,727.4597152958082,49.65971875435686,1,COMBUSTION_IMBALANCE
2026-01-02 20:17:00,1491.292628480866,90.0,76.94350405411315,88.23665033353262,4.798730013968551,638.3999632193245,52.74188748451117,7.677598640542019,399.2954053052656,710.6148042268485,49.714401065329675,1,COMBUSTION_IMBALANCE
2026-01-02 20:18:00,1489.535137521672,90.0,77.20482964596069,88.85658662106273,4.816536362023148,613.2267721210997,55.92297711366918,7.569898121009237,399.5491459141221,711.9677054947979,49.62367500909918,1,COMBUSTION_IMBALANCE
2026-01-02 20:19:00,1493.9049239410724,90.0,76.3474799138925,88.48879437854805,4.700190057598112,617.5289279569031,51.787360255675694,7.597826031360018,399.32953367079097,717.5584610664425,49.771327600530945,1,COMBUSTION_IMBALANCE
2026-01-02 20:20:00,1495.3783778673035,90.0,78.26749999819268,87.85740678507206,4.668607378327309,608.0806915938236,54.379797368210255,7.2964339188666365,400.3289633696981,720.9599689431113,49.86030955461149,1,COMBUSTION_IMBALANCE
2026-01-02 20:21:00,1495.3398455628094,90.0,77.91422319302573,88.98231562759595,4.728214950044736,619.8996230945272,53.08195549875514,7.509385602222075,400.0529430861178,727.9611253682439,49.89184729404811,1,COMBUSTION_IMBALANCE
2026-01-02 20:22:00,1494.447897506292,90.0,76.70384308354686,88.35069992022824,4.880655344670034,624.6006087470153,56.63262558117442,7.398186273971568,398.9157478072326,719.0736704253482,49.78501595016651,1,COMBUSTION_IMBALANCE
2026-01-02 20:23:00,1491.604759064408,90.0,76.11276421604974,87.88921225466916,4.746319180911831,617.9979617157293,50.57416551305142,7.437062903217764,396.7366768345186,716.9588042596773,49.67672025825162,1,COMBUSTION_IMBALANCE
2026-01-02 20:24:00,1491.2695180450203,90.0,75.80021821381668,89.60300623083543,4.581545798400779,632.4085807701443,52.12772756080266,7.591486292090904,398.51069694193194,721.5569496884822,49.7396569431176,1,COMBUSTION_IMBALANCE
2026-01-02 20:25:00,1488.6576604550119,90.0,78.38489568426071,87.97341370275605,4.751490048702621,611.732554100589,52.48923873624695,7.635097484129448,399.17614202003114,722.347982416472,49.620296820514184,1,COMBUSTION_IMBALANCE
2026-01-02 20:26:00,1496.0717470703635,90.0,77.41481790443024,88.93974575564279,4.79947989201013,612.3711752696462,57.219109601008924,7.322048722072297,399.62938084478844,722.2061991108513,49.91058314237808,1,COMBUSTION_IMBALANCE
2026-01-02 20:27:00,1492.9379561562969,90.0,77.52078268069269,88.11534294957262,4.727555409873571,617.3140635127742,58.68877945053366,7.11847103772899,398.30549881103417,719.1100689602433,49.71930867787467,1,COMBUSTION_IMBALANCE
2026-01-02 20:28:00,1491.016086190261,90.0,76.35829753903417,88.56791341728685,4.8544584129026545,619.6496164550609,50.45628742536442,7.362519093061429,399.2637903002554,710.2245694304092,49.61156426007086,1,COMBUSTION_IMBALANCE
2026-01-02 20:29:00,1494.656113777974,90.0,75.64087652429907,88.04890951831584,4.825606713185431,617.279472620626,53.85371522857437,7.356145342937223,398.3035189172716,715.4119200544683,49.795220255174485,1,COMBUSTION_IMBALANCE
2026-01-02 20:30:00,1490.05447096648,90.0,78.35812720367704,87.8803479093631,4.736217149443102,602.1558497304491,54.033371496445916,7.456919576002831,399.8112709726775,727.1013554263374,49.63016473508608,1,COMBUSTION_IMBALANCE
2026-01-02 20:31:00,1492.8132440684453,90.0,77.32708372143689,88.76110127233564,4.729092376517333,618.1251516619557,50.82456064828992,7.566599183692825,398.3903630074561,720.935344689883,49.756502048944164,1,COMBUSTION_IMBALANCE
2026-01-02 20:32:00,1491.6547417314184,90.0,78.29610281926455,88.70264527256712,4.541771124030335,611.2582641519656,51.07441690500036,7.0170836069031886,398.7266430154443,718.3873894044647,49.6899824636671,1,COMBUSTION_IMBALANCE
2026-01-02 20:33:00,1493.2773542797606,90.0,76.84775489830257,89.07232472210946,4.839576178049027,609.1902298592536,57.99511393472064,7.265817289761705,398.0369738035163,725.5908427418699,49.81296265689218,1,COMBUSTION_IMBALANCE
2026-01-02 20:34:00,1491.8728529216278,90.0,77.01476401579872,88.482809034852,4.697392084435929,615.3248205475325,50.34884345191729,7.207222362136512,399.76974895664534,714.3494168381552,49.714687584266464,1,COMBUSTION_IMBALANCE
2026-01-02 20:35:00,1489.0981442177776,90.0,78.07889395781511,89.61017589706317,4.667800808131101,605.3847731267078,50.282659698982705,7.650178757738358,398.7003283450714,718.873259331435,49.644128532197946,1,COMBUSTION_IMBALANCE
2026-01-02 20:36:00,1492.1511527453401,90.0,78.10022984920859,88.63417333371845,4.672331172672889,603.6460867612677,49.76116104492353,7.358325821329522,401.36017640001313,720.6887920258702,49.74625348610005,1,COMBUSTION_IMBALANCE
2026-01-02 20:37:00,1494.0977282837507,90.0,78.17327349740827,88.78338734061853,4.770002009436639,588.8453103999615,50.682620033835775,7.297423286087643,400.60877540003935,717.7931124835269,49.81300536407897,1,COMBUSTION_IMBALANCE
2026-01-02 20:38:00,1491.941567188292,90.0,76.94937459652499,87.82078537744631,4.630714992374807,632.4723732850989,55.9810453353028,7.507660338489315,399.89522219772454,720.503814114508,49.73017911742032,1,COMBUSTION_IMBALANCE
2026-01-02 20:39:00,1493.5502302431782,90.0,77.96829290616898,88.19295784243866,4.637723564979972,620.5573131910301,52.94700504049692,7.281398729816795,398.80377175398434,719.0615303428912,49.81053770929312,1,COMBUSTION_IMBALANCE
2026-01-02 20:40:00,1489.908941028652,90.0,78.52219140133393,88.75983985025792,4.719550692824907,613.832358786937,54.13664742628755,7.39696104464063,400.5707804579745,713.0032847610706,49.623848610930445,1,COMBUSTION_IMBALANCE
2026-01-02 20:41:00,1491.9474784134602,90.0,77.1626553469167,88.45788611879314,4.66819094446565,608.3277676311335,51.08496720792311,7.762814240022405,401.03605133402294,720.9073894093953,49.8015535101147,1,COMBUSTION_IMBALANCE
2026-01-02 20:42:00,1490.7509790898227,90.0,76.70489303257307,88.59384156751725,4.761646525986963,586.2396771795359,53.04581465894445,7.757258064777329,400.21403261830244,713.3582410424357,49.679872433825665,1,COMBUSTION_IMBALANCE
2026-01-02 20:43:00,1493.4939616802094,90.0,78.78387731571479,88.09175312214283,4.679176009620525,607.7147112377852,48.72565164150403,7.318523135387436,402.4055527832004,720.8280756254836,49.71755459911204,1,COMBUSTION_IMBALANCE
2026-01-02 20:44:00,1492.062983124524,90.0,76.54702077842254,88.56097348673573,4.888284156702844,622.1586633716407,57.26627032610054,7.363527639568084,400.68945597711223,726.8706791207505,49.74483643866706,1,COMBUSTION_IMBALANCE
2026-01-02 20:45:00,1493.3801473526732,90.0,77.98501367676823,88.5592729457958,4.798160291762525,624.4217430359387,50.57142322162015,7.276194299853839,401.37041082635204,718.5948840136198,49.73677922096673,1,COMBUSTION_IMBALANCE
2026-01-02 20:46:00,1494.1754208523157,90.0,77.21456701221777,87.90978249005731,4.809892971436749,621.422919936033,54.76698512867526,7.014826944991966,400.20034812330397,714.1425843501451,49.8391140884693,1,COMBUSTION_IMBALANCE
2026-01-02 20:47:00,1493.3832371502428,90.0,75.2174465095373,88.82127492234022,4.663078326171065,616.5839195575247,52.95201358787807,7.607237869019343,401.01349667988546,719.3650609339751,49.88992151714355,1,COMBUSTION_IMBALANCE
2026-01-02 20:48:00,1492.5462368685874,90.0,78.54402535557601,87.64996752654095,4.987568616913126,628.0387414593138,53.63722799116077,7.884268423334353,398.80482815099623,715.8401444596074,49.71221262437502,1,COMBUSTION_IMBALANCE
2026-01-02 20:49:00,1490.003575482977,90.0,74.19120393490695,88.59211904029877,4.684256517766592,611.7146277791146,52.123447324622134,7.311310112469846,399.3124024551808,722.9725450131574,49.68340446609377,1,COMBUSTION_IMBALANCE
2026-01-02 20:50:00,1491.9944277786662,90.0,75.05777656523149,89.38279634691268,4.640963045332735,625.8518891613436,53.511992744171266,7.236641254542146,400.52404533022354,719.2600562623858,49.645372313186975,1,COMBUSTION_IMBALANCE
2026-01-02 20:51:00,1490.9338191959682,90.0,77.87060968901837,88.84027526890947,4.793868754317345,611.1541755627978,56.01163860374459,7.3454306407319985,400.5131492223361,728.5488162583229,49.72048923467101,1,COMBUSTION_IMBALANCE
2026-01-02 20:52:00,1491.3118720865916,90.0,77.8703197425195,88.83714962301848,4.742779820833664,606.1885869112224,52.96445264666035,7.417009209565717,400.76141773441486,725.8149479783867,49.66611004622974,1,COMBUSTION_IMBALANCE
2026-01-02 20:53:00,1491.2509316984995,90.0,76.56591055917717,88.05128666252558,4.65713583582537,604.9428701957748,51.163036409545356,7.172893977958624,401.6505893384181,719.234597477593,49.677122659028264,1,COMBUSTION_IMBALANCE
2026-01-02 20:54:00,1490.0401488504356,90.0,77.44556074113964,89.38453102657635,4.931894095677331,604.3550357882705,56.085018903587574,7.308304307803174,397.8625432422769,723.5780453398654,49.61294063718919,1,COMBUSTION_IMBALANCE
2026-01-02 20:55:00,1488.085322821732,90.0,74.44479834872864,89.18835904730108,4.813792768873262,621.5906802880248,50.493379488060036,7.602979450787604,398.53832117858457,718.0338179541858,49.639451655360475,1,COMBUSTION_IMBALANCE
2026-01-02 20:56:00,1490.6637139033444,90.0,78.07181252020708,88.07820498855214,4.738836430355751,607.5725442890292,54.48542625098678,7.425476126893454,400.34435896161136,720.1697844258258,49.73915568131847,1,COMBUSTION_IMBALANCE
2026-01-02 20:57:00,1492.3867589038484,90.0,77.55969254550003,88.26261837909249,4.974858645526476,604.6697115496505,52.19632429123206,7.654077205625796,398.9134545522948,718.1928290182484,49.74739455752787,1,COMBUSTION_IMBALANCE
2026-01-02 20:58:00,1489.303645909145,90.0,77.22888000426616,89.12732802246327,4.798531453979559,622.1373521966136,53.6595602070252,7.472953570572301,405.066652361934,723.8322797992486,49.600233528371376,1,COMBUSTION_IMBALANCE
2026-01-02 20:59:00,1492.0313644729433,90.0,77.30334245999431,89.39807368915831,4.710848429237544,618.2797039047223,54.64783262145011,7.182216546245416,400.7735794287552,727.1649413835479,49.813854967569974,1,COMBUSTION_IMBALANCE
2026-01-02 21:00:00,1495.800536848622,90.0,77.8324446773362,87.86765698245479,4.970790624868597,624.625919828458,52.77199237125597,7.284797204656048,399.88250372660474,723.9932410359557,49.822497388566326,1,COMBUSTION_IMBALANCE
2026-01-02 21:01:00,1494.0461131105044,90.0,77.2476302936824,87.99814461513765,4.805935581044667,620.125995112728,54.714769512976346,7.449682412710896,399.2267960903742,724.6096830064267,49.69343548868711,1,COMBUSTION_IMBALANCE
2026-01-02 21:02:00,1495.287083018241,90.0,75.18105783694104,88.42810662178884,4.79296239379626,607.4688841980269,52.59888311185522,7.175482144807779,399.27975657521046,724.6151671861786,49.86582221777255,1,COMBUSTION_IMBALANCE
2026-01-02 21:03:00,1492.7822557538655,90.0,79.73989210266524,87.41445298527867,4.713076177578376,615.7610241646859,50.747066552769574,7.1495360534178785,400.04521099197274,722.7562796116736,49.70416979144677,1,COMBUSTION_IMBALANCE
2026-01-02 21:04:00,1494.3350196459728,90.0,78.62489691775987,88.50952258010464,4.7347508969678715,616.2513299076968,53.77829179326257,7.161559889326854,400.1679728989319,714.3035692039487,49.86059776120739,1,COMBUSTION_IMBALANCE
2026-01-02 21:05:00,1490.5520705390645,90.0,75.8408619786106,89.09287175701492,4.67707326527328,605.80841341526,54.72140893881216,7.503160877562763,399.3149512829597,728.5048575970825,49.66601213313514,1,COMBUSTION_IMBALANCE
2026-01-02 21:06:00,1490.711319465956,90.0,76.89344630186622,87.78068149188205,4.8883599447665045,603.95375025906,52.09018871371935,7.326751996915492,399.5902716302202,729.0220541334921,49.72056297755908,1,COMBUSTION_IMBALANCE
2026-01-02 21:07:00,1486.521719587725,90.0,77.01564170702524,88.56355348248748,4.567787516008504,608.192783908823,56.67042803124254,7.63648832621859,402.0164268628519,718.8306019834332,49.62079900358511,1,COMBUSTION_IMBALANCE
2026-01-02 21:08:00,1494.3722909480846,90.0,78.48831151449005,88.20911464750228,4.87240475035644,635.3658235667208,55.69674203501195,7.220715923410673,402.07675744397653,718.146510423919,49.751966755038445,1,COMBUSTION_IMBALANCE
2026-01-02 21:09:00,1495.0806479596397,90.0,74.86161879244186,89.31997297437688,4.625866287642668,610.8725590577845,50.668905477887805,6.90851994640923,400.3780509699023,723.0620582645769,49.80772474211003,1,COMBUSTION_IMBALANCE
2026-01-02 21:10:00,1490.8936455093055,90.0,76.72111074383864,88.2151040689334,4.729905798304981,627.3286679138671,54.87698016869086,7.373858976239356,397.9881104091449,722.7540641759175,49.69267129667733,1,COMBUSTION_IMBALANCE
2026-01-02 21:11:00,1491.4920965872054,90.0,75.308087183462,89.25949654387422,4.685288430340092,610.313394905202,53.38206130173537,7.729511006078765,400.80775473495856,718.9902696562349,49.79328078552523,1,COMBUSTION_IMBALANCE
2026-01-02 21:12:00,1490.492275772618,90.0,76.96069302227227,88.20127246459431,4.683959302058593,623.8883881953999,55.81146703527049,7.406913883389722,402.3314236624165,713.7498717220619,49.65015672319024,1,COMBUSTION_IMBALANCE
2026-01-02 21:13:00,1492.765307102955,90.0,76.75079899974492,88.885587902667,4.791266656760209,624.0249165555784,50.91939791827569,7.125581351373426,402.05467165294357,721.5285059537489,49.72911838530105,1,COMBUSTION_IMBALANCE
2026-01-02 21:14:00,1494.2498650906066,90.0,77.36925735546865,88.62597280918128,4.726961622483493,624.5259050795205,54.094410651501576,7.075144680758651,401.1016387792145,722.7571826908777,49.832235865131345,1,COMBUSTION_IMBALANCE
2026-01-02 21:15:00,1488.5144560522378,90.0,76.60254067310973,88.43086366674278,4.664612850650255,618.8782734200896,55.101044759230845,7.639580382784698,402.1336344329287,723.629105740194,49.58828709878907,1,COMBUSTION_IMBALANCE
2026-01-02 21:16:00,1492.8188770612844,90.0,76.43885380164262,88.10473571547294,4.7533048387083205,628.7736657878115,54.82043280384792,7.238512645711618,400.0800764087185,721.7464638617711,49.76825552952103,1,COMBUSTION_IMBALANCE
2026-01-02 21:17:00,1491.4466564565616,90.0,77.97401549477475,88.66154771065888,4.657160373120171,618.7835396935272,50.55265995354709,7.708359065531306,400.94215445475055,718.6444242581905,49.63731167750365,1,COMBUSTION_IMBALANCE
2026-01-02 21:18:00,1492.2267887839334,90.0,77.7892334698557,88.27973236875748,4.680627802724708,632.1352972934028,52.00294238954093,7.530818689770257,398.9788366505122,724.9700101975313,49.85160945659228,1,COMBUSTION_IMBALANCE
2026-01-02 21:19:00,1492.9179880033487,90.0,77.89756614391163,88.15511688759587,4.5871713533442025,598.8008019681157,52.08961262280485,7.246086257119063,400.43839818423356,720.3292424878296,49.696547471929485,1,COMBUSTION_IMBALANCE
2026-01-02 21:20:00,1491.6235951224544,90.0,77.08187189865026,89.23636137068779,4.670241873237768,618.4828624766682,51.715914271599,7.633427368862328,401.9943013659558,717.6753849281764,49.7046988688823,1,COMBUSTION_IMBALANCE
2026-01-02 21:21:00,1491.7928262931885,90.0,76.63965278790779,88.77376511374655,4.773945150364523,617.8332359253567,51.56570317084058,7.215220569347347,399.11586488276964,719.0967330897714,49.72480349131418,1,COMBUSTION_IMBALANCE
2026-01-02 21:22:00,1491.5722496648907,90.0,77.14688522013674,88.82181947595353,4.727276102276733,605.6348015419451,55.562285209012366,7.110532577511,398.7078348558036,711.2701548376251,49.81470939554753,1,COMBUSTION_IMBALANCE
2026-01-02 21:23:00,1493.9406324035765,90.0,77.84130151847667,88.3042007406938,4.915422352083438,620.7958422176374,55.65770214959824,7.22665092133111,400.1462334085355,719.0887908791073,49.731778791072585,1,COMBUSTION_IMBALANCE
2026-01-02 21:24:00,1492.837519920255,90.0,74.84200673491154,88.40701082645828,4.993141530842966,600.0991732442338,51.39093550977249,7.553747330318044,399.660006694414,723.4421825993734,49.86043587078244,1,COMBUSTION_IMBALANCE
2026-01-02 21:25:00,1492.4411670754748,90.0,77.72140536201536,88.37571166632438,4.686063927041441,608.4581567423967,51.698821763207434,7.627593397800267,400.9737215816056,721.6989151106961,49.785897743570935,1,COMBUSTION_IMBALANCE
2026-01-02 21:26:00,1489.4580965578155,90.0,77.62623476981499,88.66861945625041,4.6432958351045635,595.0091218710219,53.89052473385759,7.320794547426418,399.32011071107945,727.603320864906,49.66945798481501,1,COMBUSTION_IMBALANCE
2026-01-02 21:27:00,1491.2428405135736,90.0,77.34960901481602,88.82090172592117,4.836563620117471,630.5862651696282,55.67583361959651,7.02633773777217,402.57765942340404,718.6851254299215,49.65886299943489,1,COMBUSTION_IMBALANCE
2026-01-02 21:28:00,1493.7973383206784,90.0,77.11276896750373,88.48487431484415,4.763823337906372,612.684505060547,53.20755173350911,7.088646707774389,398.0654858530584,722.4365658152666,49.82180167279118,1,COMBUSTION_IMBALANCE
2026-01-02 21:29:00,1492.0753931462477,90.0,74.40594628775571,88.1036775029096,4.851513877643305,636.6688403481631,48.416574297915545,7.186470885628127,401.8806021793296,723.9637008815289,49.69967210708727,1,COMBUSTION_IMBALANCE
2026-01-02 21:30:00,1493.3190629391784,90.0,76.78736434532756,88.8802852285132,4.762277368550187,623.029499265195,52.29359449315365,7.141200624149976,398.85272615753786,731.714285041437,49.84063516063254,1,COMBUSTION_IMBALANCE
2026-01-02 21:31:00,1495.5330236006553,90.0,79.28417135640666,88.51670193410409,4.710230176650341,619.4809821335102,53.14886533346874,7.453086075212913,397.30602589812395,720.7238274555882,49.80254768523312,1,COMBUSTION_IMBALANCE
2026-01-02 21:32:00,1494.0772121384177,90.0,77.29444945103651,87.77958181061445,4.725539858965833,609.13772305719,51.45329832765145,7.78762316894489,400.3568127345233,714.7790641056799,49.79691581322445,1,COMBUSTION_IMBALANCE
2026-01-02 21:33:00,1492.1863166753994,90.0,76.93583538068432,87.43235262496009,4.794630625337404,604.5364996431258,54.088456960627866,7.559155314805118,399.6180880209792,724.2396437667765,49.711780234779326,1,COMBUSTION_IMBALANCE
2026-01-02 21:34:00,1490.9780216596087,90.0,77.29893493906093,88.64894858773016,4.705909638673911,620.2297157389695,53.58611591370204,7.174353831001852,398.3355859481455,729.3286367798423,49.64989124053228,1,COMBUSTION_IMBALANCE
2026-01-02 21:35:00,1486.8929008078883,90.0,77.67734561286338,88.08526310056108,4.860244862308566,614.2848599072702,53.59611009690223,7.261124846866689,397.4779346624271,718.3872564488669,49.60016268444168,1,COMBUSTION_IMBALANCE
2026-01-02 21:36:00,1491.6632301550544,90.0,78.01787867405221,88.71553106469815,4.595455654755917,601.607296845147,54.84392159848675,7.3001418641402385,399.9874588190928,724.205407693032,49.74888060920563,1,COMBUSTION_IMBALANCE
2026-01-02 21:37:00,1491.3479750083663,90.0,77.02365421726311,88.11219084556797,4.85917054669475,599.8314158349168,53.265715166667256,7.477842833398617,401.4637553374357,726.1436402761447,49.772049676890596,1,COMBUSTION_IMBALANCE
2026-01-02 21:38:00,1492.7807323887907,90.0,77.75590995468093,88.56659288624743,4.541328067483447,605.4129627085641,54.76318701346281,7.714250947170402,400.8774302396297,725.0853277198507,49.67036399088262,1,COMBUSTION_IMBALANCE
2026-01-02 21:39:00,1491.6921895460507,90.0,79.15784889909273,88.31079923601888,4.748294243915744,633.2096722526624,53.14882171169309,7.306519924109829,400.0850599732589,720.6277926123679,49.77628151998541,1,COMBUSTION_IMBALANCE
2026-01-02 21:40:00,1491.3592298811263,90.0,78.40700089536466,89.37596040513658,4.679376518834913,637.1327791801131,52.03339811680901,7.707755458213638,400.7182713598266,716.5076312089343,49.83724677463872,1,COMBUSTION_IMBALANCE
2026-01-02 21:41:00,1488.4412021389855,90.0,79.90113624175983,88.97515782890925,4.568861273056696,617.0498914730891,55.01876726249107,7.8207821916844456,399.9591788014332,719.593602259932,49.59212468350734,1,COMBUSTION_IMBALANCE
2026-01-02 21:42:00,1490.1200643416998,90.0,76.54441719864607,89.17364845009385,4.510525089330249,616.4894279624128,54.9734528469039,7.330018626742255,397.85541363545445,722.2930022693881,49.76542624199544,1,COMBUSTION_IMBALANCE
2026-01-02 21:43:00,1492.9533020816011,90.0,79.15733224840227,88.51202388455947,4.620008055298294,611.6367962817047,56.35678414090441,7.324871075787739,397.8686590221648,724.5411126204586,49.75195200578371,1,COMBUSTION_IMBALANCE
2026-01-02 21:44:00,1495.4318152622654,90.0,76.3944455232867,88.91118046955737,4.726344823264887,605.655146516905,52.31825021961744,7.327876126521776,399.695247206523,721.6697252399952,49.77910668853078,1,COMBUSTION_IMBALANCE
2026-01-02 21:45:00,1491.8049492325088,90.0,77.67599408434933,88.5458250388005,4.668865086346019,628.7517905760725,48.15339527987872,7.412497997137577,399.7590200704509,718.1004601672971,49.71155001896329,1,COMBUSTION_IMBALANCE
2026-01-02 21:46:00,1492.6556221471483,90.0,78.10037371274667,89.2347956837168,4.611209196208546,633.7357639389713,57.19885809505838,7.328364180643635,401.27647401776017,722.7768982807488,49.807597603288706,1,COMBUSTION_IMBALANCE
2026-01-02 21:47:00,1493.9049563139056,90.0,76.707929545067,88.46371896737179,4.865953728944803,606.0658091416071,53.1575353269902,7.576835492277861,401.1359563356621,724.3004253387141,49.75492305301361,1,COMBUSTION_IMBALANCE
2026-01-02 21:48:00,1490.3782121275995,90.0,77.3785199907712,87.80125532981953,4.620756425610753,614.1716162157539,57.25487193124431,7.090233743921443,400.9076995236384,721.8980502820724,49.64925680463632,1,COMBUSTION_IMBALANCE
2026-01-02 21:49:00,1492.733628086571,90.0,78.29971643474607,87.50068923737295,4.817897948407485,610.5013369928984,50.636365501402544,7.293075580940778,399.57957593038424,715.8190644273084,49.78746457450036,1,COMBUSTION_IMBALANCE
2026-01-02 21:50:00,1490.5190197873358,90.0,76.48449659389067,89.33415555978219,4.624417187966135,610.7976092513502,52.499357975623646,7.465834934614447,397.9290217448348,719.0929698264141,49.684120332081456,1,COMBUSTION_IMBALANCE
2026-01-02 21:51:00,1493.729648876982,90.0,79.14970947469337,88.73925223707536,4.612934361942637,626.8590825542987,51.637886062715275,7.574016901432103,400.618106705599,724.7391038820623,49.82021944352374,1,COMBUSTION_IMBALANCE
2026-01-02 21:52:00,1492.3028060959034,90.0,75.72925178030538,88.7721284250208,4.664173568807295,601.8803845463387,54.92204731573348,7.8390570127361485,400.78775396989323,713.0849109562777,49.75531834690136,1,COMBUSTION_IMBALANCE
2026-01-02 21:53:00,1492.5969036279628,90.0,79.4524544158558,89.24482392114572,4.777095126297497,619.6646969093631,56.53164763335617,7.142194954473812,396.41720280628346,709.5341098880442,49.77721138690967,1,COMBUSTION_IMBALANCE
2026-01-02 21:54:00,1490.434802805163,90.0,78.40148527097556,87.67413252813695,4.609370773777453,622.2823810730587,53.776802951687806,7.2695915171625485,398.748492720126,727.5404142507201,49.65954503421496,1,COMBUSTION_IMBALANCE
2026-01-02 21:55:00,1493.4140647192216,90.0,77.1795073545129,88.32069939238403,4.762331538202989,613.5784882639819,51.12146269099142,6.946718685354533,398.96341843390917,722.5570762751094,49.79205537107558,1,COMBUSTION_IMBALANCE
2026-01-02 21:56:00,1496.169425842462,90.0,76.82901160341487,88.3819650851924,4.636284698529013,623.9306782698677,49.96164658251442,7.178026198529427,400.17752530168514,723.0336500126006,49.825945544463934,1,COMBUSTION_IMBALANCE
2026-01-02 21:57:00,1489.9841766091436,90.0,76.71212834567406,88.87113761660343,4.644500560643326,616.4765184053745,54.71238713461661,7.046214940613192,398.79495935085146,714.6159151318648,49.73056090142995,1,COMBUSTION_IMBALANCE
2026-01-02 21:58:00,1491.3204819847049,90.0,77.12790888291215,88.15367988744948,4.7769905611551176,627.1712992115612,54.24808881651642,7.295740520987135,399.94279814676304,723.6876403173327,49.678968996982626,1,COMBUSTION_IMBALANCE
2026-01-02 21:59:00,1492.4632149483361,90.0,77.22568463506532,87.89931312824254,4.959362020429597,599.7779469507415,54.97712574255156,7.354326881471674,399.6841975894705,721.3762434378418,49.80521620598867,1,COMBUSTION_IMBALANCE
2026-01-02 22:00:00,1493.5728124239915,90.0,78.68585339623074,87.89482567450138,4.651001787511212,611.5122473899313,51.06614842262529,7.493890847967512,399.7612757926934,712.078362110758,49.77408006608391,1,COMBUSTION_IMBALANCE
2026-01-02 22:01:00,1490.880907429421,90.0,79.48489259243074,89.07470903813594,4.790493877602981,614.2818685714897,52.28912693224508,7.340280093936016,398.9254085594489,727.1214170713693,49.706130198185235,1,COMBUSTION_IMBALANCE
2026-01-02 22:02:00,1486.3339394197146,90.0,77.5033055111325,88.12873395309838,4.706154083214736,588.2779261552865,50.08919479453804,7.493987416082431,399.0415224189,720.7934166180936,49.519716419779286,1,COMBUSTION_IMBALANCE
2026-01-02 22:03:00,1494.7183789883281,90.0,76.33289609345188,88.22399125783902,4.68804582936354,604.1404726642146,54.959495865510796,7.422814833418789,398.379599410329,718.0195801696036,49.7731461947192,1,COMBUSTION_IMBALANCE
2026-01-02 22:04:00,1493.5210122391684,90.0,76.66878683448746,88.81724907536388,4.830792619467738,606.8640074564121,51.378515248312226,7.193335358849963,400.57010116086076,718.1100512700739,49.69679572192535,1,COMBUSTION_IMBALANCE
2026-01-02 22:05:00,1488.5141049390268,90.0,77.07493832123538,88.15052729588248,4.652637172996362,624.4820599482335,55.87454897238976,7.062745258831825,400.8566539428871,709.9238904728381,49.56437062337127,1,COMBUSTION_IMBALANCE
2026-01-02 22:06:00,1490.784862416441,90.0,76.12626324206762,87.6475257886221,4.631638161548082,607.931566536854,54.089831523991435,7.516736399979213,398.844073074812,722.9666829981568,49.6766333045539,1,COMBUSTION_IMBALANCE
2026-01-02 22:07:00,1495.1363648590548,90.0,75.95958562963973,87.70914941313748,4.791834591259159,606.8192101269402,52.70763986074483,7.729300597002901,402.2809601440256,721.3092860362286,49.848472787576604,1,COMBUSTION_IMBALANCE
2026-01-02 22:08:00,1494.8955928369157,90.0,79.6287824778578,88.4715963016422,4.890046453615831,623.1748578065619,50.5437989820886,7.907077002336403,399.5280978288369,719.0295993383345,49.88037206022802,1,COMBUSTION_IMBALANCE
2026-01-02 22:09:00,1493.8772800453578,90.0,77.61892714905981,88.74866421518254,4.800026186225464,598.8208935420995,56.11946181988014,7.587090940246924,402.29527843569485,726.3924260372584,49.77362146185542,1,COMBUSTION_IMBALANCE
2026-01-02 22:10:00,1491.6477751320804,90.0,76.34689089027802,88.39887737807472,4.591320714364852,594.2875593255643,49.803371954509515,7.691503042388812,399.0368092392526,713.0807049050208,49.67749446618932,1,COMBUSTION_IMBALANCE
2026-01-02 22:11:00,1492.165974837625,90.0,78.19459599880065,88.71522135190446,4.664162268565019,611.3840769993066,51.25079539927709,7.492291940807787,396.96013333510086,717.0161376181619,49.666730088620696,1,COMBUSTION_IMBALANCE
2026-01-02 22:12:00,1491.7381483897477,90.0,75.96025234021633,87.69358123699611,4.844088199417759,600.5229323192165,56.48657150234756,7.460401877118042,400.6032967373685,715.7499587261981,49.74860812722013,1,COMBUSTION_IMBALANCE
2026-01-02 22:13:00,1494.2564795665376,90.0,76.05246650638442,87.72734822951587,4.903564057200542,600.9032070534035,54.037061952085516,7.4222002047583056,400.37281765767847,718.6060251011422,49.877709044651056,1,COMBUSTION_IMBALANCE
2026-01-02 22:14:00,1490.2483151870097,90.0,76.38059251080806,89.62696795814705,4.730331773364501,620.7343379168798,54.2246196414928,7.378838071195827,400.0515906929614,720.3373501262861,49.7382603529648,1,COMBUSTION_IMBALANCE
2026-01-02 22:15:00,1490.3884006902315,90.0,79.13305487456884,89.11639213606827,4.659754903867856,623.7597383791258,50.539415464438655,7.521415311085827,399.036651282334,722.1500676190568,49.71510999374841,1,COMBUSTION_IMBALANCE
2026-01-02 22:16:00,1494.020549173672,90.0,76.99677432632824,88.8844859459492,4.886912165017878,622.8886421585213,55.923457541909166,7.295880583727055,399.9481416617713,718.2651327344744,49.832612138319114,1,COMBUSTION_IMBALANCE
2026-01-02 22:17:00,1491.911277088977,90.0,74.54528817466922,88.1701376646327,4.729137888191829,626.0877666030723,50.621004600920166,7.3705115096825615,399.2331108131957,715.6132213242255,49.815257091951366,1,COMBUSTION_IMBALANCE
2026-01-02 22:18:00,1494.7569347109077,90.0,78.63527384515668,88.3809969046347,4.67179920449187,627.411343200148,51.138020482489935,7.164406743407122,399.5464756505024,728.4300347488522,49.84183523010109,1,COMBUSTION_IMBALANCE
2026-01-02 22:19:00,1490.656975586039,90.0,76.93685287213816,88.49916134143312,4.652523519353834,593.7140979117307,51.640249627808394,7.4949853338129815,401.2624483836476,732.0582009589428,49.720872336669174,1,COMBUSTION_IMBALANCE
2026-01-02 22:20:00,1491.8904432793224,90.0,75.2086630334162,89.15717305685818,4.59735470416395,619.5041195992947,51.34176395682881,7.208180491770699,400.2763258442951,720.7164333594101,49.71364224955148,1,COMBUSTION_IMBALANCE
2026-01-02 22:21:00,1490.155174030312,90.0,76.92531449348098,88.70139138322247,5.009330215281211,609.7039180043045,56.256165289273255,7.406748998096043,400.914927080998,716.2160981648957,49.603736965801,1,COMBUSTION_IMBALANCE
2026-01-02 22:22:00,1492.0147253628472,90.0,77.8635243641975,88.76295690064383,4.866836648533182,607.5257575400956,53.94481055465649,7.500098218728477,399.6521972400613,727.3772706552114,49.699631733736595,1,COMBUSTION_IMBALANCE
2026-01-02 22:23:00,1489.0429061260024,90.0,77.73253506651693,88.41617253244118,4.666047217746149,620.6041463220871,53.01125347896114,7.517178286273962,399.48697398129286,712.7662144683577,49.63430558560668,1,COMBUSTION_IMBALANCE
2026-01-02 22:24:00,1491.0247331580902,90.0,79.2942247766646,88.89633253341997,4.895255942003793,597.6970452010424,58.08304257033218,7.554301707563087,398.26977620366705,718.3261333764758,49.703863707228074,1,COMBUSTION_IMBALANCE
2026-01-02 22:25:00,1489.1274922701439,90.0,76.32489999392168,88.65116137371557,4.780306989866004,597.4889139412768,52.30148178375697,7.357341694970389,399.4449450811477,716.5194147432685,49.73389736841423,1,COMBUSTION_IMBALANCE
2026-01-02 22:26:00,1493.3878464663826,90.0,77.33232653469679,88.52201136637277,4.776970572804459,621.3357274408172,50.69287082105495,7.497212755877937,395.0183281666163,714.2023222477476,49.78365874059231,1,COMBUSTION_IMBALANCE
2026-01-02 22:27:00,1493.4331786795194,90.0,76.49648240799218,88.1284579139068,4.665639138710261,619.8778601751089,52.59715333003582,7.302674947377559,399.1146670505415,718.5998788353911,49.840048128185266,1,COMBUSTION_IMBALANCE
2026-01-02 22:28:00,1488.5394745390313,90.0,75.55274395851032,88.44321412894911,4.679722999606423,616.3673265587151,52.959423980079826,7.005825257397955,399.87718873421375,715.6791396041302,49.59622862255556,1,COMBUSTION_IMBALANCE
2026-01-02 22:29:00,1494.667771491001,90.0,78.27179065698267,87.96023364810995,4.7365529235794765,606.2008659527686,53.00900661286444,7.506061854748312,400.84551048140526,720.0632723207433,49.806675255411776,1,COMBUSTION_IMBALANCE
2026-01-02 22:30:00,1496.9948302528396,90.0,77.79886191744522,88.47993049700645,4.533846490615859,622.4382963458213,48.50209998668938,7.459697621372828,399.59698318371255,720.1358858383624,49.83337729323348,1,COMBUSTION_IMBALANCE
2026-01-02 22:31:00,1492.0920127734728,90.0,77.59771986366272,88.54445567898237,4.680428872080445,621.8030289206048,54.07099416209958,7.602664700579827,400.5215103133675,716.8933413823901,49.699284025138596,1,COMBUSTION_IMBALANCE
2026-01-02 22:32:00,1490.7177714795507,90.0,77.75800501644969,87.29774080769677,4.754494146969407,615.8530451504745,53.46680144418303,7.394942257425679,396.7303170079146,718.1474332170307,49.716941452219885,1,COMBUSTION_IMBALANCE
2026-01-02 22:33:00,1497.648661182006,90.0,76.51227040498898,88.38483023044968,4.86325528603773,603.2267895873023,53.9838876965738,7.079367326856517,399.9147447216896,718.8457551604814,49.9220000484199,1,COMBUSTION_IMBALANCE
2026-01-02 22:34:00,1489.362063003395,90.0,76.15362150220363,87.91205989769763,4.68010404743919,610.747516542705,50.51078723373591,7.381673843127155,397.4807458106299,724.0492303055971,49.69254903110803,1,COMBUSTION_IMBALANCE
2026-01-02 22:35:00,1492.0402129337383,90.0,77.32216505682969,88.74931966275828,4.806227417856282,623.3783367752444,52.445022015116265,7.577316112947946,398.187544726511,719.2578529946791,49.743736461875194,1,COMBUSTION_IMBALANCE
2026-01-02 22:36:00,1492.359244545264,90.0,78.58055677070101,88.81857987177543,4.517579020557375,628.2719122280179,53.79474979515431,7.495206961759285,399.7192516782042,724.1235087039305,49.72768546492691,1,COMBUSTION_IMBALANCE
2026-01-02 22:37:00,1494.6902952409048,90.0,79.08104639170797,88.28683009116727,4.850966415723928,611.7346339662367,51.90781195558703,7.3706510854210325,401.91439598181034,722.9290649177733,49.93042468455284,1,COMBUSTION_IMBALANCE
2026-01-02 22:38:00,1492.7194779502536,90.0,78.17088463162433,88.77451104356089,4.634475082417606,612.5032703219174,56.28428109619389,7.067288154417364,400.5568101452051,722.8576534845037,49.75262075323946,1,COMBUSTION_IMBALANCE
2026-01-02 22:39:00,1491.0027322084231,90.0,77.31267535798027,88.79553346816746,4.737116627544126,613.3831089197494,54.66309992502192,7.194796609019216,400.0273464957057,726.9392298517299,49.75824112209937,1,COMBUSTION_IMBALANCE
2026-01-02 22:40:00,1490.097631259224,90.0,77.58215800092793,88.38514208029405,4.772931470312041,617.7489300891098,55.154193154445785,7.495447772370273,399.97070441579933,714.4030456012705,49.6498605816469,1,COMBUSTION_IMBALANCE
2026-01-02 22:41:00,1491.3163563595078,90.0,77.29298512244442,89.26714348765175,4.735675085982551,609.1893269993998,56.8481231127988,7.0669685695851445,398.92955666019327,717.6340844684644,49.746025185952774,1,COMBUSTION_IMBALANCE
2026-01-02 22:42:00,1489.9861452781097,90.0,76.13094345953665,88.13746253149668,4.726572773504669,586.0581494242841,56.20904421327127,7.336351017048633,399.184024879941,728.8164940014979,49.71260562556124,1,COMBUSTION_IMBALANCE
2026-01-02 22:43:00,1492.0956506395694,90.0,77.30760506359582,89.2356828516265,4.591134714430141,626.9276900164709,52.77543525994998,7.407684435795284,400.6410640682062,718.7134174970537,49.74694628651442,1,COMBUSTION_IMBALANCE
2026-01-02 22:44:00,1490.871607640279,90.0,75.7849939643009,88.38740028540833,4.643297902462884,632.9468894716255,53.26931819335688,7.629987431168012,397.92195922233327,705.9243815504708,49.577996108541136,1,COMBUSTION_IMBALANCE
2026-01-02 22:45:00,1489.0119244134205,90.0,77.1410335067646,88.07833682338695,4.838076457854422,608.8760014039428,56.88169154124725,7.522898110226109,400.88958107542453,718.9851582842606,49.63464343682349,1,COMBUSTION_IMBALANCE
2026-01-02 22:46:00,1494.5102915767498,90.0,79.11243772386788,88.32422576209774,4.673777738878703,604.3334663108122,54.04328533276413,7.592562246564793,399.4172393993217,720.6746976508163,49.87853272161299,1,COMBUSTION_IMBALANCE
2026-01-02 22:47:00,1491.0046549531419,90.0,78.20160232951736,87.95030538613527,4.730664332940945,613.6289947760978,53.112861738624275,7.460370664806522,401.23833561230435,706.914434412844,49.72652920675612,1,COMBUSTION_IMBALANCE
2026-01-02 22:48:00,1489.4637263900495,90.0,76.24610651365509,88.89227893369453,4.572945795617051,613.1249611627122,54.692004945093075,7.230917803557702,401.44164018584814,726.6696781994398,49.67108282342978,1,COMBUSTION_IMBALANCE
2026-01-02 22:49:00,1491.6634817310248,90.0,77.19887944200065,87.69861551096228,4.831885025933246,624.9551857716295,53.05954535064592,7.27726790641829,397.49037398124136,716.4314376806719,49.63600321100296,1,COMBUSTION_IMBALANCE
2026-01-02 22:50:00,1492.1367431319354,90.0,76.3454985308347,89.19480427688434,4.584155610448304,615.5463944164504,52.93962113210312,7.213468072151744,399.1276288551592,721.6428155759376,49.70186868419743,1,COMBUSTION_IMBALANCE
2026-01-02 22:51:00,1488.507066548842,90.0,77.20998457964153,88.0320663991267,4.8309549528776765,607.0737716962882,51.94409128442919,7.518156168385241,398.71670846808905,718.8700922732797,49.63747009985231,1,COMBUSTION_IMBALANCE
2026-01-02 22:52:00,1492.6632953342514,90.0,78.44604075450751,88.9183266859229,4.615362290217199,601.8159054944196,51.60158675825874,7.261215556215488,397.28090805239026,713.5582429039798,49.77596234164773,1,COMBUSTION_IMBALANCE
2026-01-02 22:53:00,1489.9056848626194,90.0,78.0113688909071,88.51211293053017,4.831208544422174,623.6563418481967,51.0065457645134,7.321199937394303,398.4512000856859,714.6474593268229,49.72425616776063,1,COMBUSTION_IMBALANCE
2026-01-02 22:54:00,1495.4220576183816,90.0,80.06224137043479,88.63540764152472,4.728311138700138,620.9951124116425,56.27795359297416,7.4044982476373695,403.661883767898,715.3245858178623,49.840158582855416,1,COMBUSTION_IMBALANCE
2026-01-02 22:55:00,1493.0479210241535,90.0,78.6155746908085,88.20497831436124,4.680024694068066,625.6055987809182,51.139802251817024,7.728262489316256,400.91426484431867,725.4283595459182,49.78855523847214,1,COMBUSTION_IMBALANCE
2026-01-02 22:56:00,1491.2002000197813,90.0,77.50848042680703,88.6764040001665,4.886512095541482,605.3181324927891,49.63912846566153,7.531426781588646,402.8759319529086,719.2623090594992,49.70749204608928,1,COMBUSTION_IMBALANCE
2026-01-02 22:57:00,1490.5096644593652,90.0,78.0384079710293,88.56748714427536,4.721764757832669,633.3843689952832,51.03139646170189,7.245429315079778,401.2436476600275,717.3906724172413,49.63430834515376,1,COMBUSTION_IMBALANCE
2026-01-02 22:58:00,1491.7900645848727,90.0,77.05326364491468,87.77104446591527,4.708397881356097,597.5630549294276,52.98474905006017,7.430369531446578,398.8872352584873,715.3269554370488,49.61354591960768,1,COMBUSTION_IMBALANCE
2026-01-02 22:59:00,1493.2255814831665,90.0,76.01719524326313,88.0187499985333,4.830536792789135,622.0960102140148,56.88821279676506,7.730262352099167,399.4273432049889,725.9807511076307,49.79573653404539,1,COMBUSTION_IMBALANCE
2026-01-02 23:00:00,1491.9490117428295,90.0,78.74246976768202,88.22954394449502,4.5873634099581,595.904172328031,52.072341809442435,7.523035865685788,400.88265427036043,727.3210063626179,49.74033108518162,1,COMBUSTION_IMBALANCE
2026-01-02 23:01:00,1491.5656823857262,90.0,78.41007045416345,88.1225017409367,4.484833404779606,607.0966861830153,51.00132264454195,7.080349528100188,400.6562593052096,725.9237194935334,49.6879473274192,1,COMBUSTION_IMBALANCE
2026-01-02 23:02:00,1492.116740581636,90.0,77.01001927965477,89.12640547269176,4.833269887909852,630.6102293044796,52.34599229248589,7.216952114272447,399.1339869764375,722.4621866957708,49.65626603322874,1,COMBUSTION_IMBALANCE
2026-01-02 23:03:00,1490.7922821375262,90.0,77.5868080253631,88.50350709192368,4.6462996502963225,623.3136425447599,55.353306288501706,7.201612899499375,397.7350102441312,721.4491502093535,49.724563046971305,1,COMBUSTION_IMBALANCE
2026-01-02 23:04:00,1491.313588146314,90.0,78.669851889871,88.11066432617999,4.82424895601505,609.5377958451281,52.60853774914028,7.688145965071993,404.9316417810831,713.9203109101205,49.69715693450069,1,COMBUSTION_IMBALANCE
2026-01-02 23:05:00,1487.8284151221899,90.0,78.22791359735074,88.2546150879984,4.739523935417834,609.8116295717831,53.13544763480115,7.651256247172731,399.7882754914858,718.7709043664447,49.622124240191404,1,COMBUSTION_IMBALANCE
2026-01-02 23:06:00,1493.9474524617046,90.0,75.64132659860034,88.24776845822639,4.618645684422725,616.0062211083545,50.70377716973334,7.274992604442877,399.5113916602261,716.5806989832678,49.891450841910746,1,COMBUSTION_IMBALANCE
2026-01-02 23:07:00,1492.5975955606434,90.0,77.5528544240686,88.3559752639974,4.793608736687472,620.1414099076072,52.529872184316986,7.270683956038534,400.17000169585793,710.8724394550765,49.64618164133879,1,COMBUSTION_IMBALANCE
2026-01-02 23:08:00,1490.4530883119332,90.0,77.09225269145304,87.96233529764012,4.69973627502409,627.515793826827,57.24947892135951,7.408938356532456,399.6359071160335,725.2852170958269,49.64678956996266,1,COMBUSTION_IMBALANCE
2026-01-02 23:09:00,1495.7974699627105,90.0,78.52656078303534,88.09303444470127,4.630405277475323,610.437659953915,51.993970641332396,7.414933809218692,400.1840933615582,716.5208502680387,49.84944688475809,1,COMBUSTION_IMBALANCE
2026-01-02 23:10:00,1492.1740329607849,90.0,78.43476786743659,88.88330345558204,4.617204293668684,598.882149365128,50.178172534940884,7.2075348141354,401.9304209291746,725.9797095371765,49.8118757407335,1,COMBUSTION_IMBALANCE
2026-01-02 23:11:00,1489.9277128560495,90.0,78.75684076755942,88.59267155168338,4.554862693549159,616.5696862704876,56.86598416278648,7.350173865020292,399.81317728047037,724.4087320038001,49.58243694424132,1,COMBUSTION_IMBALANCE
2026-01-02 23:12:00,1493.713474842941,90.0,76.02795834063338,88.42383122672983,4.771825863683677,610.425691624916,57.48208715835594,7.109279346029358,398.25593434100836,722.7835898831671,49.8872422127154,1,COMBUSTION_IMBALANCE
2026-01-02 23:13:00,1492.7960964330184,90.0,76.40179508185702,88.50131140865749,4.636433697382332,601.9936629525155,48.76359657547043,7.654464140982207,399.75753430828206,723.0644203588159,49.766662676178925,1,COMBUSTION_IMBALANCE
2026-01-02 23:14:00,1492.7891599709685,90.0,78.5277723284717,88.47721962171222,4.72698339479527,617.976689153128,57.29493525995876,7.047933897433664,399.30339732788514,716.9234305896315,49.754838632612255,1,COMBUSTION_IMBALANCE
2026-01-02 23:15:00,1491.1484887906968,90.0,76.61735668681646,88.3954344476341,4.713919061596081,612.8688624590721,55.471104763634465,7.04571211562145,402.13584840587026,729.2892507564533,49.69504663819561,1,COMBUSTION_IMBALANCE
2026-01-02 23:16:00,1492.9009914475562,90.0,75.57599506137598,88.75855241935366,4.63067328349496,618.0651220646979,51.58114372923326,7.487007890902386,401.7566785971064,720.2156271547652,49.741553229976205,1,COMBUSTION_IMBALANCE
2026-01-02 23:17:00,1491.4764834195578,90.0,77.87650806612777,88.72157999292389,4.57327842872764,606.0555579981282,52.70217059363489,7.152624752433189,400.1612875006462,721.5096584255936,49.76828861861538,1,COMBUSTION_IMBALANCE
2026-01-02 23:18:00,1493.1118829032916,90.0,76.66711534690211,87.71411851338632,4.999088712645286,619.867105303255,52.74782425026359,7.299807008373092,398.0818962177711,716.7546183321668,49.71697005907227,1,COMBUSTION_IMBALANCE
2026-01-02 23:19:00,1488.1901110919787,90.0,79.28456566274542,88.4342189070453,4.726462369261268,601.8290180324502,50.4351739955703,7.412634572220523,398.16116160484006,715.3441736961151,49.62360774548148,1,COMBUSTION_IMBALANCE
2026-01-02 23:20:00,1491.1322530740417,90.0,77.61172670046709,87.74709030032955,4.927396489269439,606.7226861030342,51.82099712482431,7.535060165973367,400.02268489237684,722.3864800440471,49.685199352516044,1,COMBUSTION_IMBALANCE
2026-01-02 23:21:00,1495.4443101956165,90.0,77.45949040103866,88.81778860172778,4.840137906338123,612.5708576891273,54.87307846325125,7.355783576410225,400.50448445398195,721.0875674796939,49.81003700076151,1,COMBUSTION_IMBALANCE
2026-01-02 23:22:00,1490.4658650891995,90.0,76.86644684139037,88.88383327842507,4.690206804282458,632.4181841495971,57.53583091417514,7.7558343594559584,399.43806577101094,716.0532381704871,49.81149426175751,1,COMBUSTION_IMBALANCE
2026-01-02 23:23:00,1490.7923234050136,90.0,79.06173557399822,88.19461055117908,4.754204252710399,622.8482536854849,53.08268779676906,7.399912202268018,399.27974562368917,712.807866406123,49.71402998357146,1,COMBUSTION_IMBALANCE
2026-01-02 23:24:00,1491.1040773231,90.0,77.6815809950766,88.44162052233257,4.746359167750064,625.7719250426779,52.5687952792494,7.638158941651748,399.110801150232,713.6503845633623,49.73413252133639,1,COMBUSTION_IMBALANCE
2026-01-02 23:25:00,1489.5703877282226,90.0,76.82248053966505,87.44427985143881,4.935534471864468,629.1707703334314,52.75960742290849,7.455711156073299,399.96490905963407,725.9806685854555,49.70923509664085,1,COMBUSTION_IMBALANCE
2026-01-02 23:26:00,1487.5834384475436,90.0,76.3906262486019,88.98639490704595,4.803255471023422,651.0283213581088,53.50128915909937,7.826241951601466,396.4258564718904,716.9337309267496,49.51504711765219,1,COMBUSTION_IMBALANCE
2026-01-02 23:27:00,1491.5388272029527,90.0,77.19771017888809,88.85483687012562,4.64217598799486,615.4158906755844,56.37089207852711,7.611672700784838,398.34801005684545,718.3054572716209,49.805575502221195,1,COMBUSTION_IMBALANCE
2026-01-02 23:28:00,1492.2717188481633,90.0,76.18503554238663,89.0750426308687,4.753661031038099,629.2040092312985,52.134146682469435,7.408693955094522,399.059423731829,727.2517012937953,49.61694276934736,1,COMBUSTION_IMBALANCE
2026-01-02 23:29:00,1491.8949898629228,90.0,78.43234273468042,89.24327207016847,4.795565992738656,625.1263525440194,55.2551705494427,7.525766143381496,401.81125479242786,714.389247192568,49.69139467492884,1,COMBUSTION_IMBALANCE
2026-01-02 23:30:00,1491.7102428761043,90.0,75.25465689949286,87.88794535351154,4.624709188039263,624.9603250330753,52.39597401097072,7.347836828893813,398.7792795371066,716.3650258714147,49.700723178877865,1,COMBUSTION_IMBALANCE
2026-01-02 23:31:00,1492.0860817417008,90.0,77.12374428826698,88.94402210081915,4.770534492464152,632.7423961804018,54.36551029118269,7.345820032328977,400.2707022127468,716.1561658571966,49.76528889297189,1,COMBUSTION_IMBALANCE
2026-01-02 23:32:00,1494.0456829431016,90.0,77.9633495704985,89.23965222220916,4.849755851176329,610.8068696901553,51.57352333244666,7.139317834392883,400.3398141263965,728.0903424058301,49.81245867807713,1,COMBUSTION_IMBALANCE
2026-01-02 23:33:00,1491.6191076281416,90.0,77.66317375052282,87.75271106448531,4.659198513547779,610.0131497606362,51.72193811609067,7.238347679506575,401.94687475849116,729.9669175029121,49.712296183903135,1,COMBUSTION_IMBALANCE
2026-01-02 23:34:00,1490.8518348458254,90.0,76.47664307022245,88.41439439407708,4.659780255360007,618.1976551348187,51.776894334288514,7.8121942770311446,401.8938661104462,723.7578161270109,49.694461294296126,1,COMBUSTION_IMBALANCE
2026-01-02 23:35:00,1491.4377490302238,90.0,78.01948975151133,88.31829900838521,4.8496812703670305,613.1730022807811,58.043271859231425,7.159193725744284,399.9137455468076,723.9169236207712,49.66569048316466,1,COMBUSTION_IMBALANCE
2026-01-02 23:36:00,1493.1586935195135,90.0,76.28763588500779,88.92773093209568,4.686021750067438,618.1850085299817,53.38629675168319,7.268901457443272,399.2867728882158,717.0982249857364,49.69709483092624,1,COMBUSTION_IMBALANCE
2026-01-02 23:37:00,1494.8240537570864,90.0,77.25492918472358,87.3030294668279,4.655738569321532,630.6274878505301,57.6853643540441,7.381256264608179,399.0042503457615,729.7366424345214,49.863794039686354,1,COMBUSTION_IMBALANCE
2026-01-02 23:38:00,1490.7437125216616,90.0,78.01006256061801,89.40797884811603,4.800067727341086,610.2185327729372,51.564800426364066,7.387918141049486,399.6384051663013,721.3384812717933,49.726142389682195,1,COMBUSTION_IMBALANCE
2026-01-02 23:39:00,1492.1978675740577,90.0,77.79846231303229,88.44373146790264,4.788810794314531,611.9532103740627,51.961765130642185,7.476745163946192,399.3489499685146,724.2655513222487,49.81915363789311,1,COMBUSTION_IMBALANCE
2026-01-02 23:40:00,1492.676714883872,90.0,76.5239563072102,88.9580472010085,4.7302784467294385,616.7431100352658,51.9311620657012,7.306175858377188,400.83044111403734,719.4723753061452,49.7163896412883,1,COMBUSTION_IMBALANCE
2026-01-02 23:41:00,1490.0148439865422,90.0,78.62119385855209,88.46988138115414,4.8430606352217875,612.7168157397483,53.89993389514165,7.489075273399267,400.6304647262278,718.6598370633619,49.70180222673312,1,COMBUSTION_IMBALANCE
2026-01-02 23:42:00,1492.0408343344259,90.0,77.3770979200638,88.74606252548976,4.844642273809661,595.8599417198651,54.81810571637473,7.628477088229345,400.8877017867175,728.3152112979806,49.72050914139596,1,COMBUSTION_IMBALANCE
2026-01-02 23:43:00,1489.068652285316,90.0,78.11215486025185,87.33929087069185,4.744931891703885,609.1987235730106,57.61659255096011,7.653326468796299,401.8889255671543,722.6986183986916,49.69514549210354,1,COMBUSTION_IMBALANCE
2026-01-02 23:44:00,1488.4618993925212,90.0,78.99259312747404,88.30755881359957,4.931281462483279,621.873732422375,54.49118662414004,7.3464976398726325,402.7943036821003,727.256877305352,49.66649478525128,1,COMBUSTION_IMBALANCE
2026-01-02 23:45:00,1492.7334928157845,90.0,78.53162301462757,88.92388060567177,4.879861383229264,629.3754675093264,55.380503592532946,7.522268685780593,400.18699509011134,721.2766408587253,49.76834356382071,1,COMBUSTION_IMBALANCE
2026-01-02 23:46:00,1491.2322505173383,90.0,78.53454493509078,88.64436617335677,4.5286828315438035,603.4538143246227,57.15684418331386,7.170773275571762,401.64919565709346,715.7581673178845,49.69076517607798,1,COMBUSTION_IMBALANCE
2026-01-02 23:47:00,1492.4045608152423,90.0,77.49580152143142,87.68157945363654,4.643356668583952,603.4071760076915,52.94983426046532,7.255656790945534,399.47250972424865,717.0832853356076,49.794865302771825,1,COMBUSTION_IMBALANCE
2026-01-02 23:48:00,1491.9642100459832,90.0,78.16920733541977,88.53071244693824,4.503856569097011,615.3023380271734,55.869804410059004,7.1652533202618915,401.7775104753745,720.5148262123231,49.764485561028934,1,COMBUSTION_IMBALANCE
2026-01-02 23:49:00,1490.0471999026724,90.0,77.51922816351204,88.09062883706918,4.7057159237861415,594.2440493512216,57.687656797434755,7.390851062248069,401.59226373576377,716.8674989197833,49.63401797665144,1,COMBUSTION_IMBALANCE
2026-01-02 23:50:00,1491.9094913960714,90.0,75.92555659608819,88.04729037441321,4.61793237268173,610.5502979701288,52.61568173652136,7.228156144728011,401.5126239549145,714.4626929568616,49.66392644619507,1,COMBUSTION_IMBALANCE
2026-01-02 23:51:00,1489.5337973899702,90.0,77.61907304760565,87.73965286334158,4.663775102859201,597.6395794044861,56.830053360679685,7.095861288239041,400.1411047617873,726.0070851589351,49.63669993463158,1,COMBUSTION_IMBALANCE
2026-01-02 23:52:00,1494.7819447160027,90.0,77.56712430178709,88.80935131095349,4.8328697884592176,628.6906129984246,51.351915816192246,7.32279895548377,398.99746275401367,717.2756496458825,49.90183551463417,1,COMBUSTION_IMBALANCE
2026-01-02 23:53:00,1489.28805931028,90.0,77.93377688490445,89.05650722196775,4.543386949587137,607.306688456496,51.89366482499025,7.054283244843809,397.9082073432018,720.6909637389566,49.700259668279315,1,COMBUSTION_IMBALANCE
2026-01-02 23:54:00,1491.6084294580628,90.0,77.13664338776101,89.56007156708135,4.721772142761454,631.5283418633903,52.700363310367194,7.665438620729228,399.93994418871836,721.480667949428,49.66466460845189,1,COMBUSTION_IMBALANCE
2026-01-02 23:55:00,1489.9154568239055,90.0,76.42716977642449,87.76297580412846,4.757108128165473,626.1352135345834,51.05959600371976,7.288495387751345,402.29951881337377,717.0592343733972,49.605460690001856,1,COMBUSTION_IMBALANCE
2026-01-02 23:56:00,1493.1408423467217,90.0,78.01528681315627,88.88368608061316,4.714087349632522,608.5368270230258,53.29650385368805,7.597063214727626,399.5352326479539,727.2539973315437,49.83509560404136,1,COMBUSTION_IMBALANCE
2026-01-02 23:57:00,1491.337137257437,90.0,75.80913503827749,88.91658568521038,4.73474615449377,604.2804036315392,55.62345984446882,7.301586501993006,401.1776898781901,714.414291193977,49.65445611334334,1,COMBUSTION_IMBALANCE
2026-01-02 23:58:00,1490.9626665607575,90.0,78.91387743215925,88.20974766139092,4.5125768757306055,613.0645425083242,50.420457743328875,7.16101243480988,401.2659271007784,721.3081263179039,49.72422031820735,1,COMBUSTION_IMBALANCE
2026-01-02 23:59:00,1493.706403090103,90.0,77.02081177145041,88.04121080729526,4.658220332274325,613.953533757418,48.82602930172175,7.635104794271184,399.57447066860925,721.230588531883,49.75940987556996,1,COMBUSTION_IMBALANCE
